# Blender 4.5.1 LTS
# www.blender.org
mtllib enemy.mtl
o Sphere
v 0.000000 0.875968 -0.946722
v 0.000000 0.825144 -1.857063
v 0.000000 0.742609 -2.696037
v 0.000000 0.631537 -3.431403
v 0.000000 0.496195 -4.034904
v 0.000000 0.341785 -4.483346
v 0.000000 0.174241 -4.759494
v 0.000000 -0.496196 -4.034904
v 0.000000 -0.631538 -3.431403
v 0.000000 -0.742611 -2.696037
v 0.184696 0.875968 -0.928532
v 0.362295 0.825144 -1.821379
v 0.525971 0.742609 -2.644233
v 0.669433 0.631537 -3.365471
v 0.787170 0.496195 -3.957373
v 0.874658 0.341785 -4.397199
v 0.928532 0.174241 -4.668040
v 0.928532 -0.174242 -4.668040
v 0.874658 -0.341786 -4.397199
v 0.787170 -0.496196 -3.957375
v 0.669433 -0.631538 -3.365471
v 0.525971 -0.742611 -2.644233
v 0.362295 -0.825144 -1.821379
v 0.184696 -0.995001 -0.928531
v 0.362295 0.875968 -0.874658
v 0.710667 0.825144 -1.715701
v 1.031729 0.742609 -2.490813
v 1.313141 0.631537 -3.170203
v 1.544091 0.496195 -3.727764
v 1.715701 0.341785 -4.142070
v 1.821379 0.174241 -4.397199
v 1.821379 -0.174242 -4.397199
v 1.715701 -0.341786 -4.142070
v 1.544091 -0.496196 -3.727766
v 1.313141 -0.631538 -3.170203
v 1.031729 -0.742611 -2.490813
v 0.710667 -0.825144 -1.715701
v 0.362295 -0.995001 -0.874657
v 0.525971 0.875968 -0.787170
v 1.031729 0.825144 -1.544091
v 1.497837 0.742609 -2.241672
v 1.906386 0.631537 -2.853108
v 2.241672 0.496195 -3.354900
v 2.490813 0.341785 -3.727766
v 2.644233 0.174241 -3.957373
v 2.644233 -0.174242 -3.957373
v 2.490813 -0.341786 -3.727766
v 2.241672 -0.496196 -3.354900
v 1.906386 -0.631538 -2.853108
v 1.497837 -0.742611 -2.241672
v 1.031729 -0.825144 -1.544091
v 0.525971 -0.995001 -0.787170
v 0.669433 0.875968 -0.669434
v 1.313142 0.825144 -1.313141
v 1.906386 0.742609 -1.906384
v 2.426368 0.631537 -2.426368
v 2.853106 0.496195 -2.853106
v 3.170203 0.341785 -3.170203
v 3.365469 0.174241 -3.365471
v 3.365469 -0.174242 -3.365471
v 3.170203 -0.341786 -3.170203
v 2.853108 -0.496196 -2.853106
v 2.426368 -0.631538 -2.426368
v 1.906386 -0.742611 -1.906384
v 1.313142 -0.825144 -1.313142
v 0.669433 -0.995001 -0.669433
v 0.787170 0.875969 -0.525971
v 1.544091 0.825144 -1.031729
v 2.241672 0.742609 -1.497837
v 2.853108 0.631537 -1.906386
v 3.354898 0.496195 -2.241672
v 3.727764 0.341785 -2.490813
v 3.957373 0.174241 -2.644233
v 3.957373 -0.174242 -2.644233
v 3.727766 -0.341786 -2.490813
v 3.354900 -0.496196 -2.241672
v 2.853108 -0.631538 -1.906386
v 2.241672 -0.742611 -1.497837
v 1.544091 -0.825144 -1.031728
v 0.787170 -0.995001 -0.525970
v 0.874658 0.875969 -0.362295
v 1.715701 0.825144 -0.710667
v 2.490813 0.742609 -1.031729
v 3.170203 0.631537 -1.313141
v 3.727764 0.496195 -1.544089
v 4.142070 0.341785 -1.715701
v 4.397197 0.174241 -1.821378
v 4.397197 -0.174242 -1.821378
v 4.142070 -0.341786 -1.715701
v 3.727764 -0.496196 -1.544089
v 3.170203 -0.631538 -1.313140
v 2.490813 -0.742611 -1.031728
v 1.715703 -0.825144 -0.710667
v 0.874658 -0.995001 -0.362295
v 0.928532 0.875969 -0.184697
v 1.821379 0.825144 -0.362295
v 2.644233 0.742609 -0.525971
v 3.365469 0.631537 -0.669434
v 3.957373 0.496195 -0.787170
v 4.397197 0.341785 -0.874658
v 4.668040 0.174241 -0.928530
v 4.668040 -0.174242 -0.928530
v 4.397199 -0.341786 -0.874656
v 3.957373 -0.496196 -0.787170
v 3.365469 -0.631538 -0.669433
v 2.644233 -0.742611 -0.525970
v 1.821379 -0.825144 -0.362295
v 0.928532 -0.995001 -0.184696
v 0.946722 0.875969 -0.000000
v 1.857063 0.825144 -0.000000
v 2.696035 0.742610 -0.000000
v 3.431403 0.631537 -0.000000
v 4.034903 0.496195 -0.000000
v 4.483344 0.341785 -0.000000
v 4.759493 0.174242 -0.000000
v 4.759493 -0.174242 0.000000
v 4.483344 -0.341785 0.000000
v 4.034903 -0.496195 0.000000
v 3.431403 -0.631537 0.000000
v 2.696035 -0.742611 0.000000
v 1.857063 -0.825144 0.000000
v 0.946722 -0.995001 0.000000
v 0.928532 0.875969 0.184696
v 1.821379 0.825144 0.362295
v 2.644231 0.742610 0.525970
v 3.365469 0.631538 0.669433
v 3.957372 0.496196 0.787171
v 4.397197 0.341786 0.874658
v 4.668039 0.174242 0.928532
v 4.668039 -0.174241 0.928532
v 4.397197 -0.341785 0.874658
v 3.957373 -0.496195 0.787171
v 3.365469 -0.631537 0.669434
v 2.644231 -0.742611 0.525971
v 1.821379 -0.825144 0.362295
v 0.928532 -0.995001 0.184697
v 0.874658 0.875969 0.362295
v 1.715701 0.825144 0.710667
v 2.490812 0.742610 1.031728
v 3.170202 0.631538 1.313140
v 3.727764 0.496196 1.544091
v 4.142068 0.341786 1.715701
v 4.397197 0.174242 1.821379
v 4.397197 -0.174241 1.821379
v 4.142070 -0.341785 1.715703
v 3.727764 -0.496195 1.544091
v 3.170202 -0.631537 1.313141
v 2.490812 -0.742611 1.031729
v 1.715701 -0.825144 0.710667
v 0.874658 -0.995001 0.362295
v 0.787170 0.875969 0.525970
v 1.544091 0.825144 1.031728
v 2.241672 0.742610 1.497837
v 2.853106 0.631538 1.906386
v 3.354898 0.496196 2.241672
v 3.727764 0.341786 2.490813
v 3.957372 0.174242 2.644233
v 3.957372 -0.174241 2.644233
v 3.727764 -0.341785 2.490813
v 3.354898 -0.496195 2.241672
v 2.853106 -0.631537 1.906386
v 2.241672 -0.742611 1.497837
v 1.544091 -0.825144 1.031729
v 0.787170 -0.995001 0.525971
v 0.669433 0.875969 0.669433
v 1.313141 0.825144 1.313142
v 1.906384 0.742610 1.906386
v 2.426368 0.631538 2.426368
v 2.853106 0.496196 2.853106
v 3.170202 0.341786 3.170202
v 3.365469 0.174242 3.365469
v 3.365469 -0.174241 3.365469
v 3.170202 -0.341785 3.170203
v 2.853106 -0.496195 2.853106
v 2.426368 -0.631537 2.426368
v 1.906384 -0.742611 1.906386
v 1.313142 -0.825144 1.313142
v 0.669433 -0.995002 0.669434
v 0.525971 0.875969 0.787171
v 1.031729 0.825144 1.544091
v 1.497837 0.742610 2.241672
v 1.906386 0.631538 2.853106
v 2.241671 0.496196 3.354898
v 2.490813 0.341786 3.727764
v 2.644231 0.174242 3.957373
v 2.644231 -0.174241 3.957373
v 2.490813 -0.341785 3.727766
v 2.241672 -0.496195 3.354898
v 1.906386 -0.631537 2.853106
v 1.497837 -0.742611 2.241672
v 1.031729 -0.825144 1.544091
v 0.525971 -0.995002 0.787172
v 0.362295 0.875969 0.874657
v 0.710667 0.825144 1.715703
v 1.031727 0.742610 2.490813
v 1.313141 0.631538 3.170203
v 1.544089 0.496196 3.727764
v 1.715701 0.341786 4.142068
v 1.821378 0.174242 4.397197
v 1.821378 -0.174241 4.397197
v 1.715701 -0.341785 4.142070
v 1.544089 -0.496195 3.727764
v 1.313141 -0.631537 3.170203
v 1.031727 -0.742611 2.490813
v 0.710667 -0.825144 1.715703
v 0.362295 -0.995002 0.874658
v 0.184696 0.875969 0.928531
v 0.362295 0.825144 1.821379
v 0.525971 0.742610 2.644233
v 0.669433 0.631538 3.365469
v 0.787170 0.496196 3.957372
v 0.874658 0.341786 4.397197
v 0.928530 0.174242 4.668039
v 0.928530 -0.174241 4.668039
v 0.874656 -0.341785 4.397197
v 0.787170 -0.496195 3.957372
v 0.669433 -0.631537 3.365469
v 0.525971 -0.742611 2.644233
v 0.362295 -0.825144 1.821379
v 0.184696 -0.995002 0.928532
v 0.000000 0.875969 0.946722
v 0.000000 0.825144 1.857063
v 0.000000 0.742610 2.696035
v 0.000000 0.631538 3.431403
v 0.000000 0.496196 4.034901
v 0.000000 0.341786 4.483344
v 0.000000 0.174242 4.759491
v 0.000000 -0.174241 4.759491
v -0.000002 -0.341785 4.483344
v 0.000000 -0.496195 4.034903
v 0.000000 -0.631537 3.431403
v 0.000000 -0.742611 2.696035
v 0.000000 -0.825144 1.857063
v 0.000000 -0.995002 0.946722
v -0.184696 0.875969 0.928531
v -0.362295 0.825144 1.821379
v -0.525971 0.742610 2.644231
v -0.669433 0.631538 3.365469
v -0.787170 0.496196 3.957372
v -0.874658 0.341786 4.397197
v -0.928532 0.174242 4.668039
v -0.928532 -0.174241 4.668039
v -0.874658 -0.341785 4.397197
v -0.787171 -0.496195 3.957372
v -0.669433 -0.631537 3.365469
v -0.525971 -0.742611 2.644231
v -0.362295 -0.825144 1.821379
v -0.184696 -0.995002 0.928532
v -0.362295 0.875969 0.874657
v -0.710667 0.825144 1.715701
v -1.031729 0.742610 2.490812
v -1.313141 0.631538 3.170202
v -1.544089 0.496196 3.727762
v -1.715701 0.341786 4.142068
v -1.821379 0.174242 4.397196
v -1.821379 -0.174241 4.397196
v -1.715701 -0.341785 4.142070
v -1.544091 -0.496195 3.727764
v -1.313141 -0.631537 3.170202
v -1.031729 -0.742611 2.490812
v -0.710667 -0.825144 1.715701
v -0.362295 -0.995002 0.874658
v -0.525971 0.875969 0.787171
v -1.031729 0.825144 1.544091
v -1.497837 0.742610 2.241671
v -1.906384 0.631538 2.853106
v -2.241671 0.496196 3.354898
v -2.490812 0.341786 3.727764
v -2.644231 0.174242 3.957372
v -2.644231 -0.174241 3.957372
v -2.490813 -0.341785 3.727764
v -2.241672 -0.496195 3.354898
v -1.906384 -0.631537 2.853106
v -1.497837 -0.742611 2.241671
v -1.031729 -0.825144 1.544091
v -0.525971 -0.995002 0.787170
v -0.669433 0.875969 0.669433
v -1.313142 0.825144 1.313142
v -1.906384 0.742610 1.906384
v -2.426368 0.631538 2.426368
v -2.853106 0.496196 2.853106
v -3.170202 0.341786 3.170202
v -3.365469 0.174242 3.365468
v -3.365469 -0.174241 3.365468
v -3.170203 -0.341785 3.170202
v -2.853106 -0.496195 2.853106
v -2.426368 -0.631537 2.426368
v -1.906384 -0.742611 1.906384
v -1.313142 -0.825144 1.313142
v -0.669433 -0.995002 0.669434
v -0.787171 0.875969 0.525970
v -1.544091 0.825144 1.031728
v -2.241672 0.742610 1.497837
v -2.853106 0.631538 1.906384
v -3.354898 0.496196 2.241672
v -3.727764 0.341786 2.490812
v -3.957372 0.174242 2.644231
v -3.957372 -0.174241 2.644231
v -3.727766 -0.341785 2.490812
v -3.354898 -0.496195 2.241672
v -2.853106 -0.631537 1.906384
v -2.241672 -0.742611 1.497837
v -1.544091 -0.825144 1.031729
v -0.787170 -0.995003 0.525971
v 0.000000 0.893130 -0.000000
v -0.874658 0.875969 0.362295
v -1.715701 0.825144 0.710667
v -2.490812 0.742610 1.031728
v -3.170202 0.631538 1.313140
v -3.727762 0.496196 1.544089
v -4.142068 0.341786 1.715701
v -4.397196 0.174242 1.821378
v -4.397196 -0.174241 1.821378
v -4.142070 -0.341785 1.715700
v -3.727764 -0.496195 1.544089
v -3.170202 -0.631537 1.313141
v -2.490812 -0.742611 1.031729
v -1.715701 -0.825144 0.710667
v -0.874658 -0.995003 0.362295
v -0.928532 0.875969 0.184696
v -1.821379 0.825144 0.362295
v -2.644231 0.742610 0.525970
v -3.365469 0.631538 0.669433
v -3.957372 0.496196 0.787170
v -4.397197 0.341786 0.874656
v -4.668039 0.174242 0.928530
v -4.668039 -0.174241 0.928530
v -4.397197 -0.341785 0.874656
v -3.957372 -0.496195 0.787170
v -3.365469 -0.631537 0.669434
v -2.644231 -0.742611 0.525971
v -1.821379 -0.825144 0.362295
v -0.928532 -0.995003 0.184697
v -0.946722 0.875969 -0.000000
v -1.857062 0.825144 -0.000000
v -2.696035 0.742610 -0.000000
v -3.431403 0.631537 -0.000000
v -4.034901 0.496195 -0.000000
v -4.483344 0.341785 -0.000000
v -4.759491 0.174242 -0.000000
v -4.759491 -0.174242 0.000000
v -4.483344 -0.341785 0.000000
v -4.034901 -0.496195 0.000000
v -3.431403 -0.631537 0.000000
v -2.696035 -0.742611 0.000000
v -1.857062 -0.825144 0.000000
v -0.946722 -0.995003 0.000000
v -0.928532 0.875969 -0.184697
v -1.821378 0.825144 -0.362295
v -2.644231 0.742609 -0.525971
v -3.365469 0.631537 -0.669434
v -3.957372 0.496195 -0.787170
v -4.397197 0.341785 -0.874658
v -4.668039 0.174241 -0.928532
v -4.668039 -0.174242 -0.928532
v -4.397197 -0.341786 -0.874658
v -3.957372 -0.496196 -0.787170
v -3.365469 -0.631538 -0.669433
v -2.644231 -0.742611 -0.525970
v -1.821378 -0.825144 -0.362295
v -0.928532 -0.995003 -0.184696
v -0.874658 0.875969 -0.362295
v -1.715701 0.825144 -0.710667
v -2.490812 0.742609 -1.031729
v -3.170202 0.631537 -1.313141
v -3.727762 0.496195 -1.544089
v -4.142068 0.341785 -1.715701
v -4.397196 0.174241 -1.821378
v -4.397196 -0.174242 -1.821378
v -4.142068 -0.341786 -1.715701
v -3.727762 -0.496196 -1.544089
v -3.170202 -0.631538 -1.313140
v -2.490812 -0.742611 -1.031728
v -1.715701 -0.825144 -0.710667
v -0.874658 -0.995003 -0.362295
v -0.787170 0.875969 -0.525971
v -1.544089 0.825144 -1.031729
v -2.241671 0.742609 -1.497837
v -2.853106 0.631537 -1.906384
v -3.354898 0.496195 -2.241671
v -3.727764 0.341785 -2.490812
v -3.957372 0.174241 -2.644231
v -3.957372 -0.174242 -2.644231
v -3.727764 -0.341786 -2.490813
v -3.354898 -0.496196 -2.241671
v -2.853106 -0.631538 -1.906384
v -2.241671 -0.742611 -1.497837
v -1.544089 -0.825144 -1.031728
v -0.787170 -0.995003 -0.525970
v -0.669433 0.875968 -0.669434
v -1.313141 0.825144 -1.313141
v -1.906384 0.742609 -1.906384
v -2.426368 0.631537 -2.426367
v -2.853106 0.496195 -2.853106
v -3.170202 0.341785 -3.170202
v -3.365468 0.174241 -3.365469
v -3.365468 -0.174242 -3.365469
v -3.170202 -0.341786 -3.170203
v -2.853106 -0.496196 -2.853106
v -2.426368 -0.631538 -2.426367
v -1.906384 -0.742611 -1.906384
v -1.313141 -0.825144 -1.313140
v -0.669433 -0.995003 -0.669433
v -0.525971 0.875968 -0.787170
v -1.031729 0.825144 -1.544089
v -1.497835 0.742609 -2.241671
v -1.906384 0.631537 -2.853106
v -2.241671 0.496195 -3.354897
v -2.490812 0.341785 -3.727764
v -2.644231 0.174241 -3.957372
v -2.644231 -0.174242 -3.957372
v -2.490812 -0.341786 -3.727764
v -2.241671 -0.496196 -3.354897
v -1.906384 -0.631538 -2.853106
v -1.497835 -0.742611 -2.241671
v -1.031729 -0.825144 -1.544089
v -0.525971 -0.995003 -0.787170
v -0.362295 0.875968 -0.874656
v -0.710667 0.825144 -1.715701
v -1.031727 0.742609 -2.490812
v -1.313141 0.631537 -3.170202
v -1.544089 0.496195 -3.727762
v -1.715700 0.341785 -4.142068
v -1.821378 0.174241 -4.397196
v -1.821378 -0.174242 -4.397196
v -1.715700 -0.341786 -4.142070
v -1.544089 -0.496196 -3.727762
v -1.313141 -0.631538 -3.170202
v -1.031727 -0.742611 -2.490812
v -0.710667 -0.825144 -1.715700
v -0.362295 -0.995003 -0.874656
v -0.184696 0.875968 -0.928530
v -0.362295 0.825144 -1.821378
v -0.525969 0.742609 -2.644230
v -0.669433 0.631537 -3.365469
v -0.787170 0.496195 -3.957372
v -0.874656 0.341785 -4.397196
v -0.928530 0.174241 -4.668039
v -0.928530 -0.174242 -4.668039
v -0.874656 -0.341786 -4.397197
v -0.787170 -0.496196 -3.957372
v -0.669433 -0.631538 -3.365469
v -0.525969 -0.742611 -2.644230
v -0.362295 -0.825144 -1.821378
v -0.184696 -0.995003 -0.928530
v 0.000002 -0.174242 -4.759491
v 0.000000 -0.341786 -4.483344
v 0.000000 -0.825144 -1.857062
v 0.000000 -0.995003 -0.946720
v 0.000000 2.308455 -0.292635
v 0.000000 2.223096 -0.574025
v 0.000000 2.084482 -0.833355
v 0.000000 1.897938 -1.060661
v 0.000000 1.670632 -1.247205
v 0.000000 1.411302 -1.385820
v 0.000000 1.129912 -1.471178
v 0.057090 2.308455 -0.287013
v 0.111987 2.223096 -0.562995
v 0.162579 2.084482 -0.817343
v 0.206925 1.897938 -1.040280
v 0.243318 1.670632 -1.223240
v 0.270360 1.411302 -1.359191
v 0.287013 1.129912 -1.442910
v 0.292635 0.837277 -1.471178
v 0.111987 2.308455 -0.270360
v 0.219671 2.223096 -0.530330
v 0.318912 2.084482 -0.769920
v 0.405897 1.897938 -0.979922
v 0.477285 1.670632 -1.152267
v 0.530329 1.411302 -1.280330
v 0.562995 1.129912 -1.359191
v 0.574024 0.837277 -1.385819
v 0.162579 2.308455 -0.243318
v 0.318912 2.223096 -0.477285
v 0.462987 2.084482 -0.692910
v 0.589272 1.897938 -0.881907
v 0.692910 1.670632 -1.037013
v 0.769920 1.411302 -1.152267
v 0.817343 1.129912 -1.223240
v 0.833355 0.837277 -1.247204
v 0.206925 2.308455 -0.206925
v 0.405897 2.223096 -0.405897
v 0.589272 2.084482 -0.589271
v 0.750000 1.897938 -0.750000
v 0.881907 1.670632 -0.881907
v 0.979921 1.411302 -0.979922
v 1.040280 1.129912 -1.040280
v 1.060660 0.837277 -1.060661
v 0.243318 2.308455 -0.162579
v 0.477285 2.223096 -0.318911
v 0.692910 2.084482 -0.462987
v 0.881907 1.897938 -0.589271
v 1.037013 1.670632 -0.692910
v 1.152267 1.411302 -0.769920
v 1.223239 1.129912 -0.817343
v 1.247205 0.837277 -0.833355
v 0.270360 2.308455 -0.111987
v 0.530331 2.223096 -0.219671
v 0.769920 2.084482 -0.318911
v 0.979921 1.897938 -0.405897
v 1.152267 1.670632 -0.477285
v 1.280329 1.411302 -0.530330
v 1.359190 1.129912 -0.562995
v 1.385818 0.837277 -0.574025
v 0.287013 2.308455 -0.057090
v 0.562995 2.223096 -0.111987
v 0.817343 2.084482 -0.162579
v 1.040280 1.897938 -0.206925
v 1.223239 1.670632 -0.243318
v 1.359190 1.411302 -0.270360
v 1.442910 1.129912 -0.287013
v 1.471178 0.837277 -0.292635
v 0.292635 2.308455 -0.000000
v 0.574026 2.223096 -0.000000
v 0.833355 2.084482 -0.000000
v 1.060660 1.897938 -0.000000
v 1.247203 1.670632 -0.000000
v 1.385818 1.411302 -0.000000
v 1.471178 1.129912 -0.000000
v 1.500000 0.837277 -0.000000
v 0.287013 2.308455 0.057090
v 0.562995 2.223096 0.111987
v 0.817343 2.084482 0.162579
v 1.040280 1.897938 0.206925
v 1.223239 1.670632 0.243318
v 1.359190 1.411302 0.270360
v 1.442910 1.129912 0.287013
v 1.471178 0.837277 0.292635
v 0.270360 2.308455 0.111987
v 0.530329 2.223096 0.219670
v 0.769920 2.084482 0.318912
v 0.979921 1.897938 0.405897
v 1.152267 1.670632 0.477285
v 1.280329 1.411302 0.530329
v 1.359190 1.129912 0.562995
v 1.385818 0.837277 0.574024
v 0.243318 2.308455 0.162579
v 0.477285 2.223096 0.318912
v 0.692910 2.084482 0.462987
v 0.881907 1.897938 0.589270
v 1.037012 1.670632 0.692910
v 1.152267 1.411302 0.769920
v 1.223239 1.129913 0.817342
v 1.247203 0.837278 0.833355
v 0.206925 2.308455 0.206925
v 0.405897 2.223096 0.405897
v 0.589270 2.084482 0.589270
v 0.750000 1.897938 0.750000
v 0.881907 1.670632 0.881907
v 0.979921 1.411302 0.979921
v 1.040280 1.129913 1.040280
v 1.060659 0.837278 1.060660
v 0.162579 2.308455 0.243318
v 0.318912 2.223096 0.477285
v 0.462987 2.084482 0.692910
v 0.589270 1.897938 0.881907
v 0.692910 1.670632 1.037013
v 0.769920 1.411302 1.152267
v 0.817343 1.129913 1.223239
v 0.833355 0.837278 1.247203
v 0.111987 2.308455 0.270360
v 0.219671 2.223096 0.530331
v 0.318910 2.084482 0.769920
v 0.405897 1.897938 0.979921
v 0.477285 1.670632 1.152267
v 0.530329 1.411302 1.280329
v 0.562995 1.129913 1.359190
v 0.574024 0.837278 1.385818
v 0.057090 2.308455 0.287013
v 0.111987 2.223096 0.562995
v 0.162579 2.084482 0.817342
v 0.206925 1.897938 1.040280
v 0.243318 1.670633 1.223239
v 0.270360 1.411302 1.359190
v 0.287013 1.129913 1.442908
v 0.292635 0.837278 1.471177
v 0.000000 2.308455 0.292635
v 0.000000 2.223096 0.574026
v 0.000000 2.084482 0.833355
v 0.000000 1.897938 1.060660
v 0.000000 1.670633 1.247203
v 0.000000 1.411302 1.385818
v 0.000000 1.129913 1.471177
v 0.000000 0.837278 1.499998
v -0.057090 2.308455 0.287013
v -0.111987 2.223096 0.562995
v -0.162579 2.084482 0.817342
v -0.206925 1.897938 1.040280
v -0.243318 1.670633 1.223239
v -0.270360 1.411302 1.359190
v -0.287013 1.129913 1.442908
v -0.292635 0.837278 1.471177
v -0.111987 2.308455 0.270360
v -0.219671 2.223096 0.530329
v -0.318912 2.084482 0.769920
v -0.405897 1.897938 0.979921
v -0.477283 1.670632 1.152265
v -0.530329 1.411302 1.280329
v -0.562995 1.129913 1.359190
v -0.574024 0.837278 1.385818
v -0.162579 2.308455 0.243318
v -0.318912 2.223096 0.477285
v -0.462987 2.084482 0.692910
v -0.589270 1.897938 0.881907
v -0.692910 1.670632 1.037011
v -0.769920 1.411302 1.152267
v -0.817343 1.129913 1.223239
v -0.833355 0.837278 1.247203
v -0.206925 2.308455 0.206925
v -0.405897 2.223096 0.405897
v -0.589270 2.084482 0.589270
v -0.750000 1.897938 0.750000
v -0.881905 1.670632 0.881907
v -0.979921 1.411302 0.979921
v -1.040280 1.129913 1.040280
v -1.060659 0.837278 1.060659
v -0.243318 2.308455 0.162579
v -0.477285 2.223096 0.318912
v -0.692910 2.084482 0.462987
v -0.881907 1.897938 0.589270
v -1.037012 1.670632 0.692910
v -1.152267 1.411302 0.769920
v -1.223239 1.129913 0.817342
v -1.247203 0.837278 0.833353
v 0.000000 2.337277 -0.000000
v -0.270360 2.308455 0.111987
v -0.530329 2.223096 0.219670
v -0.769920 2.084482 0.318910
v -0.979921 1.897938 0.405897
v -1.152265 1.670632 0.477285
v -1.280329 1.411302 0.530329
v -1.359190 1.129912 0.562995
v -1.385818 0.837277 0.574024
v -0.287013 2.308455 0.057090
v -0.562995 2.223096 0.111987
v -0.817343 2.084482 0.162579
v -1.040280 1.897938 0.206925
v -1.223239 1.670632 0.243318
v -1.359190 1.411302 0.270360
v -1.442909 1.129912 0.287013
v -1.471176 0.837277 0.292635
v 0.000000 0.846601 -1.594664
v -0.311103 0.846601 -1.564023
v -0.305481 1.139236 -1.535755
v -0.292635 2.308455 -0.000000
v -0.574024 2.223096 -0.000000
v -0.833355 2.084482 -0.000000
v -1.060660 1.897938 -0.000000
v -1.247203 1.670632 -0.000000
v -1.385818 1.411302 -0.000000
v -1.471178 1.129912 -0.000000
v -1.499998 0.837277 -0.000000
v -0.610251 0.846601 -1.473278
v -0.599221 1.139236 -1.446650
v -0.885947 0.846601 -1.325915
v -0.869936 1.139236 -1.301951
v -1.127596 0.846601 -1.127598
v -1.107218 1.139236 -1.107218
v -1.325915 0.846601 -0.885948
v -0.287013 2.308455 -0.057090
v -0.562995 2.223096 -0.111987
v -0.817343 2.084482 -0.162579
v -1.040280 1.897938 -0.206925
v -1.223239 1.670632 -0.243318
v -1.359190 1.411302 -0.270360
v -1.442909 1.129912 -0.287013
v -1.471176 0.837277 -0.292637
v -1.301950 1.139236 -0.869936
v -1.473278 0.846601 -0.610252
v -1.446650 1.139236 -0.599222
v -1.564023 0.846601 -0.311105
v -1.535755 1.139237 -0.305481
v -1.594664 0.846601 -0.000000
v -1.565843 1.139237 -0.000000
v -0.270360 2.308455 -0.111987
v -0.530329 2.223096 -0.219671
v -0.769920 2.084482 -0.318911
v -0.979921 1.897938 -0.405897
v -1.152265 1.670632 -0.477284
v -1.280329 1.411302 -0.530330
v -1.359190 1.129912 -0.562995
v -1.385817 0.837277 -0.574025
v -1.564023 0.846601 0.311103
v -1.535755 1.139237 0.305481
v -1.473278 0.846602 0.610251
v -1.446650 1.139237 0.599221
v -1.325915 0.846602 0.885948
v -1.301950 1.139237 0.869935
v -1.127598 0.846602 1.127598
v -0.243318 2.308455 -0.162579
v -0.477283 2.223096 -0.318911
v -0.692909 2.084482 -0.462987
v -0.881907 1.897938 -0.589271
v -1.037012 1.670632 -0.692909
v -1.152265 1.411302 -0.769920
v -1.223239 1.129912 -0.817343
v -1.247203 0.837277 -0.833355
v -1.107218 1.139237 1.107217
v -0.885948 0.846602 1.325914
v -0.869936 1.139237 1.301950
v -0.610252 0.846602 1.473277
v -0.599221 1.139237 1.446649
v -0.311105 0.846602 1.564023
v -0.305481 1.139237 1.535755
v -0.206925 2.308455 -0.206925
v -0.405897 2.223096 -0.405897
v -0.589270 2.084482 -0.589271
v -0.750000 1.897938 -0.750000
v -0.881905 1.670632 -0.881906
v -0.979921 1.411302 -0.979922
v -1.040278 1.129912 -1.040280
v -1.060659 0.837277 -1.060659
v 0.000000 0.846602 1.594665
v 0.000000 1.139237 1.565843
v 0.311103 0.846602 1.564023
v 0.305481 1.139237 1.535755
v 0.610251 0.846602 1.473277
v 0.599221 1.139237 1.446649
v 0.885948 0.846602 1.325916
v -0.162579 2.308455 -0.243318
v -0.318910 2.223096 -0.477284
v -0.462987 2.084482 -0.692909
v -0.589270 1.897938 -0.881906
v -0.692909 1.670632 -1.037012
v -0.769920 1.411302 -1.152266
v -0.817343 1.129912 -1.223240
v -0.833354 0.837277 -1.247204
v 0.869936 1.139237 1.301950
v 1.127598 0.846602 1.127598
v 1.107218 1.139237 1.107219
v 1.325915 0.846602 0.885948
v 1.301950 1.139237 0.869935
v 1.473278 0.846602 0.610252
v 1.446650 1.139237 0.599223
v -0.111987 2.308455 -0.270360
v -0.219669 2.223096 -0.530330
v -0.318910 2.084482 -0.769919
v -0.405897 1.897938 -0.979922
v -0.477283 1.670632 -1.152266
v -0.530329 1.411302 -1.280330
v -0.562995 1.129912 -1.359191
v -0.574024 0.837277 -1.385819
v 1.564024 0.846601 0.311104
v 1.535755 1.139237 0.305481
v 1.594665 0.846601 -0.000000
v 1.565843 1.139237 -0.000000
v 1.564024 0.846601 -0.311103
v 1.535755 1.139237 -0.305481
v 1.473279 0.846601 -0.610251
v -0.057090 2.308455 -0.287013
v -0.111987 2.223096 -0.562995
v -0.162579 2.084482 -0.817343
v -0.206925 1.897938 -1.040280
v -0.243318 1.670632 -1.223240
v -0.270360 1.411302 -1.359191
v -0.287012 1.129912 -1.442909
v -0.292635 0.837277 -1.471176
v 1.446651 1.139236 -0.599222
v 1.325916 0.846601 -0.885948
v 1.301950 1.139236 -0.869936
v 1.127598 0.846601 -1.127598
v 1.107219 1.139236 -1.107219
v 0.885948 0.846601 -1.325916
v 0.869936 1.139236 -1.301951
v 0.000002 0.837277 -1.499999
v 0.610252 0.846601 -1.473279
v 0.599223 1.139236 -1.446651
v 0.000000 1.139236 -1.565843
v 0.311103 0.846601 -1.564024
v 0.305481 1.139236 -1.535755
v -0.543996 0.912904 -1.486584
v -0.537966 1.072933 -1.472024
v -0.370509 1.072933 -1.522820
v -0.373584 0.912904 -1.538279
v -0.823561 0.912904 -1.351892
v -0.814806 1.072933 -1.338786
v -0.660477 1.072933 -1.421277
v -0.666508 0.912904 -1.435838
v -1.071478 0.912904 -1.165246
v -1.060333 1.072933 -1.154102
v -0.925063 1.072933 -1.265115
v -0.933820 0.912904 -1.278219
v -0.243525 0.912904 -1.564149
v -0.240451 1.072933 -1.548690
v -0.066303 1.072933 -1.565843
v -0.066303 0.912904 -1.581603
v -1.435838 0.912904 -0.666510
v -1.421277 1.072933 -0.660479
v -1.338786 1.072933 -0.814806
v -1.351892 0.912904 -0.823563
v -1.538279 0.912905 -0.373586
v -1.522820 1.072933 -0.370511
v -1.472023 1.072933 -0.537966
v -1.486584 0.912905 -0.543998
v -1.581603 0.912905 -0.066303
v -1.565843 1.072933 -0.066303
v -1.548690 1.072933 -0.240452
v -1.564149 0.912905 -0.243527
v -1.564149 0.912905 0.243526
v -1.548690 1.072933 0.240451
v -1.565843 1.072933 0.066303
v -1.581603 0.912905 0.066303
v -1.486584 0.912905 0.543997
v -1.472023 1.072933 0.537966
v -1.522820 1.072933 0.370509
v -1.538279 0.912905 0.373584
v -1.351892 0.912905 0.823563
v -1.338786 1.072934 0.814806
v -1.421277 1.072934 0.660478
v -1.435839 0.912905 0.666508
v -1.165246 0.912905 1.071478
v -1.154101 1.072934 1.060335
v -1.265115 1.072934 0.925065
v -1.278219 0.912905 0.933820
v -1.278219 0.912904 -0.933822
v -1.265113 1.072933 -0.925065
v -1.154101 1.072933 -1.060335
v -1.165245 0.912904 -1.071480
v 0.543998 0.912905 1.486585
v 0.537966 1.072934 1.472023
v 0.370510 1.072934 1.522821
v 0.373584 0.912905 1.538279
v 0.823563 0.912905 1.351891
v 0.814806 1.072934 1.338787
v 0.660478 1.072934 1.421277
v 0.666510 0.912905 1.435839
v 1.071480 0.912905 1.165246
v 1.060335 1.072934 1.154101
v 0.925065 1.072934 1.265115
v 0.933820 0.912905 1.278220
v -0.933822 0.912905 1.278219
v -0.925065 1.072934 1.265115
v -1.060335 1.072934 1.154101
v -1.071480 0.912905 1.165246
v -0.666510 0.912905 1.435838
v -0.660478 1.072934 1.421277
v -0.814806 1.072934 1.338786
v -0.823563 0.912905 1.351891
v -0.373585 0.912905 1.538279
v -0.370510 1.072934 1.522820
v -0.537966 1.072934 1.472023
v -0.543998 0.912905 1.486584
v -0.066303 0.912905 1.581604
v -0.066303 1.072934 1.565843
v -0.240451 1.072934 1.548690
v -0.243526 0.912905 1.564149
v 0.243526 0.912905 1.564149
v 0.240451 1.072934 1.548690
v 0.066303 1.072934 1.565843
v 0.066303 0.912905 1.581604
v 1.538279 0.912905 0.373585
v 1.522821 1.072933 0.370510
v 1.472023 1.072933 0.537966
v 1.486585 0.912905 0.543997
v 1.581604 0.912905 0.066303
v 1.565843 1.072933 0.066303
v 1.548692 1.072933 0.240451
v 1.564149 0.912905 0.243526
v 1.564149 0.912905 -0.243527
v 1.548692 1.072933 -0.240452
v 1.565843 1.072933 -0.066303
v 1.581604 0.912905 -0.066303
v 1.486585 0.912905 -0.543998
v 1.472023 1.072933 -0.537966
v 1.522821 1.072933 -0.370511
v 1.538279 0.912905 -0.373584
v 1.351893 0.912904 -0.823563
v 1.338788 1.072933 -0.814806
v 1.421277 1.072933 -0.660479
v 1.435839 0.912904 -0.666510
v 1.165246 0.912904 -1.071480
v 1.154101 1.072933 -1.060335
v 1.265115 1.072933 -0.925065
v 1.278220 0.912904 -0.933822
v 1.278219 0.912905 0.933822
v 1.265115 1.072934 0.925065
v 1.154101 1.072934 1.060335
v 1.165246 0.912905 1.071480
v 1.435839 0.912905 0.666510
v 1.421277 1.072934 0.660478
v 1.338788 1.072934 0.814807
v 1.351892 0.912905 0.823563
v 0.373585 0.912904 -1.538280
v 0.370510 1.072933 -1.522821
v 0.537966 1.072933 -1.472024
v 0.543998 0.912904 -1.486586
v 0.066303 0.912904 -1.581603
v 0.066303 1.072933 -1.565843
v 0.240451 1.072933 -1.548690
v 0.243526 0.912904 -1.564151
v 0.933822 0.912904 -1.278221
v 0.925065 1.072933 -1.265115
v 1.060335 1.072933 -1.154102
v 1.071480 0.912904 -1.165246
v 0.666510 0.912904 -1.435839
v 0.660478 1.072933 -1.421277
v 0.814808 1.072933 -1.338788
v 0.823563 0.912904 -1.351893
v -0.525870 1.068849 -1.432152
v -0.531901 0.908820 -1.446714
v -0.361489 0.908820 -1.498407
v -0.358415 1.068849 -1.482949
v -0.795165 1.068849 -1.302042
v -0.803922 0.908820 -1.315146
v -0.646869 0.908820 -1.399094
v -0.640837 1.068849 -1.384532
v -1.033902 1.068850 -1.121894
v -1.045047 0.908820 -1.133039
v -0.907389 0.908820 -1.246013
v -0.898632 1.068850 -1.232907
v -0.236367 1.068849 -1.507226
v -0.239442 0.908820 -1.522685
v -0.062218 0.908820 -1.540138
v -0.062220 1.068849 -1.524379
v -1.384531 1.068850 -0.640838
v -1.399094 0.908820 -0.646869
v -1.315146 0.908820 -0.803922
v -1.302042 1.068850 -0.795167
v -1.482949 1.068851 -0.358416
v -1.498407 0.908820 -0.361491
v -1.446714 0.908820 -0.531903
v -1.432152 1.068851 -0.525872
v -1.524378 1.068851 -0.062220
v -1.540140 0.908820 -0.062220
v -1.522685 0.908820 -0.239444
v -1.507226 1.068851 -0.236369
v -1.507226 1.068851 0.236367
v -1.522685 0.908820 0.239442
v -1.540140 0.908820 0.062218
v -1.524378 1.068851 0.062218
v -1.432152 1.068851 0.525871
v -1.446714 0.908820 0.531901
v -1.498408 0.908820 0.361489
v -1.482949 1.068851 0.358414
v -1.302042 1.068851 0.795165
v -1.315146 0.908820 0.803922
v -1.399094 0.908820 0.646869
v -1.384531 1.068851 0.640837
v -1.121893 1.068851 1.033902
v -1.133039 0.908820 1.045047
v -1.246012 0.908820 0.907389
v -1.232907 1.068851 0.898632
v -1.232907 1.068850 -0.898634
v -1.246011 0.908820 -0.907389
v -1.133039 0.908820 -1.045047
v -1.121893 1.068850 -1.033902
v 0.525872 1.068851 1.432152
v 0.531903 0.908820 1.446714
v 0.361489 0.908820 1.498408
v 0.358415 1.068851 1.482949
v 0.795165 1.068851 1.302042
v 0.803922 0.908820 1.315147
v 0.646869 0.908820 1.399093
v 0.640837 1.068851 1.384531
v 1.033902 1.068851 1.121895
v 1.045047 0.908820 1.133040
v 0.907389 0.908820 1.246012
v 0.898632 1.068851 1.232907
v -0.898634 1.068851 1.232907
v -0.907389 0.908820 1.246012
v -1.045048 0.908820 1.133038
v -1.033903 1.068851 1.121893
v -0.640837 1.068851 1.384531
v -0.646869 0.908820 1.399093
v -0.803922 0.908820 1.315146
v -0.795166 1.068851 1.302042
v -0.358416 1.068851 1.482949
v -0.361491 0.908820 1.498408
v -0.531903 0.908820 1.446714
v -0.525872 1.068851 1.432152
v -0.062220 1.068851 1.524378
v -0.062220 0.908820 1.540140
v -0.239444 0.908820 1.522685
v -0.236369 1.068851 1.507227
v 0.236367 1.068851 1.507227
v 0.239442 0.908820 1.522685
v 0.062218 0.908820 1.540140
v 0.062218 1.068851 1.524379
v 1.482949 1.068851 0.358416
v 1.498408 0.908820 0.361491
v 1.446714 0.908820 0.531903
v 1.432152 1.068851 0.525871
v 1.524379 1.068851 0.062220
v 1.540140 0.908820 0.062220
v 1.522685 0.908820 0.239443
v 1.507227 1.068851 0.236368
v 1.507227 1.068851 -0.236367
v 1.522686 0.908820 -0.239442
v 1.540140 0.908820 -0.062219
v 1.524379 1.068851 -0.062219
v 1.432153 1.068851 -0.525872
v 1.446714 0.908820 -0.531903
v 1.498408 0.908820 -0.361490
v 1.482949 1.068851 -0.358415
v 1.302042 1.068850 -0.795167
v 1.315148 0.908820 -0.803922
v 1.399094 0.908820 -0.646869
v 1.384531 1.068850 -0.640838
v 1.121895 1.068850 -1.033904
v 1.133040 0.908820 -1.045049
v 1.246012 0.908820 -0.907389
v 1.232907 1.068850 -0.898634
v 1.232907 1.068851 0.898633
v 1.246012 0.908820 0.907390
v 1.133039 0.908820 1.045048
v 1.121893 1.068851 1.033903
v 1.384531 1.068851 0.640837
v 1.399094 0.908820 0.646869
v 1.315146 0.908820 0.803923
v 1.302042 1.068851 0.795166
v 0.358416 1.068849 -1.482951
v 0.361489 0.908820 -1.498409
v 0.531903 0.908820 -1.446714
v 0.525872 1.068849 -1.432154
v 0.062220 1.068849 -1.524379
v 0.062220 0.908820 -1.540140
v 0.239444 0.908820 -1.522686
v 0.236369 1.068849 -1.507227
v 0.898634 1.068850 -1.232907
v 0.907390 0.908820 -1.246013
v 1.045048 0.908820 -1.133040
v 1.033903 1.068850 -1.121895
v 0.640837 1.068850 -1.384533
v 0.646869 0.908820 -1.399094
v 0.803923 0.908820 -1.315148
v 0.795166 1.068850 -1.302042
v 0.827748 0.761004 -1.258242
v 0.880341 0.770328 -1.336953
v 0.568417 0.761004 -1.396857
v 0.287028 0.761004 -1.482216
v 1.055053 0.761004 -1.071698
v 1.241596 0.761004 -0.844394
v 1.380211 0.761004 -0.585063
v 1.465571 0.761004 -0.303674
v 1.494393 0.761004 -0.011037
v -1.478884 0.770328 0.599212
v -1.391425 0.761004 0.562986
v 1.465571 0.761004 0.281598
v -1.252810 0.761004 0.822316
v -1.331522 0.770328 0.874909
v 1.380211 0.761004 0.562987
v 1.558417 0.770328 -0.322142
v 1.241596 0.761004 0.822318
v 1.467672 0.770328 -0.621290
v 1.055052 0.761004 1.049622
v -0.891554 0.770328 -1.336953
v -0.838960 0.761004 -1.258241
v 0.827748 0.761004 1.236166
v -1.066266 0.761004 -1.071698
v -1.133204 0.770328 -1.138637
v 0.568417 0.761004 1.374781
v 0.287028 0.761004 1.460139
v -0.005607 0.761004 1.488961
v 1.320307 0.770328 0.874911
v -0.298243 0.761004 1.460139
v 1.467671 0.770328 0.599214
v -0.579632 0.761004 1.374780
v -0.838962 0.761004 1.236165
v 0.604644 0.770328 1.462240
v -1.066267 0.761004 1.049620
v 0.880341 0.770328 1.314877
v -0.005607 0.761004 -1.511035
v -0.005607 0.770328 -1.605702
v 0.604645 0.770328 -1.484316
v -1.476783 0.761004 0.281596
v 0.305496 0.770328 -1.575061
v -1.133205 0.770328 1.116560
v -0.891555 0.770328 1.314877
v 1.589058 0.770328 -0.011037
v -1.252810 0.761004 -0.844394
v -1.331522 0.770328 -0.896987
v -1.505605 0.761004 -0.011039
v -0.579632 0.761004 -1.396856
v -0.615858 0.770328 -1.484315
v -1.600271 0.770328 -0.011039
v -0.005607 0.770328 1.583627
v 1.121991 0.770328 -1.138637
v -0.615860 0.770328 1.462240
v -1.478884 0.770328 -0.621290
v -1.391425 0.761004 -0.585063
v -1.476783 0.761004 -0.303674
v -1.569630 0.770328 0.300064
v 1.558416 0.770328 0.300066
v 1.320309 0.770328 -0.896987
v 0.305496 0.770328 1.552986
v -0.316710 0.770328 -1.575060
v -0.298242 0.761004 -1.482215
v -1.569630 0.770328 -0.322142
v 1.121991 0.770328 1.116561
v -0.316712 0.770328 1.552986
v 0.000000 -0.643082 -4.034904
v 0.000000 -0.778424 -3.431403
v 0.000000 -0.889496 -2.696037
v 0.874658 -0.488672 -4.397199
v 0.787170 -0.643082 -3.957375
v 0.669433 -0.778424 -3.365471
v 0.525971 -0.889496 -2.644233
v 0.362295 -0.972030 -1.821379
v 1.715701 -0.488672 -4.142070
v 1.544091 -0.643082 -3.727766
v 1.313141 -0.778424 -3.170203
v 1.031729 -0.889496 -2.490813
v 0.710667 -0.972030 -1.715701
v 0.362295 -1.147106 -0.874657
v 0.184696 -1.147106 -0.928531
v 2.490813 -0.488672 -3.727766
v 2.241672 -0.643082 -3.354900
v 1.906386 -0.778424 -2.853108
v 1.497837 -0.889496 -2.241672
v 1.031729 -0.972030 -1.544091
v 0.525971 -1.147106 -0.787170
v 3.170203 -0.488672 -3.170203
v 2.853108 -0.643082 -2.853106
v 2.426368 -0.778424 -2.426368
v 1.906386 -0.889496 -1.906384
v 1.313142 -0.972030 -1.313142
v 0.669433 -1.147106 -0.669433
v 3.727766 -0.488672 -2.490813
v 3.354900 -0.643082 -2.241672
v 2.853108 -0.778424 -1.906386
v 2.241672 -0.889496 -1.497837
v 1.544091 -0.972030 -1.031728
v 0.787170 -1.147105 -0.525970
v 4.142070 -0.488672 -1.715701
v 3.727764 -0.643082 -1.544089
v 3.170203 -0.778424 -1.313140
v 2.490813 -0.889496 -1.031728
v 1.715703 -0.972030 -0.710667
v 0.874658 -1.147105 -0.362295
v 4.397199 -0.488672 -0.874656
v 3.957373 -0.643082 -0.787170
v 3.365469 -0.778424 -0.669433
v 2.644233 -0.889495 -0.525970
v 1.821379 -0.972030 -0.362295
v 0.928532 -1.147105 -0.184696
v 4.483344 -0.488671 0.000000
v 4.034903 -0.643082 0.000000
v 3.431403 -0.778423 0.000000
v 2.696035 -0.889495 0.000000
v 1.857063 -0.972030 0.000000
v 0.946722 -1.147105 0.000000
v 4.397197 -0.488671 0.874658
v 3.957373 -0.643081 0.787172
v 3.365469 -0.778423 0.669434
v 2.644231 -0.889495 0.525971
v 1.821379 -0.972030 0.362295
v 0.928532 -1.147105 0.184697
v 4.142070 -0.488671 1.715703
v 3.727764 -0.643081 1.544091
v 3.170202 -0.778423 1.313141
v 2.490812 -0.889495 1.031729
v 1.715701 -0.972030 0.710667
v 0.874658 -1.147105 0.362295
v 3.727764 -0.488671 2.490813
v 3.354898 -0.643081 2.241672
v 2.853106 -0.778423 1.906386
v 2.241672 -0.889495 1.497837
v 1.544091 -0.972030 1.031729
v 0.787170 -1.147105 0.525971
v 3.170202 -0.488671 3.170203
v 2.853106 -0.643081 2.853106
v 2.426368 -0.778423 2.426368
v 1.906384 -0.889495 1.906386
v 1.313142 -0.972030 1.313142
v 0.669433 -1.147105 0.669434
v 2.490813 -0.488671 3.727766
v 2.241672 -0.643081 3.354898
v 1.906386 -0.778423 2.853106
v 1.497837 -0.889495 2.241672
v 1.031729 -0.972030 1.544091
v 0.525971 -1.147105 0.787172
v 1.715701 -0.488671 4.142070
v 1.544089 -0.643081 3.727764
v 1.313141 -0.778423 3.170203
v 1.031727 -0.889495 2.490813
v 0.710667 -0.972030 1.715703
v 0.362295 -1.147105 0.874658
v 0.874656 -0.488671 4.397197
v 0.787170 -0.643081 3.957372
v 0.669433 -0.778423 3.365469
v 0.525971 -0.889495 2.644233
v 0.362295 -0.972030 1.821379
v 0.184696 -1.147105 0.928532
v -0.000002 -0.488671 4.483344
v 0.000000 -0.643081 4.034903
v 0.000000 -0.778423 3.431403
v 0.000000 -0.889495 2.696035
v 0.000000 -0.972030 1.857063
v 0.000000 -1.147105 0.946722
v -0.874658 -0.488671 4.397197
v -0.787171 -0.643081 3.957372
v -0.669433 -0.778423 3.365469
v -0.525971 -0.889495 2.644231
v -0.362295 -0.972030 1.821379
v -0.184696 -1.147105 0.928532
v -1.715701 -0.488671 4.142070
v -1.544091 -0.643081 3.727764
v -1.313141 -0.778423 3.170202
v -1.031729 -0.889495 2.490812
v -0.710667 -0.972030 1.715701
v -0.362295 -1.147105 0.874658
v -2.490813 -0.488671 3.727764
v -2.241672 -0.643081 3.354898
v -1.906384 -0.778423 2.853106
v -1.497837 -0.889495 2.241671
v -1.031729 -0.972030 1.544091
v -0.525971 -1.147105 0.787170
v -3.170203 -0.488671 3.170202
v -2.853106 -0.643081 2.853106
v -2.426368 -0.778423 2.426368
v -1.906384 -0.889495 1.906384
v -1.313142 -0.972030 1.313142
v -0.669433 -1.147105 0.669434
v -3.727766 -0.488671 2.490812
v -3.354898 -0.643081 2.241672
v -2.853106 -0.778423 1.906384
v -2.241672 -0.889495 1.497837
v -1.544091 -0.972030 1.031729
v -0.787170 -1.147105 0.525971
v -4.142070 -0.488671 1.715700
v -3.727764 -0.643081 1.544089
v -3.170202 -0.778423 1.313141
v -2.490812 -0.889495 1.031729
v -1.715701 -0.972030 0.710667
v -0.874658 -1.147105 0.362295
v -4.397197 -0.488671 0.874656
v -3.957372 -0.643081 0.787170
v -3.365469 -0.778423 0.669434
v -2.644231 -0.889495 0.525971
v -1.821379 -0.972030 0.362295
v -0.928532 -1.147105 0.184697
v -4.483344 -0.488671 0.000000
v -4.034901 -0.643082 0.000000
v -3.431403 -0.778423 0.000000
v -2.696035 -0.889495 0.000000
v -1.857062 -0.972030 0.000000
v -0.946722 -1.147105 0.000000
v -4.397197 -0.488672 -0.874658
v -3.957372 -0.643082 -0.787170
v -3.365469 -0.778424 -0.669433
v -2.644231 -0.889495 -0.525970
v -1.821378 -0.972030 -0.362295
v -0.928532 -1.147105 -0.184696
v -4.142068 -0.488672 -1.715701
v -3.727762 -0.643082 -1.544089
v -3.170202 -0.778424 -1.313140
v -2.490812 -0.889496 -1.031728
v -1.715701 -0.972030 -0.710667
v -0.874658 -1.147105 -0.362295
v -3.727764 -0.488672 -2.490813
v -3.354898 -0.643082 -2.241671
v -2.853106 -0.778424 -1.906384
v -2.241671 -0.889496 -1.497837
v -1.544089 -0.972030 -1.031728
v -0.787170 -1.147105 -0.525970
v -3.170202 -0.488672 -3.170203
v -2.853106 -0.643082 -2.853106
v -2.426368 -0.778424 -2.426367
v -1.906384 -0.889496 -1.906384
v -1.313141 -0.972030 -1.313140
v -0.669433 -1.147106 -0.669433
v -2.490812 -0.488672 -3.727764
v -2.241671 -0.643082 -3.354897
v -1.906384 -0.778424 -2.853106
v -1.497835 -0.889496 -2.241671
v -1.031729 -0.972030 -1.544089
v -0.525971 -1.147106 -0.787170
v -1.715700 -0.488672 -4.142070
v -1.544089 -0.643082 -3.727762
v -1.313141 -0.778424 -3.170202
v -1.031727 -0.889496 -2.490812
v -0.710667 -0.972030 -1.715700
v -0.362295 -1.147106 -0.874656
v -0.874656 -0.488672 -4.397197
v -0.787170 -0.643082 -3.957372
v -0.669433 -0.778424 -3.365469
v -0.525969 -0.889496 -2.644230
v -0.362295 -0.972030 -1.821378
v -0.184696 -1.147106 -0.928530
v 0.000000 -1.147106 -0.946720
v 0.000000 -0.488672 -4.483344
v 0.000000 -0.972030 -1.857062
v 0.000000 -1.247090 -0.627786
v 0.122475 -1.247090 -0.615723
v 0.240243 -1.247090 -0.579999
v 0.348778 -1.247090 -0.521985
v 0.443911 -1.247090 -0.443911
v 0.521985 -1.247090 -0.348778
v 0.579999 -1.247090 -0.240243
v 0.615723 -1.247090 -0.122475
v 0.627786 -1.247090 0.000000
v 0.615723 -1.247090 0.122475
v 0.579999 -1.247090 0.240243
v 0.521985 -1.247090 0.348780
v 0.443911 -1.247090 0.443912
v 0.348778 -1.247090 0.521985
v 0.240243 -1.247090 0.579999
v 0.122475 -1.247089 0.615723
v 0.000000 -1.247089 0.627786
v -0.122475 -1.247089 0.615723
v -0.240243 -1.247090 0.579999
v -0.348780 -1.247090 0.521985
v -0.443911 -1.247090 0.443912
v -0.521985 -1.247090 0.348780
v -0.579999 -1.247090 0.240243
v -0.615723 -1.247090 0.122475
v -0.627786 -1.247090 0.000000
v -0.615723 -1.247090 -0.122475
v -0.579999 -1.247090 -0.240243
v -0.521985 -1.247090 -0.348778
v -0.443911 -1.247090 -0.443911
v -0.348780 -1.247090 -0.521985
v -0.240243 -1.247090 -0.579999
v -0.122475 -1.247090 -0.615723
v 0.035873 -1.328610 -0.364215
v 0.000000 -1.370187 0.000000
v 0.106238 -1.328610 -0.350218
v 0.172521 -1.328610 -0.322764
v 0.232173 -1.328610 -0.282904
v 0.282905 -1.328610 -0.232173
v 0.322764 -1.328610 -0.172521
v 0.350218 -1.328610 -0.106237
v 0.364215 -1.328610 -0.035872
v 0.364215 -1.328610 0.035873
v 0.350218 -1.328610 0.106238
v 0.322764 -1.328610 0.172521
v 0.282905 -1.328610 0.232175
v 0.232173 -1.328610 0.282905
v 0.172521 -1.328610 0.322764
v 0.106238 -1.328610 0.350219
v 0.035873 -1.328610 0.364217
v -0.035873 -1.328610 0.364217
v -0.106238 -1.328610 0.350219
v -0.172521 -1.328610 0.322764
v -0.232174 -1.328610 0.282905
v -0.282905 -1.328610 0.232175
v -0.322764 -1.328610 0.172521
v -0.350218 -1.328610 0.106238
v -0.364217 -1.328610 0.035873
v -0.364215 -1.328610 -0.035872
v -0.350218 -1.328610 -0.106237
v -0.322764 -1.328610 -0.172521
v -0.282905 -1.328610 -0.232173
v -0.232174 -1.328610 -0.282904
v -0.172521 -1.328610 -0.322764
v -0.106238 -1.328610 -0.350218
v -0.035873 -1.328610 -0.364215
v 0.809706 -0.604784 -3.446987
v 0.880894 -0.522951 -3.804876
v 1.381438 -0.522951 -3.653037
v 1.241796 -0.604784 -3.315913
v 2.067177 -0.604784 -2.874740
v 2.269903 -0.522951 -3.178142
v 2.674239 -0.522951 -2.846313
v 2.416215 -0.604784 -2.588289
v 3.009936 -0.604784 -1.864839
v 3.313340 -0.522951 -2.067565
v 3.559911 -0.522951 -1.606263
v 3.222787 -0.604784 -1.466622
v 3.494462 -0.604784 -0.571033
v 3.852350 -0.522951 -0.642220
v 3.903618 -0.522951 -0.121674
v 3.538719 -0.604784 -0.121674
v 3.446987 -0.604783 0.809708
v 3.804874 -0.522951 0.880896
v 3.653036 -0.522951 1.381438
v 3.315912 -0.604783 1.241796
v 2.874738 -0.604783 2.067175
v 3.178142 -0.522951 2.269903
v 2.846312 -0.522951 2.674237
v 2.588289 -0.604783 2.416215
v 1.864839 -0.604783 3.009936
v 2.067565 -0.522951 3.313340
v 1.606263 -0.522951 3.559909
v 1.466622 -0.604783 3.222787
v 0.571033 -0.604783 3.494462
v 0.642220 -0.522951 3.852350
v 0.121674 -0.522951 3.903618
v 0.121674 -0.604783 3.538719
v -0.809706 -0.604783 3.446987
v -0.880894 -0.522951 3.804873
v -1.381437 -0.522951 3.653036
v -1.241796 -0.604783 3.315912
v -2.067175 -0.604783 2.874738
v -2.269902 -0.522951 3.178142
v -2.674237 -0.522951 2.846312
v -2.416215 -0.604783 2.588289
v -3.009936 -0.604783 1.864837
v -3.313338 -0.522951 2.067565
v -3.559909 -0.522951 1.606263
v -3.222787 -0.604783 1.466622
v -3.494462 -0.604783 0.571034
v -3.852348 -0.522951 0.642222
v -3.903618 -0.522951 0.121674
v -3.538719 -0.604784 0.121676
v -3.446985 -0.604784 -0.809706
v -3.804873 -0.522951 -0.880894
v -3.653036 -0.522951 -1.381437
v -3.315912 -0.604784 -1.241796
v -2.874738 -0.604784 -2.067175
v -3.178140 -0.522951 -2.269902
v -2.846312 -0.522951 -2.674237
v -2.588289 -0.604784 -2.416215
v -1.864837 -0.604784 -3.009936
v -2.067564 -0.522951 -3.313338
v -1.606263 -0.522951 -3.559909
v -1.466622 -0.604784 -3.222787
v -0.571033 -0.604784 -3.494462
v -0.642220 -0.522951 -3.852348
v -0.121675 -0.522951 -3.903619
v -0.121675 -0.604784 -3.538719
v 0.880894 -0.600836 -3.804876
v 0.809706 -0.682668 -3.446987
v 1.241796 -0.682668 -3.315913
v 1.381438 -0.600836 -3.653037
v 2.269903 -0.600836 -3.178142
v 2.067177 -0.682668 -2.874740
v 2.416215 -0.682668 -2.588289
v 2.674239 -0.600836 -2.846313
v 3.313340 -0.600836 -2.067565
v 3.009936 -0.682668 -1.864839
v 3.222787 -0.682668 -1.466622
v 3.559911 -0.600836 -1.606263
v 3.852350 -0.600836 -0.642220
v 3.494462 -0.682668 -0.571033
v 3.538719 -0.682668 -0.121674
v 3.903618 -0.600836 -0.121674
v 3.804874 -0.600835 0.880896
v 3.446987 -0.682668 0.809708
v 3.315912 -0.682668 1.241796
v 3.653036 -0.600835 1.381439
v 3.178142 -0.600835 2.269903
v 2.874738 -0.682668 2.067175
v 2.588289 -0.682668 2.416215
v 2.846312 -0.600835 2.674237
v 2.067565 -0.600835 3.313340
v 1.864839 -0.682668 3.009936
v 1.466622 -0.682668 3.222787
v 1.606263 -0.600835 3.559909
v 0.642220 -0.600835 3.852350
v 0.571033 -0.682668 3.494462
v 0.121674 -0.682668 3.538719
v 0.121674 -0.600835 3.903618
v -0.880894 -0.600835 3.804873
v -0.809706 -0.682668 3.446987
v -1.241796 -0.682668 3.315912
v -1.381437 -0.600835 3.653036
v -2.269902 -0.600835 3.178142
v -2.067175 -0.682668 2.874738
v -2.416215 -0.682668 2.588289
v -2.674237 -0.600835 2.846312
v -3.313338 -0.600835 2.067565
v -3.009936 -0.682668 1.864837
v -3.222787 -0.682668 1.466622
v -3.559909 -0.600835 1.606263
v -3.852348 -0.600835 0.642222
v -3.494462 -0.682668 0.571034
v -3.538719 -0.682668 0.121676
v -3.903618 -0.600836 0.121674
v -3.804873 -0.600836 -0.880894
v -3.446985 -0.682668 -0.809706
v -3.315912 -0.682668 -1.241796
v -3.653036 -0.600836 -1.381437
v -3.178140 -0.600836 -2.269902
v -2.874738 -0.682668 -2.067175
v -2.588289 -0.682668 -2.416215
v -2.846312 -0.600836 -2.674237
v -2.067564 -0.600836 -3.313338
v -1.864837 -0.682668 -3.009936
v -1.466622 -0.682668 -3.222787
v -1.606263 -0.600836 -3.559909
v -0.642220 -0.600836 -3.852348
v -0.571033 -0.682668 -3.494462
v -0.121675 -0.682668 -3.538719
v -0.121675 -0.600836 -3.903619
v 0.074325 -0.981303 -1.012819
v 0.074327 -0.838844 -1.776322
v 0.273645 -0.838844 -1.756692
v 0.124694 -0.981303 -1.007859
v 0.270489 -0.981303 -0.978858
v 0.419441 -0.838844 -1.727693
v 0.611102 -0.838844 -1.669552
v 0.318921 -0.981303 -0.964167
v 0.456258 -0.981303 -0.907281
v 0.748437 -0.838844 -1.612667
v 0.925073 -0.838844 -1.518252
v 0.500893 -0.981303 -0.883422
v 0.624492 -0.981303 -0.800835
v 1.048672 -0.838844 -1.435666
v 1.203495 -0.838844 -1.308606
v 0.663615 -0.981303 -0.768727
v 0.768728 -0.981303 -0.663615
v 1.308607 -0.838844 -1.203493
v 1.435667 -0.838844 -1.048672
v 0.800837 -0.981303 -0.624492
v 0.883422 -0.981303 -0.500893
v 1.518252 -0.838844 -0.925072
v 1.612667 -0.838844 -0.748437
v 0.907281 -0.981303 -0.456258
v 0.964167 -0.981303 -0.318921
v 1.669552 -0.838844 -0.611101
v 1.727693 -0.838844 -0.419440
v 0.978858 -0.981303 -0.270489
v 1.007859 -0.981303 -0.124693
v 1.756692 -0.838844 -0.273645
v 1.776324 -0.838844 -0.074325
v 1.012820 -0.981303 -0.074325
v 1.012820 -0.981303 0.074327
v 1.776324 -0.838844 0.074327
v 1.756692 -0.838844 0.273647
v 1.007859 -0.981303 0.124694
v 0.978858 -0.981303 0.270489
v 1.727693 -0.838844 0.419442
v 1.669552 -0.838843 0.611102
v 0.964167 -0.981303 0.318921
v 0.907281 -0.981303 0.456258
v 1.612667 -0.838843 0.748439
v 1.518252 -0.838843 0.925074
v 0.883422 -0.981303 0.500894
v 0.800835 -0.981303 0.624492
v 1.435667 -0.838843 1.048673
v 1.308607 -0.838843 1.203495
v 0.768728 -0.981303 0.663617
v 0.663615 -0.981303 0.768729
v 1.203493 -0.838843 1.308608
v 1.048672 -0.838843 1.435667
v 0.624492 -0.981303 0.800837
v 0.500892 -0.981303 0.883422
v 0.925073 -0.838843 1.518254
v 0.748437 -0.838843 1.612667
v 0.456257 -0.981303 0.907281
v 0.318921 -0.981303 0.964167
v 0.611102 -0.838843 1.669552
v 0.419441 -0.838843 1.727693
v 0.270489 -0.981303 0.978860
v 0.124694 -0.981303 1.007859
v 0.273647 -0.838843 1.756692
v 0.074325 -0.838843 1.776324
v 0.074325 -0.981303 1.012820
v -0.074327 -0.981303 1.012820
v -0.074327 -0.838843 1.776324
v -0.273647 -0.838843 1.756692
v -0.124694 -0.981303 1.007859
v -0.270489 -0.981303 0.978860
v -0.419442 -0.838843 1.727693
v -0.611102 -0.838843 1.669552
v -0.318921 -0.981303 0.964167
v -0.456258 -0.981303 0.907281
v -0.748438 -0.838843 1.612667
v -0.925073 -0.838843 1.518252
v -0.500893 -0.981303 0.883422
v -0.624492 -0.981303 0.800837
v -1.048672 -0.838843 1.435667
v -1.203495 -0.838843 1.308606
v -0.663615 -0.981303 0.768728
v -0.768728 -0.981303 0.663615
v -1.308607 -0.838843 1.203494
v -1.435667 -0.838843 1.048673
v -0.800837 -0.981303 0.624492
v -0.883422 -0.981303 0.500894
v -1.518252 -0.838843 0.925073
v -1.612665 -0.838843 0.748437
v -0.907281 -0.981303 0.456258
v -0.964167 -0.981303 0.318921
v -1.669551 -0.838843 0.611102
v -1.727691 -0.838844 0.419441
v -0.978858 -0.981303 0.270489
v -1.007859 -0.981303 0.124694
v -1.756692 -0.838844 0.273647
v -1.776322 -0.838844 0.074327
v -1.012820 -0.981303 0.074327
v -1.012820 -0.981303 -0.074325
v -1.776322 -0.838844 -0.074325
v -1.756692 -0.838844 -0.273645
v -1.007859 -0.981303 -0.124693
v -0.978858 -0.981303 -0.270489
v -1.727691 -0.838844 -0.419440
v -1.669551 -0.838844 -0.611101
v -0.964167 -0.981303 -0.318921
v -0.907279 -0.981303 -0.456256
v -1.612665 -0.838844 -0.748437
v -1.518252 -0.838844 -0.925072
v -0.883422 -0.981303 -0.500892
v -0.800835 -0.981303 -0.624492
v -1.435665 -0.838844 -1.048671
v -1.308606 -0.838844 -1.203493
v -0.768728 -0.981303 -0.663615
v -0.663615 -0.981303 -0.768727
v -1.203493 -0.838844 -1.308606
v -1.048671 -0.838844 -1.435665
v -0.624492 -0.981303 -0.800835
v -0.500893 -0.981303 -0.883422
v -0.925073 -0.838844 -1.518252
v -0.748437 -0.838844 -1.612665
v -0.456258 -0.981303 -0.907279
v -0.318921 -0.981303 -0.964165
v -0.611102 -0.838844 -1.669551
v -0.419441 -0.838844 -1.727691
v -0.270489 -0.981303 -0.978858
v -0.124694 -0.981303 -1.007859
v -0.273645 -0.838844 -1.756691
v -0.074325 -0.838844 -1.776322
v -0.074327 -0.981303 -1.012819
v 0.074327 -0.917703 -1.776322
v 0.074325 -1.060164 -1.012819
v 0.124694 -1.060163 -1.007859
v 0.273645 -0.917703 -1.756692
v 0.419441 -0.917703 -1.727693
v 0.270489 -1.060163 -0.978858
v 0.318921 -1.060163 -0.964167
v 0.611102 -0.917703 -1.669552
v 0.748437 -0.917703 -1.612667
v 0.456258 -1.060163 -0.907281
v 0.500893 -1.060163 -0.883422
v 0.925073 -0.917703 -1.518252
v 1.048672 -0.917703 -1.435666
v 0.624492 -1.060163 -0.800835
v 0.663615 -1.060163 -0.768727
v 1.203495 -0.917703 -1.308606
v 1.308607 -0.917703 -1.203493
v 0.768728 -1.060163 -0.663615
v 0.800837 -1.060163 -0.624492
v 1.435667 -0.917703 -1.048672
v 1.518252 -0.917703 -0.925072
v 0.883422 -1.060163 -0.500893
v 0.907281 -1.060163 -0.456258
v 1.612667 -0.917703 -0.748437
v 1.669552 -0.917703 -0.611101
v 0.964167 -1.060163 -0.318921
v 0.978858 -1.060163 -0.270489
v 1.727693 -0.917703 -0.419440
v 1.756692 -0.917703 -0.273645
v 1.007859 -1.060163 -0.124693
v 1.012820 -1.060163 -0.074325
v 1.776324 -0.917703 -0.074325
v 1.776324 -0.917703 0.074327
v 1.012820 -1.060163 0.074327
v 1.007859 -1.060163 0.124694
v 1.756692 -0.917703 0.273647
v 1.727693 -0.917703 0.419442
v 0.978858 -1.060163 0.270489
v 0.964167 -1.060163 0.318921
v 1.669552 -0.917703 0.611102
v 1.612667 -0.917703 0.748439
v 0.907281 -1.060163 0.456258
v 0.883422 -1.060163 0.500894
v 1.518252 -0.917703 0.925074
v 1.435667 -0.917703 1.048673
v 0.800835 -1.060162 0.624492
v 0.768728 -1.060162 0.663617
v 1.308607 -0.917703 1.203495
v 1.203493 -0.917703 1.308608
v 0.663615 -1.060162 0.768729
v 0.624492 -1.060162 0.800837
v 1.048672 -0.917703 1.435667
v 0.925073 -0.917703 1.518254
v 0.500892 -1.060162 0.883422
v 0.456257 -1.060162 0.907281
v 0.748437 -0.917703 1.612667
v 0.611102 -0.917703 1.669552
v 0.318921 -1.060162 0.964167
v 0.270489 -1.060162 0.978860
v 0.419441 -0.917703 1.727693
v 0.273647 -0.917703 1.756692
v 0.124694 -1.060162 1.007859
v 0.074325 -1.060162 1.012820
v 0.074325 -0.917703 1.776324
v -0.074327 -0.917703 1.776324
v -0.074327 -1.060162 1.012820
v -0.124694 -1.060162 1.007859
v -0.273647 -0.917703 1.756692
v -0.419442 -0.917703 1.727693
v -0.270489 -1.060162 0.978860
v -0.318921 -1.060162 0.964167
v -0.611102 -0.917703 1.669552
v -0.748438 -0.917703 1.612667
v -0.456258 -1.060162 0.907281
v -0.500893 -1.060162 0.883422
v -0.925073 -0.917703 1.518252
v -1.048672 -0.917703 1.435667
v -0.624492 -1.060162 0.800837
v -0.663615 -1.060162 0.768728
v -1.203495 -0.917703 1.308606
v -1.308607 -0.917703 1.203494
v -0.768728 -1.060162 0.663615
v -0.800837 -1.060164 0.624492
v -1.435667 -0.917703 1.048673
v -1.518252 -0.917703 0.925073
v -0.883422 -1.060164 0.500894
v -0.907281 -1.060164 0.456258
v -1.612665 -0.917703 0.748437
v -1.669551 -0.917703 0.611102
v -0.964167 -1.060164 0.318921
v -0.978858 -1.060164 0.270489
v -1.727691 -0.917703 0.419441
v -1.756692 -0.917703 0.273647
v -1.007859 -1.060164 0.124694
v -1.012820 -1.060164 0.074327
v -1.776322 -0.917703 0.074327
v -1.776322 -0.917703 -0.074325
v -1.012820 -1.060164 -0.074325
v -1.007859 -1.060164 -0.124693
v -1.756692 -0.917703 -0.273645
v -1.727691 -0.917703 -0.419440
v -0.978858 -1.060164 -0.270489
v -0.964167 -1.060164 -0.318921
v -1.669551 -0.917703 -0.611101
v -1.612665 -0.917703 -0.748437
v -0.907279 -1.060164 -0.456256
v -0.883422 -1.060164 -0.500892
v -1.518252 -0.917703 -0.925072
v -1.435665 -0.917703 -1.048671
v -0.800835 -1.060164 -0.624492
v -0.768728 -1.060164 -0.663615
v -1.308606 -0.917703 -1.203493
v -1.203493 -0.917703 -1.308606
v -0.663615 -1.060164 -0.768727
v -0.624492 -1.060164 -0.800835
v -1.048671 -0.917703 -1.435665
v -0.925073 -0.917703 -1.518252
v -0.500893 -1.060164 -0.883422
v -0.456258 -1.060164 -0.907279
v -0.748437 -0.917703 -1.612665
v -0.611102 -0.917703 -1.669551
v -0.318921 -1.060164 -0.964165
v -0.270489 -1.060164 -0.978858
v -0.419441 -0.917703 -1.727691
v -0.273645 -0.917703 -1.756691
v -0.124694 -1.060164 -1.007859
v -0.074327 -1.060164 -1.012819
v -0.074325 -0.917703 -1.776322
v 0.000000 0.761233 -2.878815
v 0.000000 0.705912 -3.248625
v 0.000000 0.482004 -4.209471
v 0.000000 0.448975 -4.308779
v 0.561629 0.761233 -2.823500
v 0.633775 0.705912 -3.186204
v 0.821227 0.482004 -4.128587
v 0.840600 0.448975 -4.225986
v 1.101675 0.761233 -2.659678
v 1.243196 0.705912 -3.001338
v 1.610895 0.482004 -3.889042
v 1.715701 0.388285 -4.142070
v 1.599384 0.761233 -2.393646
v 1.804839 0.705912 -2.701134
v 2.338656 0.482004 -3.500046
v 2.490813 0.388285 -3.727766
v 2.035629 0.761233 -2.035629
v 2.426368 0.678037 -2.426368
v 2.853106 0.542695 -2.853106
v 3.170203 0.388285 -3.170203
v 2.393647 0.761233 -1.599382
v 2.701133 0.705912 -1.804839
v 3.500046 0.482004 -2.338656
v 3.727764 0.388285 -2.490813
v 2.490813 0.789109 -1.031729
v 3.001338 0.705912 -1.243196
v 3.889042 0.482004 -1.610893
v 4.142070 0.388285 -1.715701
v 2.823498 0.761234 -0.561629
v 3.186203 0.705912 -0.633776
v 4.128585 0.482004 -0.821226
v 4.225985 0.448975 -0.840602
v 2.878814 0.761234 -0.000000
v 3.248625 0.705912 -0.000000
v 4.209470 0.482004 -0.000000
v 4.308777 0.448976 -0.000000
v 2.823498 0.761234 0.561628
v 3.186203 0.705912 0.633775
v 3.957372 0.542696 0.787171
v 4.397197 0.388286 0.874658
v 2.659677 0.761234 1.101675
v 3.001338 0.705912 1.243195
v 3.727764 0.542696 1.544091
v 4.142068 0.388286 1.715701
v 2.241672 0.789110 1.497837
v 2.853106 0.678038 1.906386
v 3.354898 0.542696 2.241672
v 3.727764 0.388286 2.490813
v 1.906384 0.789110 1.906386
v 2.297126 0.705912 2.297126
v 2.853106 0.542696 2.853106
v 3.170202 0.388286 3.170202
v 1.497837 0.789110 2.241672
v 1.804839 0.705912 2.701133
v 2.241671 0.542696 3.354898
v 2.490813 0.388286 3.727764
v 1.101674 0.761234 2.659677
v 1.243196 0.705912 3.001338
v 1.544089 0.542696 3.727764
v 1.715701 0.388286 4.142068
v 0.561629 0.761234 2.823498
v 0.633775 0.705912 3.186203
v 0.787170 0.542696 3.957372
v 0.874658 0.388286 4.397197
v 0.000000 0.761234 2.878814
v 0.000000 0.705912 3.248625
v 0.000000 0.542696 4.034901
v 0.000000 0.448976 4.308777
v -0.561630 0.761234 2.823498
v -0.633775 0.705912 3.186203
v -0.787170 0.542696 3.957372
v -0.840600 0.448976 4.225985
v -1.031729 0.789110 2.490812
v -1.313141 0.678038 3.170202
v -1.544089 0.542696 3.727762
v -1.648897 0.448976 3.980790
v -1.497837 0.789110 2.241671
v -1.906384 0.678038 2.853106
v -2.241671 0.542696 3.354898
v -2.393827 0.448976 3.582617
v -1.906384 0.789110 1.906384
v -2.426368 0.678038 2.426368
v -2.853106 0.542696 2.853106
v -3.170202 0.388286 3.170202
v -2.393646 0.761234 1.599382
v -2.853106 0.678038 1.906384
v -3.354898 0.542696 2.241672
v -3.727764 0.388286 2.490812
v -2.659677 0.761234 1.101673
v -3.170202 0.678038 1.313140
v -3.727762 0.542696 1.544089
v -4.142068 0.388286 1.715701
v -2.823498 0.761234 0.561628
v -3.186203 0.705912 0.633775
v -3.957372 0.542696 0.787170
v -4.225985 0.448976 0.840600
v -2.878814 0.761234 -0.000000
v -3.248625 0.705912 -0.000000
v -4.034901 0.542696 -0.000000
v -4.308777 0.448976 -0.000000
v -2.644231 0.789109 -0.525971
v -3.365469 0.678037 -0.669434
v -4.128585 0.482004 -0.821226
v -4.225985 0.448975 -0.840600
v -2.490812 0.789109 -1.031729
v -3.170202 0.678037 -1.313141
v -3.889042 0.482004 -1.610893
v -3.980790 0.448975 -1.648897
v -2.241671 0.789109 -1.497837
v -2.853106 0.678037 -1.906384
v -3.354898 0.542695 -2.241671
v -3.582617 0.448975 -2.393827
v -1.906384 0.789109 -1.906384
v -2.426368 0.678037 -2.426367
v -2.853106 0.542695 -2.853106
v -3.046766 0.448975 -3.046766
v -1.497835 0.789109 -2.241671
v -1.906384 0.678037 -2.853106
v -2.241671 0.542695 -3.354897
v -2.490812 0.388285 -3.727764
v -1.031727 0.789109 -2.490812
v -1.313141 0.678037 -3.170202
v -1.610893 0.482004 -3.889041
v -1.648897 0.448975 -3.980790
v -0.525969 0.789109 -2.644230
v -0.669433 0.678037 -3.365469
v -0.821227 0.482004 -4.128583
v -0.840600 0.448975 -4.225985
v 0.000000 0.388285 -4.483346
v 0.874658 0.388285 -4.397199
v 0.525971 0.789109 -2.644233
v 0.000000 0.789109 -2.696037
v 0.669433 0.678037 -3.365471
v 0.000000 0.678037 -3.431403
v 0.787170 0.542695 -3.957373
v 0.000000 0.542695 -4.034904
v 1.648897 0.448975 -3.980792
v 1.544091 0.542695 -3.727764
v 1.031729 0.789109 -2.490813
v 1.313141 0.678037 -3.170203
v 1.497837 0.789109 -2.241672
v 1.906386 0.678037 -2.853108
v 2.241672 0.542695 -3.354900
v 2.393829 0.448975 -3.582618
v 3.046766 0.448975 -3.046766
v 1.906386 0.789109 -1.906384
v 2.297124 0.705912 -2.297126
v 2.976544 0.482004 -2.976544
v 2.241672 0.789109 -1.497837
v 2.853108 0.678037 -1.906386
v 3.354898 0.542695 -2.241672
v 3.582618 0.448975 -2.393829
v 3.980792 0.448975 -1.648897
v 2.659677 0.761233 -1.101674
v 3.170203 0.678037 -1.313141
v 3.727764 0.542695 -1.544089
v 3.365469 0.678037 -0.669434
v 2.644233 0.789109 -0.525971
v 3.957373 0.542695 -0.787170
v 4.397197 0.388285 -0.874658
v 2.696035 0.789109 -0.000000
v 3.431403 0.678038 -0.000000
v 4.034903 0.542696 -0.000000
v 4.483344 0.388286 -0.000000
v 3.365469 0.678038 0.669433
v 2.644231 0.789109 0.525970
v 4.128585 0.482004 0.821227
v 4.225985 0.448976 0.840600
v 2.490812 0.789110 1.031728
v 3.170202 0.678038 1.313140
v 3.889042 0.482004 1.610895
v 3.980790 0.448976 1.648897
v 3.500045 0.482004 2.338656
v 2.701133 0.705912 1.804839
v 3.582617 0.448976 2.393829
v 2.393646 0.761234 1.599384
v 2.035629 0.761234 2.035629
v 2.426368 0.678038 2.426368
v 2.976543 0.482004 2.976544
v 3.046766 0.448976 3.046766
v 2.393829 0.448976 3.582617
v 2.338655 0.482004 3.500046
v 1.599382 0.761234 2.393647
v 1.906386 0.678038 2.853106
v 1.031727 0.789110 2.490813
v 1.313141 0.678038 3.170203
v 1.610893 0.482004 3.889042
v 1.648897 0.448976 3.980790
v 0.840600 0.448976 4.225985
v 0.821226 0.482004 4.128585
v 0.525971 0.789110 2.644233
v 0.669433 0.678038 3.365469
v 0.000000 0.789110 2.696035
v 0.000000 0.678038 3.431403
v 0.000000 0.482004 4.209468
v 0.000000 0.388286 4.483344
v -0.874658 0.388286 4.397197
v -0.525971 0.789110 2.644231
v -0.669433 0.678038 3.365469
v -0.821227 0.482004 4.128585
v -1.101675 0.761234 2.659677
v -1.243194 0.705912 3.001338
v -1.610893 0.482004 3.889042
v -1.715701 0.388286 4.142068
v -2.490812 0.388286 3.727764
v -1.599384 0.761234 2.393646
v -1.804839 0.705912 2.701133
v -2.338655 0.482004 3.500045
v -2.297124 0.705912 2.297126
v -2.035629 0.761234 2.035627
v -2.976543 0.482004 2.976543
v -3.046766 0.448976 3.046766
v -2.241672 0.789110 1.497837
v -2.701133 0.705912 1.804839
v -3.500045 0.482004 2.338656
v -3.582617 0.448976 2.393827
v -3.889042 0.482004 1.610893
v -3.001338 0.705912 1.243195
v -3.980790 0.448976 1.648897
v -2.490812 0.789110 1.031728
v -2.644231 0.789109 0.525970
v -3.365469 0.678038 0.669433
v -4.128585 0.482004 0.821226
v -4.397197 0.388286 0.874656
v -4.209468 0.482004 -0.000000
v -3.431403 0.678038 -0.000000
v -4.483344 0.388286 -0.000000
v -2.696035 0.789109 -0.000000
v -2.823497 0.761234 -0.561629
v -3.186203 0.705912 -0.633776
v -3.957372 0.542695 -0.787170
v -4.397197 0.388285 -0.874658
v -4.142068 0.388285 -1.715701
v -3.727762 0.542695 -1.544089
v -2.659677 0.761233 -1.101674
v -3.001337 0.705912 -1.243194
v -2.393644 0.761233 -1.599382
v -2.701133 0.705912 -1.804839
v -3.500045 0.482004 -2.338655
v -3.727764 0.388285 -2.490812
v -3.170202 0.388285 -3.170202
v -2.976543 0.482004 -2.976543
v -2.035627 0.761233 -2.035627
v -2.297124 0.705912 -2.297124
v -1.599382 0.761233 -2.393644
v -1.804839 0.705912 -2.701133
v -2.338655 0.482004 -3.500045
v -2.393827 0.448975 -3.582617
v -1.715700 0.388285 -4.142068
v -1.101674 0.761235 -2.659675
v -1.243194 0.705912 -3.001337
v -1.544089 0.542695 -3.727762
v -0.633775 0.705912 -3.186203
v -0.561629 0.761235 -2.823497
v -0.787170 0.542695 -3.957372
v -0.874656 0.388285 -4.397196
v 0.000000 0.818388 -2.878815
v 0.000000 0.763065 -3.248625
v 0.000000 0.539157 -4.209471
v 0.000000 0.506130 -4.308779
v 0.561629 0.818388 -2.823500
v 0.633775 0.763065 -3.186204
v 0.821227 0.539157 -4.128587
v 0.840600 0.506130 -4.225986
v 1.101675 0.818388 -2.659678
v 1.243196 0.763065 -3.001338
v 1.610895 0.539157 -3.889042
v 1.648897 0.506130 -3.980792
v 1.599384 0.818388 -2.393646
v 1.804839 0.763065 -2.701134
v 2.338656 0.539157 -3.500046
v 2.393829 0.506130 -3.582618
v 2.035629 0.818388 -2.035629
v 2.297124 0.763065 -2.297126
v 2.976544 0.539157 -2.976544
v 3.046766 0.506130 -3.046766
v 2.393647 0.818388 -1.599382
v 2.701133 0.763065 -1.804839
v 3.500046 0.539157 -2.338656
v 3.582618 0.506130 -2.393829
v 2.659677 0.818388 -1.101674
v 3.001338 0.763065 -1.243196
v 3.889042 0.539157 -1.610893
v 3.980792 0.506130 -1.648897
v 2.823498 0.818388 -0.561629
v 3.186203 0.763065 -0.633776
v 4.128585 0.539157 -0.821226
v 4.225985 0.506130 -0.840602
v 2.878814 0.818388 -0.000000
v 3.248625 0.763065 -0.000000
v 4.209470 0.539157 -0.000000
v 4.308777 0.506130 -0.000000
v 2.823498 0.818388 0.561628
v 3.186203 0.763065 0.633775
v 4.128585 0.539157 0.821227
v 4.225985 0.506130 0.840600
v 2.659677 0.818388 1.101675
v 3.001338 0.763065 1.243195
v 3.889042 0.539157 1.610895
v 3.980790 0.506130 1.648897
v 2.393646 0.818388 1.599384
v 2.701133 0.763065 1.804839
v 3.500045 0.539157 2.338656
v 3.582617 0.506130 2.393829
v 2.035629 0.818388 2.035629
v 2.297126 0.763065 2.297126
v 2.976543 0.539157 2.976544
v 3.046766 0.506130 3.046766
v 1.599382 0.818388 2.393647
v 1.804839 0.763065 2.701133
v 2.338655 0.539157 3.500046
v 2.393829 0.506130 3.582617
v 1.101674 0.818388 2.659677
v 1.243196 0.763065 3.001338
v 1.610893 0.539157 3.889042
v 1.648897 0.506130 3.980790
v 0.561629 0.818388 2.823498
v 0.633775 0.763065 3.186203
v 0.821226 0.539157 4.128585
v 0.840600 0.506130 4.225985
v 0.000000 0.818388 2.878814
v 0.000000 0.763065 3.248625
v 0.000000 0.539157 4.209468
v 0.000000 0.506130 4.308777
v -0.561630 0.818388 2.823498
v -0.633775 0.763065 3.186203
v -0.821227 0.539157 4.128585
v -0.840600 0.506130 4.225985
v -1.101675 0.818388 2.659677
v -1.243194 0.763065 3.001338
v -1.610893 0.539157 3.889042
v -1.648897 0.506130 3.980790
v -1.599384 0.818388 2.393646
v -1.804839 0.763065 2.701133
v -2.338655 0.539157 3.500045
v -2.393827 0.506130 3.582617
v -2.035629 0.818388 2.035627
v -2.297124 0.763065 2.297126
v -2.976543 0.539157 2.976543
v -3.046766 0.506130 3.046766
v -2.393646 0.818388 1.599382
v -2.701133 0.763065 1.804839
v -3.500045 0.539157 2.338656
v -3.582617 0.506130 2.393827
v -2.659677 0.818388 1.101673
v -3.001338 0.763065 1.243195
v -3.889042 0.539157 1.610893
v -3.980790 0.506130 1.648897
v -2.823498 0.818388 0.561628
v -3.186203 0.763065 0.633775
v -4.128585 0.539157 0.821226
v -4.225985 0.506130 0.840600
v -2.878814 0.818388 -0.000000
v -3.248625 0.763065 -0.000000
v -4.209468 0.539157 -0.000000
v -4.308777 0.506130 -0.000000
v -2.823497 0.818388 -0.561629
v -3.186203 0.763065 -0.633776
v -4.128585 0.539157 -0.821226
v -4.225985 0.506130 -0.840600
v -2.659677 0.818388 -1.101674
v -3.001337 0.763065 -1.243194
v -3.889042 0.539157 -1.610893
v -3.980790 0.506130 -1.648897
v -2.393644 0.818388 -1.599382
v -2.701133 0.763065 -1.804839
v -3.500045 0.539157 -2.338655
v -3.582617 0.506130 -2.393827
v -2.035627 0.818388 -2.035627
v -2.297124 0.763065 -2.297124
v -2.976543 0.539157 -2.976543
v -3.046766 0.506130 -3.046766
v -1.599382 0.818388 -2.393644
v -1.804839 0.763065 -2.701133
v -2.338655 0.539157 -3.500045
v -2.393827 0.506130 -3.582617
v -1.101674 0.818388 -2.659675
v -1.243194 0.763065 -3.001337
v -1.610893 0.539157 -3.889041
v -1.648897 0.506130 -3.980790
v -0.561629 0.818388 -2.823497
v -0.633775 0.763065 -3.186203
v -0.821227 0.539157 -4.128583
v -0.840600 0.506130 -4.225985
v 0.951117 -0.080526 -4.781592
v 0.951117 0.080526 -4.781592
v 0.959157 -0.000000 -4.822005
v 1.865685 0.080526 -4.504161
v 1.865685 -0.080526 -4.504161
v 1.881453 -0.000000 -4.542230
v 2.708555 0.080526 -4.053638
v 2.708555 -0.080526 -4.053638
v 2.731448 -0.000000 -4.087899
v 3.447335 0.080526 -3.447335
v 3.447335 -0.080526 -3.447335
v 3.476472 -0.000000 -3.476472
v 4.053638 0.080526 -2.708553
v 4.053638 -0.080526 -2.708553
v 4.087899 -0.000000 -2.731446
v 4.504159 0.080526 -1.865683
v 4.504159 -0.080526 -1.865683
v 4.542230 -0.000000 -1.881453
v 4.781590 0.080526 -0.951117
v 4.781590 -0.080526 -0.951117
v 4.822005 -0.000000 -0.959156
v 4.875267 0.080526 -0.000000
v 4.875267 -0.080526 0.000000
v 4.916472 0.000000 0.000000
v 4.781589 0.080526 0.951118
v 4.781589 -0.080526 0.951118
v 4.822003 0.000000 0.959157
v 4.504158 0.080526 1.865685
v 4.504158 -0.080526 1.865685
v 4.542228 0.000000 1.881453
v 4.053636 0.080526 2.708553
v 4.053636 -0.080526 2.708553
v 4.087897 0.000000 2.731446
v 3.447333 0.080526 3.447335
v 3.447333 -0.080526 3.447335
v 3.476470 0.000000 3.476472
v 2.708551 0.080526 4.053636
v 2.708551 -0.080526 4.053636
v 2.731445 0.000000 4.087897
v 1.865682 0.080526 4.504158
v 1.865682 -0.080526 4.504158
v 1.881451 0.000000 4.542228
v 0.951115 0.080526 4.781589
v 0.951115 -0.080526 4.781589
v 0.959156 0.000000 4.822003
v -0.000002 0.080526 4.875265
v -0.000002 -0.080526 4.875265
v -0.000002 0.000000 4.916471
v -0.951118 0.080526 4.781589
v -0.951118 -0.080526 4.781589
v -0.959157 0.000000 4.822002
v -1.865683 0.080526 4.504156
v -1.865683 -0.080526 4.504156
v -1.881453 0.000000 4.542227
v -2.708553 0.080526 4.053635
v -2.708553 -0.080526 4.053635
v -2.731446 0.000000 4.087896
v -3.447335 0.080526 3.447332
v -3.447335 -0.080526 3.447332
v -3.476470 0.000000 3.476469
v -4.053636 0.080526 2.708551
v -4.053636 -0.080526 2.708551
v -4.087897 0.000000 2.731443
v -4.504158 0.080526 1.865682
v -4.504158 -0.080526 1.865682
v -4.542228 0.000000 1.881450
v -4.781588 0.080526 0.951115
v -4.781588 -0.080526 0.951115
v -4.822002 0.000000 0.959154
v -4.875264 0.080526 -0.000002
v -4.875264 -0.080526 -0.000001
v -4.916471 -0.000000 -0.000002
v -4.781588 0.080526 -0.951118
v -4.781588 -0.080526 -0.951118
v -4.822002 -0.000000 -0.959157
v -4.504156 0.080526 -1.865683
v -4.504156 -0.080526 -1.865683
v -4.542227 -0.000000 -1.881453
v -4.053633 0.080526 -2.708553
v -4.053633 -0.080526 -2.708553
v -4.087894 -0.000000 -2.731446
v -3.447332 0.080526 -3.447333
v -3.447332 -0.080526 -3.447333
v -3.476469 -0.000000 -3.476470
v -2.708550 0.080526 -4.053635
v -2.708550 -0.080526 -4.053635
v -2.731443 -0.000000 -4.087896
v -1.865681 0.080526 -4.504156
v -1.865681 -0.080526 -4.504156
v -1.881450 -0.000000 -4.542227
v -0.951115 0.080526 -4.781588
v -0.951115 -0.080526 -4.781588
v -0.959154 -0.000000 -4.822001
v 0.000002 0.080526 -4.875264
v 0.000002 -0.080526 -4.875262
v 0.000002 -0.000000 -4.916469
vn -0.0000 0.8549 -0.5187
vn 0.1128 0.8160 -0.5670
vn -0.0000 0.8160 -0.5781
vn 0.9239 -0.0000 -0.3827
vn 0.2991 0.6238 -0.7221
vn 0.3212 0.8160 -0.4806
vn 0.4342 0.6238 -0.6499
vn -0.0000 0.9993 -0.0381
vn -0.0000 1.0000 -0.0000
vn 0.0074 0.9993 -0.0374
vn -0.9808 -0.0000 -0.1951
vn 0.1128 -0.8160 -0.5670
vn 0.2991 -0.6238 -0.7221
vn 0.2212 -0.8160 -0.5341
vn 0.0152 0.9969 -0.0767
vn -0.0000 0.9969 -0.0782
vn -0.0000 -0.8160 -0.5781
vn 0.0998 -0.8872 -0.4505
vn -0.0100 -0.8872 -0.4613
vn 0.0191 0.9952 -0.0960
vn -0.0000 0.9952 -0.0979
vn 0.6344 -0.0000 0.7730
vn 0.9808 -0.0000 -0.1951
vn 0.3827 -0.0000 -0.9239
vn -0.0000 0.9758 -0.2188
vn 0.0427 0.9758 -0.2146
vn 0.8315 -0.0000 -0.5556
vn 0.7071 -0.0000 -0.7071
vn -0.2903 -0.0000 -0.9569
vn 0.0365 -0.9920 -0.1204
vn 0.0543 -0.9823 -0.1791
vn 1.0000 -0.0000 -0.0000
vn 0.9808 -0.0000 0.1951
vn 0.0332 -0.9883 -0.1490
vn 0.0552 -0.9883 -0.1424
vn 0.1985 0.8549 -0.4792
vn 0.2212 0.8160 -0.5341
vn -0.0000 -0.6238 -0.7816
vn 0.0146 0.9993 -0.0352
vn -0.0000 -0.0000 1.0000
vn -0.0000 0.6238 -0.7816
vn 0.1525 0.6238 -0.7666
vn 0.0299 0.9969 -0.0722
vn 0.1673 -0.8872 -0.4300
vn 0.0375 0.9952 -0.0905
vn 0.0804 -0.9609 -0.2651
vn -0.8315 -0.0000 -0.5556
vn -0.7071 -0.0000 -0.7071
vn -0.0000 -0.0000 -1.0000
vn 0.0837 0.9758 -0.2022
vn 0.2645 -0.8872 -0.3780
vn 0.0544 0.9952 -0.0814
vn -0.1951 -0.0000 -0.9808
vn 0.1216 0.9758 -0.1819
vn -0.9239 -0.0000 -0.3827
vn -0.3827 -0.0000 -0.9239
vn -0.5556 -0.0000 -0.8315
vn 0.2882 0.8549 -0.4313
vn -0.4714 -0.0000 -0.8819
vn 0.3212 -0.8160 -0.4806
vn 0.0212 0.9993 -0.0317
vn 0.4088 0.8160 -0.4088
vn 0.5527 0.6238 -0.5527
vn 0.0434 0.9969 -0.0650
vn 0.0798 -0.9920 -0.0973
vn 0.1055 -0.9883 -0.1104
vn 0.0877 -0.9883 -0.1250
vn 0.4342 -0.6238 -0.6499
vn 0.4088 -0.8160 -0.4088
vn 0.0270 0.9993 -0.0270
vn 0.4806 0.8160 -0.3212
vn 0.6499 0.6238 -0.4342
vn 0.0553 0.9969 -0.0553
vn 0.3191 -0.8872 -0.3332
vn 0.0692 0.9952 -0.0692
vn 0.1758 -0.9609 -0.2142
vn -0.9808 -0.0000 0.1951
vn -0.9239 -0.0000 0.3827
vn 0.1547 0.9758 -0.1547
vn 0.1188 -0.9823 -0.1447
vn -0.7071 -0.0000 0.7071
vn -0.8315 -0.0000 0.5556
vn 0.0814 0.9952 -0.0544
vn 0.7071 -0.0000 0.7071
vn 0.8315 -0.0000 0.5556
vn -0.5556 -0.0000 0.8315
vn 0.1819 0.9758 -0.1216
vn 0.5556 -0.0000 0.8315
vn 0.3827 -0.0000 0.9239
vn 0.3668 0.8549 -0.3668
vn 0.4714 -0.0000 0.8819
vn 0.5527 -0.6238 -0.5527
vn 0.4806 -0.8160 -0.3212
vn 0.0317 0.9993 -0.0212
vn 0.8819 -0.0000 0.4714
vn 0.5341 0.8160 -0.2212
vn 0.7221 0.6238 -0.2991
vn 0.0650 0.9969 -0.0434
vn 0.3891 -0.8872 -0.2480
vn 0.4792 0.8549 -0.1985
vn -0.0980 -0.0000 0.9952
vn 0.6499 -0.6238 -0.4342
vn 0.5341 -0.8160 -0.2212
vn 0.0352 0.9993 -0.0146
vn 0.7666 0.6238 -0.1525
vn 0.0722 0.9969 -0.0299
vn 0.4224 -0.8872 -0.1857
vn 0.0905 0.9952 -0.0375
vn 0.2443 -0.9609 -0.1306
vn -0.9952 -0.0000 0.0980
vn 0.2022 0.9758 -0.0837
vn 0.1651 -0.9823 -0.0882
vn 0.1110 -0.9920 -0.0593
vn 0.1397 -0.9883 -0.0616
vn 0.1289 -0.9883 -0.0819
vn 0.2146 0.9758 -0.0427
vn 0.5087 0.8549 -0.1012
vn 0.5670 0.8160 -0.1128
vn 0.7666 -0.6238 -0.1525
vn 0.5670 -0.8160 -0.1128
vn 0.0374 0.9993 -0.0074
vn 0.7816 0.6238 -0.0000
vn 0.0767 0.9969 -0.0152
vn 0.4544 -0.8872 -0.0802
vn 0.0960 0.9952 -0.0191
vn 0.7816 -0.6238 -0.0000
vn 0.5781 -0.8160 -0.0000
vn 0.0381 0.9993 -0.0000
vn 0.5670 0.8160 0.1128
vn 0.7666 0.6238 0.1525
vn 0.0782 0.9969 -0.0000
vn 0.4613 -0.8872 -0.0100
vn 0.0979 0.9952 -0.0000
vn 0.2757 -0.9609 -0.0272
vn 0.2188 0.9758 -0.0000
vn 0.1253 -0.9920 -0.0123
vn 0.1863 -0.9823 -0.0183
vn 0.1504 -0.9883 -0.0264
vn 0.1526 -0.9883 -0.0035
vn 0.5187 0.8549 -0.0000
vn 0.5781 0.8160 -0.0000
vn 0.2146 0.9758 0.0427
vn 0.5556 -0.0000 -0.8315
vn 0.0980 -0.0000 -0.9952
vn 0.5670 -0.8160 0.1128
vn 0.0374 0.9993 0.0074
vn -0.6344 -0.0000 -0.7730
vn 0.5341 0.8160 0.2212
vn 0.7221 0.6238 0.2991
vn 0.0767 0.9969 0.0152
vn 0.4505 -0.8872 0.0998
vn 0.0960 0.9952 0.0191
vn 0.7666 -0.6238 0.1525
vn 0.5341 -0.8160 0.2212
vn 0.0352 0.9993 0.0146
vn 0.6499 0.6238 0.4342
vn 0.0722 0.9969 0.0299
vn 0.4300 -0.8872 0.1673
vn 0.0905 0.9952 0.0375
vn 0.2651 -0.9609 0.0804
vn 0.9952 -0.0000 -0.0980
vn 0.2022 0.9758 0.0837
vn 0.1204 -0.9920 0.0365
vn 0.1791 -0.9823 0.0543
vn 0.1490 -0.9883 0.0332
vn 0.1424 -0.9883 0.0552
vn 0.4792 0.8549 0.1985
vn 0.6344 -0.0000 -0.7730
vn -1.0000 -0.0000 -0.0000
vn 0.1819 0.9758 0.1216
vn 0.4313 0.8549 0.2882
vn 0.4806 0.8160 0.3212
vn 0.6499 -0.6238 0.4342
vn 0.4806 -0.8160 0.3212
vn 0.0317 0.9993 0.0212
vn 0.5527 0.6238 0.5527
vn 0.0650 0.9969 0.0434
vn 0.3780 -0.8872 0.2645
vn 0.0814 0.9952 0.0544
vn -0.3827 -0.0000 0.9239
vn 0.3212 0.8160 0.4806
vn 0.4342 0.6238 0.6499
vn 0.0270 0.9993 0.0270
vn 0.0553 0.9969 0.0553
vn 0.4088 -0.8160 0.4088
vn 0.3332 -0.8872 0.3191
vn 0.0692 0.9952 0.0692
vn 0.2142 -0.9609 0.1758
vn 0.1547 0.9758 0.1547
vn 0.1447 -0.9823 0.1188
vn 0.0973 -0.9920 0.0798
vn 0.9239 -0.0000 0.3827
vn 0.1104 -0.9883 0.1055
vn 0.1250 -0.9883 0.0877
vn 0.3668 0.8549 0.3668
vn 0.4088 0.8160 0.4088
vn -0.6344 -0.0000 0.7730
vn 0.5527 -0.6238 0.5527
vn -0.1951 -0.0000 0.9808
vn 0.2882 0.8549 0.4313
vn 0.3212 -0.8160 0.4806
vn 0.0212 0.9993 0.0317
vn 0.2212 0.8160 0.5341
vn 0.2991 0.6238 0.7221
vn 0.0434 0.9969 0.0650
vn 0.2480 -0.8872 0.3891
vn 0.0544 0.9952 0.0814
vn 0.9952 -0.0000 0.0980
vn 0.1216 0.9758 0.1819
vn 0.0146 0.9993 0.0352
vn 0.0299 0.9969 0.0722
vn 0.1857 -0.8872 0.4224
vn 0.0375 0.9952 0.0905
vn 0.1306 -0.9609 0.2443
vn 0.0837 0.9758 0.2022
vn 0.0593 -0.9920 0.1110
vn 0.0882 -0.9823 0.1651
vn 0.0616 -0.9883 0.1397
vn 0.0819 -0.9883 0.1289
vn 0.1985 0.8549 0.4792
vn 0.4342 -0.6238 0.6499
vn 0.2212 -0.8160 0.5341
vn 0.1128 0.8160 0.5670
vn 0.1525 0.6238 0.7666
vn 0.1012 0.8549 0.5087
vn -0.9569 -0.0000 0.2903
vn 0.2991 -0.6238 0.7221
vn 0.1128 -0.8160 0.5670
vn 0.0074 0.9993 0.0374
vn -0.0000 0.8160 0.5781
vn -0.0000 0.6238 0.7816
vn 0.0152 0.9969 0.0767
vn 0.0802 -0.8872 0.4544
vn 0.0191 0.9952 0.0960
vn 0.1951 -0.0000 -0.9808
vn 0.0427 0.9758 0.2146
vn -0.0000 -0.8160 0.5781
vn 0.0100 -0.8872 0.4613
vn -0.0000 0.9952 0.0979
vn 0.0272 -0.9609 0.2757
vn 0.1951 -0.0000 0.9808
vn -0.0000 0.9758 0.2188
vn 0.0123 -0.9920 0.1253
vn 0.0183 -0.9823 0.1863
vn 0.0264 -0.9883 0.1504
vn 0.0035 -0.9883 0.1526
vn -0.0000 0.8549 0.5187
vn 0.1525 -0.6238 0.7666
vn -0.0000 0.9993 0.0381
vn -0.1128 0.8160 0.5670
vn -0.1525 0.6238 0.7666
vn -0.0000 0.9969 0.0782
vn -0.8819 -0.0000 -0.4714
vn -0.1012 0.8549 0.5087
vn 0.9569 -0.0000 -0.2903
vn -0.0000 -0.6238 0.7816
vn -0.1128 -0.8160 0.5670
vn -0.0074 0.9993 0.0374
vn -0.2991 0.6238 0.7221
vn -0.0152 0.9969 0.0767
vn -0.0998 -0.8872 0.4505
vn -0.0191 0.9952 0.0960
vn -0.0427 0.9758 0.2146
vn -0.0375 0.9952 0.0905
vn -0.0804 -0.9609 0.2651
vn -0.1673 -0.8872 0.4300
vn -0.0837 0.9758 0.2022
vn -0.0365 -0.9920 0.1204
vn -0.0543 -0.9823 0.1791
vn -0.0332 -0.9883 0.1490
vn -0.0552 -0.9883 0.1424
vn -0.1985 0.8549 0.4792
vn -0.2212 0.8160 0.5341
vn 0.9569 -0.0000 0.2903
vn -0.2991 -0.6238 0.7221
vn -0.2212 -0.8160 0.5341
vn -0.0146 0.9993 0.0352
vn -0.3212 0.8160 0.4806
vn -0.4342 0.6238 0.6499
vn -0.0299 0.9969 0.0722
vn -0.2882 0.8549 0.4313
vn -0.3212 -0.8160 0.4806
vn -0.0212 0.9993 0.0317
vn -0.4088 0.8160 0.4088
vn -0.5527 0.6238 0.5527
vn -0.0434 0.9969 0.0650
vn -0.2645 -0.8872 0.3780
vn -0.0544 0.9952 0.0814
vn -0.1216 0.9758 0.1819
vn -0.1758 -0.9609 0.2142
vn -0.1547 0.9758 0.1547
vn -0.1188 -0.9823 0.1447
vn -0.0798 -0.9920 0.0973
vn -0.1055 -0.9883 0.1104
vn -0.0877 -0.9883 0.1250
vn -0.3668 0.8549 0.3668
vn -0.9569 -0.0000 -0.2903
vn -0.4342 -0.6238 0.6499
vn -0.4088 -0.8160 0.4088
vn -0.0270 0.9993 0.0270
vn -0.4806 0.8160 0.3212
vn -0.6499 0.6238 0.4342
vn -0.0553 0.9969 0.0553
vn -0.3191 -0.8872 0.3332
vn -0.0692 0.9952 0.0692
vn -0.5527 -0.6238 0.5527
vn -0.4806 -0.8160 0.3212
vn -0.0317 0.9993 0.0212
vn -0.5341 0.8160 0.2212
vn -0.7221 0.6238 0.2991
vn -0.0650 0.9969 0.0434
vn -0.3891 -0.8872 0.2480
vn -0.0814 0.9952 0.0544
vn -0.1819 0.9758 0.1216
vn -0.4313 0.8549 0.2882
vn -0.2022 0.9758 0.0837
vn -0.1110 -0.9920 0.0593
vn -0.1651 -0.9823 0.0882
vn -0.1289 -0.9883 0.0819
vn -0.1397 -0.9883 0.0616
vn -0.6499 -0.6238 0.4342
vn -0.5341 -0.8160 0.2212
vn -0.0352 0.9993 0.0146
vn -0.5670 0.8160 0.1128
vn -0.7666 0.6238 0.1525
vn -0.0722 0.9969 0.0299
vn -0.4224 -0.8872 0.1857
vn -0.0905 0.9952 0.0375
vn -0.2443 -0.9609 0.1306
vn -0.0374 0.9993 0.0074
vn -0.9952 -0.0000 -0.0980
vn -0.5781 0.8160 -0.0000
vn -0.7816 0.6238 -0.0000
vn -0.0767 0.9969 0.0152
vn -0.5670 -0.8160 0.1128
vn -0.4544 -0.8872 0.0802
vn -0.0960 0.9952 0.0191
vn -0.2146 0.9758 0.0427
vn -0.5087 0.8549 0.1012
vn -0.7221 -0.6238 0.2991
vn -0.2188 0.9758 -0.0000
vn -0.1863 -0.9823 0.0184
vn -0.1253 -0.9920 0.0123
vn -0.1504 -0.9883 0.0264
vn -0.1526 -0.9883 0.0035
vn -0.7666 -0.6238 0.1525
vn -0.5781 -0.8160 -0.0000
vn -0.0381 0.9993 -0.0000
vn -0.5670 0.8160 -0.1128
vn -0.7666 0.6238 -0.1525
vn -0.0782 0.9969 -0.0000
vn -0.4613 -0.8872 0.0100
vn -0.0979 0.9952 -0.0000
vn -0.2757 -0.9609 0.0272
vn -0.5341 0.8160 -0.2212
vn -0.7221 0.6238 -0.2991
vn -0.0767 0.9969 -0.0152
vn -0.4505 -0.8872 -0.0998
vn -0.0960 0.9952 -0.0191
vn -0.2146 0.9758 -0.0427
vn -0.5087 0.8549 -0.1012
vn -0.7816 -0.6238 -0.0000
vn -0.5670 -0.8160 -0.1128
vn -0.0374 0.9993 -0.0074
vn -0.1204 -0.9920 -0.0365
vn -0.1791 -0.9823 -0.0543
vn -0.1424 -0.9883 -0.0552
vn -0.1490 -0.9883 -0.0332
vn 0.0980 -0.0000 0.9952
vn -0.7666 -0.6238 -0.1525
vn -0.5341 -0.8160 -0.2212
vn -0.0352 0.9993 -0.0146
vn -0.4806 0.8160 -0.3212
vn -0.6499 0.6238 -0.4342
vn -0.0722 0.9969 -0.0299
vn -0.4300 -0.8872 -0.1673
vn -0.0905 0.9952 -0.0375
vn -0.2651 -0.9609 -0.0804
vn -0.2022 0.9758 -0.0837
vn -0.0650 0.9969 -0.0434
vn -0.4806 -0.8160 -0.3212
vn -0.3780 -0.8872 -0.2645
vn -0.0814 0.9952 -0.0544
vn -0.1819 0.9758 -0.1216
vn -0.4313 0.8549 -0.2882
vn -0.7221 -0.6238 -0.2991
vn -0.0317 0.9993 -0.0212
vn -0.4088 0.8160 -0.4088
vn -0.5527 0.6238 -0.5527
vn -0.0973 -0.9920 -0.0798
vn -0.1104 -0.9883 -0.1055
vn -0.1250 -0.9883 -0.0877
vn -0.3668 0.8549 -0.3668
vn -0.6499 -0.6238 -0.4342
vn -0.4088 -0.8160 -0.4088
vn -0.0270 0.9993 -0.0270
vn -0.3212 0.8160 -0.4806
vn -0.4342 0.6238 -0.6499
vn -0.0553 0.9969 -0.0553
vn -0.3332 -0.8872 -0.3191
vn -0.0692 0.9952 -0.0692
vn -0.2142 -0.9609 -0.1758
vn -0.1547 0.9758 -0.1547
vn -0.1447 -0.9823 -0.1188
vn -0.3212 -0.8160 -0.4806
vn -0.2480 -0.8872 -0.3891
vn -0.0544 0.9952 -0.0814
vn -0.1216 0.9758 -0.1819
vn -0.2882 0.8549 -0.4313
vn -0.0980 -0.0000 -0.9952
vn -0.5527 -0.6238 -0.5527
vn -0.0212 0.9993 -0.0317
vn -0.2212 0.8160 -0.5341
vn -0.2991 0.6238 -0.7221
vn -0.0434 0.9969 -0.0650
vn -0.0593 -0.9920 -0.1110
vn -0.0616 -0.9883 -0.1397
vn -0.0819 -0.9883 -0.1289
vn 0.4714 -0.0000 -0.8819
vn -0.4342 -0.6238 -0.6499
vn -0.2212 -0.8160 -0.5341
vn -0.0146 0.9993 -0.0352
vn -0.1128 0.8160 -0.5670
vn -0.1525 0.6238 -0.7666
vn -0.0299 0.9969 -0.0722
vn -0.1857 -0.8872 -0.4224
vn -0.0375 0.9952 -0.0905
vn -0.1306 -0.9609 -0.2443
vn -0.0837 0.9758 -0.2022
vn -0.0882 -0.9823 -0.1651
vn -0.0427 0.9758 -0.2146
vn -0.1985 0.8549 -0.4792
vn -0.2991 -0.6238 -0.7221
vn -0.1128 -0.8160 -0.5670
vn -0.0074 0.9993 -0.0374
vn -0.0152 0.9969 -0.0767
vn -0.0802 -0.8872 -0.4544
vn -0.0191 0.9952 -0.0960
vn -0.4714 -0.0000 0.8819
vn -0.1525 -0.6238 -0.7666
vn -0.0272 -0.9609 -0.2757
vn -0.0184 -0.9823 -0.1863
vn -0.0123 -0.9920 -0.1253
vn -0.0035 -0.9883 -0.1526
vn -0.0264 -0.9883 -0.1504
vn 0.8260 -0.1397 0.5460
vn 0.9144 -0.1230 0.3857
vn 0.8206 -0.1405 0.5540
vn -0.7130 -0.0488 0.6995
vn -0.8257 -0.0209 0.5637
vn -0.8368 -0.0177 0.5472
vn 0.0191 0.9952 0.0961
vn -0.0000 0.9952 0.0980
vn 0.0191 0.9952 -0.0961
vn 0.0375 0.9952 -0.0906
vn -0.9195 0.1099 -0.3773
vn -0.9742 0.1008 -0.2017
vn -0.9768 0.0984 -0.1902
vn -0.9195 0.1217 -0.3738
vn -0.9144 0.1230 -0.3857
vn 0.3771 -0.1597 0.9123
vn 0.5475 -0.1591 0.8215
vn 0.3785 -0.1597 0.9117
vn -0.0191 0.9952 -0.0961
vn -0.0375 0.9952 -0.0906
vn 0.0980 0.9952 -0.0000
vn 0.0961 0.9952 -0.0191
vn -0.0906 0.9952 0.0375
vn -0.0815 0.9952 0.0545
vn 0.9999 0.0117 0.0044
vn 0.9775 -0.0988 0.1864
vn 0.9974 -0.0720 -0.0090
vn 0.9199 -0.0109 -0.3919
vn 0.8368 0.0177 -0.5472
vn 0.9276 -0.0141 -0.3734
vn -0.1953 0.1545 -0.9685
vn -0.3771 0.1597 -0.9123
vn -0.1901 0.1543 -0.9696
vn -0.3877 -0.1041 0.9159
vn -0.5466 -0.0805 0.8336
vn -0.5612 -0.0780 0.8240
vn -0.0045 -0.1429 0.9897
vn -0.1876 -0.1272 0.9740
vn -0.1996 -0.1260 0.9717
vn 0.0375 0.9952 0.0906
vn -0.0545 0.9952 -0.0815
vn -0.0693 0.9952 -0.0693
vn -0.0961 0.9952 0.0191
vn -0.0693 0.9952 0.0693
vn -0.0545 0.9952 0.0815
vn -0.3791 0.1292 -0.9163
vn -0.3785 0.1598 -0.9117
vn -0.9816 0.0453 0.1855
vn -0.9974 0.0720 0.0090
vn -0.9972 0.0746 -0.0089
vn 0.3843 0.1010 -0.9177
vn 0.5466 0.0804 -0.8336
vn 0.3736 0.1059 -0.9215
vn -0.0000 0.9952 -0.0980
vn -0.0815 0.9952 -0.0545
vn -0.0906 0.9952 -0.0375
vn -0.6967 0.1527 -0.7010
vn -0.5495 0.1591 -0.8202
vn -0.5475 0.1591 -0.8215
vn 0.7010 -0.1524 0.6967
vn 0.6967 -0.1527 0.7010
vn -0.9199 0.0109 0.3919
vn -0.9276 0.0141 0.3734
vn -0.0375 0.9952 0.0906
vn -0.0191 0.9952 0.0961
vn 0.5571 0.0880 -0.8258
vn 0.6994 0.0517 -0.7128
vn -0.7026 0.1254 -0.7004
vn -0.8206 0.1405 -0.5540
vn -0.8269 0.1191 -0.5496
vn 0.7086 0.0733 -0.7018
vn 0.8257 0.0209 -0.5637
vn -0.8260 0.1397 -0.5460
vn -0.0961 0.9952 -0.0191
vn -0.0980 0.9952 -0.0000
vn 0.0815 0.9952 0.0545
vn 0.0906 0.9952 0.0375
vn 0.0815 0.9952 -0.0545
vn 0.0906 0.9952 -0.0375
vn 0.0693 0.9952 -0.0693
vn 0.0961 0.9952 0.0191
vn 0.1901 -0.1543 0.9696
vn 0.0044 -0.1435 0.9896
vn 0.8299 -0.0212 0.5574
vn 0.7010 -0.1523 0.6967
vn 0.0545 0.9952 0.0815
vn 0.9195 -0.1217 0.3738
vn 0.9742 -0.1008 0.2017
vn 0.5612 0.0780 -0.8240
vn 0.7130 0.0488 -0.6995
vn 0.0545 0.9952 -0.0815
vn 0.0693 0.9952 0.0693
vn -0.6994 -0.0517 0.7128
vn -0.1922 0.1264 -0.9732
vn -0.0044 0.1435 -0.9896
vn -0.5514 0.1289 -0.8242
vn 0.9816 -0.0453 -0.1855
vn 0.9972 -0.0746 0.0089
vn -0.1921 -0.0146 0.9813
vn 0.0022 -0.0228 0.9997
vn 0.5548 -0.0306 0.8314
vn 0.5495 -0.1591 0.8202
vn -0.0933 -0.9952 -0.0283
vn -0.9572 -0.0096 0.2894
vn -0.3736 -0.1059 0.9215
vn -0.9952 -0.0096 -0.0971
vn -0.3792 -0.0039 0.9253
vn -0.1996 -0.1259 0.9717
vn 0.0934 0.9952 0.0283
vn -0.0283 -0.9952 -0.0934
vn -0.4706 -0.0096 -0.8823
vn 0.2894 -0.0096 -0.9572
vn 0.0283 0.9952 0.0934
vn 0.0860 -0.9952 -0.0460
vn -0.6351 -0.0096 0.7724
vn 0.9566 -0.0096 -0.2912
vn -0.0860 0.9952 0.0460
vn -0.0754 -0.9952 -0.0619
vn 0.4722 -0.0096 0.8815
vn 0.4722 -0.0096 0.8814
vn 0.0754 0.9952 0.0619
vn -0.7724 -0.0096 -0.6351
vn 0.6336 -0.0096 -0.7736
vn 0.0619 -0.9952 -0.0754
vn 0.9566 -0.0096 0.2912
vn -0.0619 0.9952 0.0754
vn -0.0283 -0.9952 0.0933
vn -0.4722 -0.0096 0.8814
vn 0.7736 -0.0096 0.6336
vn 0.0283 0.9952 -0.0934
vn -0.0860 -0.9952 -0.0460
vn -0.9572 -0.0096 -0.2894
vn 0.0860 0.9952 0.0460
vn -0.2894 -0.0096 -0.9572
vn 0.4706 -0.0096 -0.8823
vn 0.0933 -0.9952 -0.0283
vn 0.6336 -0.0096 0.7736
vn -0.0934 0.9952 0.0283
vn -0.3808 0.0980 -0.9194
vn -0.2889 0.0976 -0.9524
vn -0.1941 0.0980 -0.9761
vn -0.2889 0.0975 -0.9524
vn -0.5529 0.0980 -0.8275
vn -0.4691 0.0975 -0.8777
vn -0.4692 0.0976 -0.8777
vn -0.7037 0.0980 -0.7037
vn -0.6314 0.0975 -0.7693
vn -0.0975 0.0975 -0.9904
vn -0.0000 0.0980 -0.9952
vn -0.0975 0.0976 -0.9904
vn 0.0023 0.1207 -0.9927
vn -0.9194 0.0980 -0.3808
vn -0.8777 0.0976 -0.4691
vn -0.8275 0.0980 -0.5529
vn -0.8777 0.0975 -0.4692
vn -0.8777 0.0975 -0.4691
vn -0.9761 0.0980 -0.1942
vn -0.9524 0.0975 -0.2889
vn -0.9524 0.0976 -0.2889
vn -0.9952 0.0980 -0.0000
vn -0.9904 0.0976 -0.0975
vn -0.9964 0.0850 0.0045
vn -0.9904 0.0975 -0.0975
vn -0.9761 0.0980 0.1941
vn -0.9904 0.0975 0.0975
vn -0.9774 0.0701 0.1994
vn -0.9904 0.0975 0.0976
vn -0.9194 0.0980 0.3808
vn -0.9524 0.0975 0.2889
vn -0.9206 0.0544 0.3868
vn -0.9524 0.0976 0.2889
vn -0.8275 0.0980 0.5529
vn -0.8777 0.0975 0.4692
vn -0.8281 0.0385 0.5593
vn -0.8777 0.0976 0.4691
vn -0.8777 0.0975 0.4691
vn -0.7037 0.0980 0.7037
vn -0.7693 0.0976 0.6314
vn -0.7035 0.0231 0.7103
vn -0.7693 0.0975 -0.6314
vn -0.7693 0.0976 -0.6314
vn 0.3808 0.0980 0.9194
vn 0.2889 0.0975 0.9524
vn 0.3828 -0.0309 0.9233
vn 0.2889 0.0976 0.9524
vn 0.1941 0.0980 0.9761
vn 0.1963 -0.0282 0.9801
vn 0.5529 0.0980 0.8275
vn 0.4691 0.0976 0.8777
vn 0.4692 0.0976 0.8777
vn 0.4691 0.0975 0.8777
vn 0.7037 0.0980 0.7037
vn 0.6314 0.0975 0.7693
vn 0.7058 -0.0273 0.7079
vn 0.6314 0.0976 0.7693
vn -0.5529 0.0980 0.8275
vn -0.6314 0.0975 0.7693
vn -0.5519 0.0088 0.8338
vn -0.6314 0.0976 0.7693
vn -0.3808 0.0980 0.9194
vn -0.4691 0.0976 0.8777
vn -0.4691 0.0975 0.8777
vn -0.1942 0.0980 0.9761
vn -0.2889 0.0975 0.9524
vn -0.2889 0.0976 0.9524
vn -0.0000 0.0980 0.9952
vn -0.0976 0.0975 0.9904
vn -0.0975 0.0975 0.9904
vn -0.0976 0.0976 0.9904
vn 0.0976 0.0975 0.9904
vn 0.0975 0.0975 0.9904
vn 0.0976 0.0976 0.9904
vn 0.9761 0.0980 0.1941
vn 0.9524 0.0976 0.2889
vn 0.9800 -0.0014 0.1989
vn 0.9194 0.0980 0.3808
vn 0.9524 0.0975 0.2889
vn 0.9226 -0.0125 0.3856
vn 0.9952 0.0980 -0.0000
vn 0.9904 0.0975 0.0976
vn 0.9904 0.0976 0.0976
vn 0.9904 0.0975 0.0975
vn 0.9904 0.0976 0.0975
vn 0.9761 0.0980 -0.1942
vn 0.9904 0.0976 -0.0975
vn 0.9814 0.0263 -0.1903
vn 0.9904 0.0976 -0.0976
vn 0.9904 0.0975 -0.0975
vn 0.9194 0.0980 -0.3808
vn 0.9524 0.0975 -0.2889
vn 0.9250 0.0419 -0.3777
vn 0.9524 0.0976 -0.2889
vn 0.8275 0.0980 -0.5529
vn 0.8777 0.0975 -0.4692
vn 0.8329 0.0577 -0.5505
vn 0.8777 0.0976 -0.4691
vn 0.8777 0.0975 -0.4691
vn 0.7037 0.0980 -0.7037
vn 0.7693 0.0975 -0.6314
vn 0.7693 0.0976 -0.6314
vn 0.8275 0.0980 0.5529
vn 0.7693 0.0975 0.6314
vn 0.7693 0.0976 0.6314
vn 0.8777 0.0975 0.4691
vn 0.8777 0.0976 0.4692
vn 0.8777 0.0975 0.4692
vn 0.1941 0.0980 -0.9761
vn 0.2889 0.0975 -0.9524
vn 0.1969 0.1121 -0.9740
vn 0.2889 0.0976 -0.9524
vn 0.3808 0.0980 -0.9194
vn 0.0975 0.0975 -0.9904
vn 0.0975 0.0976 -0.9904
vn 0.5529 0.0980 -0.8275
vn 0.6314 0.0975 -0.7693
vn 0.6314 0.0976 -0.7693
vn 0.4692 0.0976 -0.8777
vn 0.4692 0.0975 -0.8777
vn 0.0096 0.9952 -0.0971
vn 0.8823 -0.0096 0.4706
vn -0.2912 -0.0096 0.9566
vn -0.0096 -0.9952 0.0971
vn -0.0460 0.9952 0.0860
vn 0.9950 -0.0096 0.0989
vn 0.0460 -0.9952 -0.0860
vn -0.9566 -0.0096 0.2912
vn -0.8814 -0.0096 -0.4722
vn -0.0283 0.9952 -0.0934
vn 0.6351 -0.0096 0.7724
vn 0.0283 -0.9952 0.0933
vn -0.0754 0.9952 0.0619
vn 0.9572 -0.0096 -0.2894
vn 0.0754 -0.9952 -0.0619
vn 0.0971 -0.0096 -0.9952
vn -0.6336 -0.0096 -0.7736
vn 0.0971 0.9952 0.0096
vn -0.9950 -0.0096 0.0990
vn -0.0971 -0.9952 -0.0096
vn -0.0096 0.9952 -0.0971
vn -0.0989 -0.0096 0.9950
vn 0.0096 -0.9952 0.0971
vn 0.9952 -0.0096 -0.0971
vn -0.8814 -0.0096 0.4722
vn -0.0460 0.9952 -0.0860
vn -0.6336 -0.0096 0.7736
vn 0.0460 -0.9952 0.0860
vn -0.0754 0.9952 -0.0619
vn 0.8823 -0.0096 -0.4706
vn 0.8823 -0.0096 -0.4705
vn 0.0754 -0.9952 0.0619
vn -0.0990 -0.0096 -0.9950
vn 0.6351 -0.0096 -0.7724
vn 0.0971 0.9952 -0.0096
vn -0.2894 -0.0096 0.9572
vn -0.0971 -0.9952 0.0096
vn -0.0934 0.9952 -0.0283
vn 0.0971 -0.0096 0.9952
vn 0.0933 -0.9952 0.0283
vn 0.8814 -0.0096 -0.4722
vn 0.8815 -0.0096 -0.4722
vn 0.2912 -0.0096 -0.9566
vn 0.0460 0.9952 0.0860
vn -0.7724 -0.0096 0.6351
vn -0.0460 -0.9952 -0.0860
vn -0.0619 0.9952 -0.0754
vn -0.4706 -0.0096 0.8823
vn -0.4705 -0.0096 0.8823
vn -0.8823 -0.0096 0.4705
vn 0.0619 -0.9952 0.0754
vn -0.0860 0.9952 -0.0460
vn 0.7736 -0.0096 -0.6336
vn 0.0860 -0.9952 0.0460
vn -0.2912 -0.0096 -0.9566
vn -0.2912 -0.0095 -0.9566
vn 0.4722 -0.0096 -0.8814
vn 0.0934 0.9952 -0.0283
vn -0.0971 -0.0096 0.9952
vn -0.0933 -0.9952 0.0283
vn -0.0971 0.9952 -0.0096
vn 0.2894 -0.0096 0.9572
vn 0.0971 -0.9952 0.0096
vn 0.7724 -0.0096 -0.6351
vn 0.0989 -0.0096 -0.9950
vn 0.0619 0.9952 0.0754
vn -0.7736 -0.0096 -0.6337
vn -0.7736 -0.0096 -0.6336
vn -0.7735 -0.0096 -0.6337
vn -0.0619 -0.9952 -0.0754
vn 0.0619 0.9952 -0.0754
vn 0.9572 -0.0096 0.2894
vn -0.7736 -0.0096 0.6336
vn -0.0619 -0.9952 0.0754
vn -0.0283 0.9952 0.0934
vn 0.7724 -0.0096 0.6351
vn 0.0283 -0.9952 -0.0934
vn -0.4722 -0.0096 -0.8814
vn -0.9566 -0.0096 -0.2912
vn 0.0860 0.9952 -0.0460
vn 0.0990 -0.0096 0.9950
vn -0.0860 -0.9952 0.0460
vn -0.0971 0.9952 0.0096
vn 0.4705 -0.0096 0.8823
vn 0.4706 -0.0096 0.8823
vn 0.0971 -0.9952 -0.0096
vn 0.9950 -0.0096 -0.0989
vn 0.9950 -0.0096 -0.0990
vn -0.0971 -0.0096 -0.9952
vn 0.0096 0.9952 0.0971
vn -0.8823 -0.0096 -0.4706
vn -0.0096 -0.9952 -0.0971
vn 0.0460 0.9952 -0.0860
vn 0.9952 -0.0096 0.0971
vn -0.9952 -0.0096 0.0971
vn -0.0460 -0.9952 0.0860
vn -0.0096 0.9952 0.0971
vn 0.8814 -0.0096 0.4722
vn 0.0096 -0.9952 -0.0971
vn -0.6351 -0.0096 -0.7724
vn -0.9950 -0.0096 -0.0989
vn 0.0754 0.9952 -0.0619
vn 0.2912 -0.0096 0.9566
vn -0.0754 -0.9952 0.0619
vn 0.0191 -0.9952 0.0961
vn 0.0375 -0.9952 0.0906
vn -0.0980 -0.9952 -0.0000
vn -0.0961 -0.9952 0.0191
vn 0.0980 -0.9952 -0.0000
vn 0.0961 -0.9952 0.0191
vn 0.0906 -0.9952 -0.0375
vn 0.0815 -0.9952 -0.0545
vn -0.0375 -0.9952 0.0906
vn -0.0191 -0.9952 0.0961
vn -0.0191 -0.9952 -0.0961
vn -0.0375 -0.9952 -0.0906
vn -0.0961 -0.9952 -0.0191
vn 0.0545 -0.9952 0.0815
vn 0.0693 -0.9952 0.0693
vn -0.0000 -0.9952 0.0980
vn 0.0545 -0.9952 -0.0815
vn 0.0693 -0.9952 -0.0693
vn -0.0906 -0.9952 0.0375
vn -0.0815 -0.9952 0.0545
vn 0.0961 -0.9952 -0.0191
vn -0.0545 -0.9952 -0.0815
vn -0.0693 -0.9952 -0.0693
vn 0.0906 -0.9952 0.0375
vn 0.0815 -0.9952 0.0545
vn 0.0375 -0.9952 -0.0906
vn -0.0906 -0.9952 -0.0375
vn -0.0815 -0.9952 -0.0545
vn -0.0545 -0.9952 0.0815
vn -0.0000 -0.9952 -0.0980
vn -0.0693 -0.9952 0.0693
vn 0.0191 -0.9952 -0.0961
vn 0.1876 0.1272 -0.9740
vn 0.0045 0.1429 -0.9897
vn 0.1996 0.1260 -0.9717
vn 0.9780 -0.0423 -0.2044
vn -0.7010 0.1524 -0.6966
vn -0.9780 0.0423 0.2044
vn 0.5466 0.0805 -0.8335
vn 0.3877 0.1041 -0.9159
vn 0.1875 0.1272 -0.9740
vn -0.9775 0.0988 -0.1864
vn 0.1953 -0.1545 0.9685
vn -0.3877 -0.1040 0.9159
vn 0.0584 -0.9542 -0.2934
vn 0.1144 -0.9543 -0.2762
vn 0.0583 -0.9543 -0.2932
vn 0.0320 -0.9450 -0.3254
vn 0.0272 -0.9609 -0.2757
vn 0.0183 -0.9823 -0.1863
vn 0.0123 -0.9920 -0.1253
vn 0.0096 -0.9951 -0.0979
vn 0.1145 -0.9542 -0.2764
vn 0.1662 -0.9542 -0.2487
vn 0.1541 -0.9450 -0.2884
vn 0.1306 -0.9609 -0.2443
vn 0.0882 -0.9823 -0.1651
vn 0.0593 -0.9920 -0.1110
vn 0.0464 -0.9951 -0.0868
vn 0.2114 -0.9543 -0.2114
vn 0.1661 -0.9543 -0.2486
vn 0.2115 -0.9542 -0.2115
vn 0.2487 -0.9542 -0.1662
vn 0.2142 -0.9609 -0.1758
vn 0.2528 -0.9450 -0.2074
vn 0.1447 -0.9823 -0.1188
vn 0.0973 -0.9920 -0.0798
vn 0.0760 -0.9951 -0.0624
vn 0.2762 -0.9543 -0.1144
vn 0.2486 -0.9543 -0.1661
vn 0.2764 -0.9542 -0.1145
vn 0.2934 -0.9542 -0.0584
vn 0.3129 -0.9450 -0.0949
vn 0.2651 -0.9609 -0.0804
vn 0.1791 -0.9823 -0.0543
vn 0.1204 -0.9920 -0.0365
vn 0.0941 -0.9951 -0.0286
vn 0.2932 -0.9543 -0.0583
vn 0.2991 -0.9542 -0.0000
vn 0.2932 -0.9543 0.0583
vn 0.2990 -0.9543 -0.0000
vn 0.2757 -0.9609 0.0272
vn 0.1863 -0.9823 0.0183
vn 0.1253 -0.9920 0.0123
vn 0.0979 -0.9951 0.0096
vn 0.2934 -0.9542 0.0584
vn 0.2762 -0.9543 0.1144
vn 0.3254 -0.9450 0.0320
vn 0.2764 -0.9542 0.1145
vn 0.2487 -0.9542 0.1662
vn 0.1651 -0.9823 0.0882
vn 0.2443 -0.9609 0.1306
vn 0.1110 -0.9920 0.0593
vn 0.0868 -0.9951 0.0464
vn 0.2114 -0.9543 0.2114
vn 0.2486 -0.9543 0.1661
vn 0.2884 -0.9450 0.1541
vn 0.2115 -0.9542 0.2115
vn 0.1661 -0.9543 0.2486
vn 0.0798 -0.9920 0.0973
vn 0.1188 -0.9823 0.1447
vn 0.0624 -0.9951 0.0760
vn 0.1662 -0.9542 0.2487
vn 0.1145 -0.9542 0.2764
vn 0.2074 -0.9450 0.2528
vn 0.1758 -0.9609 0.2142
vn 0.1144 -0.9543 0.2762
vn 0.0584 -0.9542 0.2934
vn 0.0365 -0.9920 0.1204
vn 0.0286 -0.9951 0.0941
vn 0.0583 -0.9543 0.2932
vn -0.0000 -0.9542 0.2991
vn 0.0804 -0.9609 0.2651
vn 0.0949 -0.9450 0.3129
vn 0.0543 -0.9823 0.1791
vn -0.0583 -0.9543 0.2932
vn -0.0000 -0.9543 0.2990
vn -0.0096 -0.9951 0.0979
vn -0.0123 -0.9920 0.1253
vn -0.0584 -0.9542 0.2934
vn -0.1144 -0.9543 0.2762
vn -0.0320 -0.9450 0.3254
vn -0.0272 -0.9609 0.2757
vn -0.0183 -0.9823 0.1863
vn -0.1145 -0.9542 0.2764
vn -0.1662 -0.9542 0.2487
vn -0.2114 -0.9543 0.2114
vn -0.1661 -0.9543 0.2486
vn -0.1306 -0.9609 0.2443
vn -0.1541 -0.9450 0.2884
vn -0.0882 -0.9823 0.1651
vn -0.0593 -0.9920 0.1110
vn -0.0464 -0.9951 0.0868
vn -0.2115 -0.9542 0.2115
vn -0.2487 -0.9542 0.1662
vn -0.2762 -0.9543 0.1144
vn -0.2486 -0.9543 0.1661
vn -0.2528 -0.9450 0.2074
vn -0.2142 -0.9609 0.1758
vn -0.1447 -0.9823 0.1188
vn -0.0973 -0.9920 0.0798
vn -0.0760 -0.9951 0.0624
vn -0.2764 -0.9542 0.1145
vn -0.2934 -0.9542 0.0584
vn -0.2932 -0.9543 0.0583
vn -0.2991 -0.9542 -0.0000
vn -0.3129 -0.9450 0.0949
vn -0.2651 -0.9609 0.0804
vn -0.1791 -0.9823 0.0543
vn -0.1204 -0.9920 0.0365
vn -0.0941 -0.9951 0.0286
vn -0.2932 -0.9543 -0.0583
vn -0.2990 -0.9543 -0.0000
vn -0.3254 -0.9450 -0.0320
vn -0.2757 -0.9609 -0.0272
vn -0.1863 -0.9823 -0.0183
vn -0.1253 -0.9920 -0.0123
vn -0.0979 -0.9951 -0.0096
vn -0.2934 -0.9542 -0.0584
vn -0.2762 -0.9543 -0.1144
vn -0.2764 -0.9542 -0.1145
vn -0.2487 -0.9542 -0.1662
vn -0.2884 -0.9450 -0.1541
vn -0.2443 -0.9609 -0.1306
vn -0.1651 -0.9823 -0.0882
vn -0.1110 -0.9920 -0.0593
vn -0.0868 -0.9951 -0.0464
vn -0.2114 -0.9543 -0.2114
vn -0.2486 -0.9543 -0.1661
vn -0.2115 -0.9542 -0.2115
vn -0.1661 -0.9543 -0.2486
vn -0.2074 -0.9450 -0.2528
vn -0.1758 -0.9609 -0.2142
vn -0.1188 -0.9823 -0.1447
vn -0.0798 -0.9920 -0.0973
vn -0.0624 -0.9951 -0.0760
vn -0.1662 -0.9542 -0.2487
vn -0.1145 -0.9542 -0.2764
vn -0.1144 -0.9543 -0.2762
vn -0.0584 -0.9542 -0.2934
vn -0.0949 -0.9450 -0.3129
vn -0.0804 -0.9609 -0.2651
vn -0.0543 -0.9823 -0.1791
vn -0.0365 -0.9920 -0.1204
vn -0.0286 -0.9951 -0.0941
vn -0.0000 -0.9542 -0.2991
vn -0.0000 -0.9543 -0.2990
vn 0.2903 -0.0000 0.9569
vn 0.7730 -0.0000 -0.6344
vn -0.7730 -0.0000 0.6344
vn 0.0206 -0.9776 -0.2094
vn -0.0206 -0.9776 -0.2094
vn 0.0611 -0.9776 -0.2013
vn 0.0992 -0.9776 -0.1856
vn 0.1335 -0.9776 -0.1626
vn 0.1626 -0.9776 -0.1335
vn 0.1856 -0.9776 -0.0992
vn 0.2013 -0.9776 -0.0611
vn 0.2094 -0.9776 -0.0206
vn 0.2094 -0.9776 0.0206
vn 0.2013 -0.9776 0.0611
vn 0.1856 -0.9776 0.0992
vn 0.1626 -0.9776 0.1335
vn 0.1335 -0.9776 0.1626
vn 0.0992 -0.9776 0.1856
vn 0.0611 -0.9776 0.2013
vn 0.0206 -0.9776 0.2094
vn -0.0206 -0.9776 0.2094
vn -0.0611 -0.9776 0.2013
vn -0.0992 -0.9776 0.1856
vn -0.1335 -0.9776 0.1626
vn -0.1626 -0.9776 0.1335
vn -0.1856 -0.9776 0.0992
vn -0.2013 -0.9776 0.0611
vn -0.2094 -0.9776 0.0206
vn -0.2094 -0.9776 -0.0206
vn -0.2013 -0.9776 -0.0611
vn -0.1856 -0.9776 -0.0992
vn -0.1626 -0.9776 -0.1335
vn -0.1335 -0.9776 -0.1626
vn -0.0992 -0.9776 -0.1856
vn -0.0611 -0.9776 -0.2013
vn -0.0583 -0.9543 -0.2932
vn 0.0638 -0.9755 -0.2104
vn 0.1395 -0.9755 -0.1699
vn 0.1939 -0.9755 -0.1036
vn 0.1863 -0.9823 -0.0184
vn 0.2188 -0.9755 -0.0216
vn 0.2188 -0.9755 -0.0215
vn 0.2104 -0.9755 0.0638
vn 0.1699 -0.9755 0.1395
vn 0.1036 -0.9755 0.1939
vn 0.0184 -0.9823 0.1863
vn 0.0216 -0.9755 0.2188
vn 0.0215 -0.9755 0.2188
vn -0.0638 -0.9755 0.2104
vn -0.1395 -0.9755 0.1699
vn -0.1939 -0.9755 0.1036
vn -0.2188 -0.9755 0.0216
vn -0.2188 -0.9755 0.0215
vn -0.1863 -0.9823 0.0183
vn -0.2104 -0.9755 -0.0638
vn -0.1699 -0.9755 -0.1395
vn -0.1036 -0.9755 -0.1939
vn -0.0216 -0.9755 -0.2188
vn -0.0215 -0.9755 -0.2188
vn -0.0183 -0.9823 -0.1863
vn 0.2903 -0.0000 -0.9569
vn -0.2903 -0.0000 0.9569
vn -0.7730 -0.0000 -0.6344
vn 0.7730 -0.0000 0.6344
vn -0.8819 -0.0000 0.4714
vn 0.8819 -0.0000 -0.4714
vn -0.0000 -0.9830 -0.1834
vn 0.0181 -0.9829 -0.1834
vn 0.0358 -0.9830 -0.1799
vn 0.0535 -0.9829 -0.1763
vn 0.0702 -0.9830 -0.1695
vn 0.0869 -0.9829 -0.1625
vn 0.1019 -0.9830 -0.1525
vn 0.1169 -0.9829 -0.1425
vn 0.1169 -0.9829 -0.1424
vn 0.1297 -0.9830 -0.1297
vn 0.1424 -0.9829 -0.1169
vn 0.1525 -0.9830 -0.1019
vn 0.1425 -0.9829 -0.1169
vn 0.1625 -0.9829 -0.0869
vn 0.1695 -0.9830 -0.0702
vn 0.1763 -0.9829 -0.0535
vn 0.1799 -0.9830 -0.0358
vn 0.1764 -0.9829 -0.0535
vn 0.1834 -0.9829 -0.0181
vn 0.1834 -0.9830 -0.0000
vn 0.1834 -0.9829 0.0181
vn 0.1799 -0.9830 0.0358
vn 0.1764 -0.9829 0.0535
vn 0.1763 -0.9829 0.0535
vn 0.1695 -0.9830 0.0702
vn 0.1625 -0.9829 0.0869
vn 0.1525 -0.9830 0.1019
vn 0.1425 -0.9829 0.1169
vn 0.1297 -0.9830 0.1297
vn 0.1169 -0.9829 0.1425
vn 0.1019 -0.9830 0.1525
vn 0.1169 -0.9829 0.1424
vn 0.0869 -0.9829 0.1625
vn 0.0702 -0.9830 0.1695
vn 0.0535 -0.9829 0.1763
vn 0.0358 -0.9830 0.1799
vn 0.0535 -0.9829 0.1764
vn 0.0181 -0.9829 0.1834
vn -0.0000 -0.9830 0.1834
vn -0.0181 -0.9829 0.1834
vn -0.0358 -0.9830 0.1799
vn -0.0535 -0.9829 0.1764
vn -0.0535 -0.9829 0.1763
vn -0.0702 -0.9830 0.1695
vn -0.0869 -0.9829 0.1625
vn -0.1019 -0.9830 0.1525
vn -0.1169 -0.9829 0.1425
vn -0.1169 -0.9829 0.1424
vn -0.1297 -0.9830 0.1297
vn -0.1425 -0.9829 0.1169
vn -0.1525 -0.9830 0.1019
vn -0.1424 -0.9829 0.1169
vn -0.1625 -0.9829 0.0869
vn -0.1695 -0.9830 0.0702
vn -0.1763 -0.9829 0.0535
vn -0.1799 -0.9830 0.0358
vn -0.1834 -0.9829 0.0181
vn -0.1834 -0.9830 -0.0000
vn -0.1834 -0.9829 -0.0181
vn -0.1799 -0.9830 -0.0358
vn -0.1764 -0.9829 -0.0535
vn -0.1763 -0.9829 -0.0535
vn -0.1695 -0.9830 -0.0702
vn -0.1625 -0.9829 -0.0869
vn -0.1525 -0.9830 -0.1019
vn -0.1425 -0.9829 -0.1169
vn -0.1297 -0.9830 -0.1297
vn -0.1169 -0.9829 -0.1425
vn -0.1019 -0.9830 -0.1525
vn -0.0869 -0.9829 -0.1625
vn -0.0702 -0.9830 -0.1695
vn -0.0535 -0.9829 -0.1763
vn -0.0358 -0.9830 -0.1799
vn -0.0181 -0.9829 -0.1834
vn 0.0641 0.9445 -0.3221
vn -0.0000 0.9445 -0.3284
vn 0.0294 0.9886 -0.1479
vn -0.0000 0.9886 -0.1508
vn 0.1257 0.9445 -0.3034
vn 0.0577 0.9886 -0.1393
vn 0.0838 0.9886 -0.1254
vn 0.1824 0.9445 -0.2730
vn 0.2322 0.9445 -0.2322
vn 0.1066 0.9886 -0.1066
vn 0.1254 0.9886 -0.0838
vn 0.2730 0.9445 -0.1824
vn 0.3034 0.9445 -0.1257
vn 0.1393 0.9886 -0.0577
vn 0.1479 0.9886 -0.0294
vn 0.3221 0.9445 -0.0641
vn 0.3284 0.9445 -0.0000
vn 0.1479 0.9886 0.0294
vn 0.1508 0.9886 -0.0000
vn 0.3221 0.9445 0.0641
vn 0.3034 0.9445 0.1257
vn 0.2730 0.9445 0.1824
vn 0.1393 0.9886 0.0577
vn 0.1254 0.9886 0.0838
vn 0.2322 0.9445 0.2322
vn 0.1824 0.9445 0.2730
vn 0.1066 0.9886 0.1066
vn 0.0838 0.9886 0.1254
vn 0.1257 0.9445 0.3034
vn 0.0641 0.9445 0.3221
vn 0.0294 0.9886 0.1479
vn 0.0577 0.9886 0.1393
vn -0.0000 0.9445 0.3284
vn -0.0641 0.9445 0.3221
vn -0.0000 0.9886 0.1508
vn -0.0294 0.9886 0.1479
vn -0.1257 0.9445 0.3034
vn -0.1824 0.9445 0.2730
vn -0.0577 0.9886 0.1393
vn -0.0838 0.9886 0.1254
vn -0.2322 0.9445 0.2322
vn -0.1066 0.9886 0.1066
vn -0.1254 0.9886 0.0838
vn -0.2730 0.9445 0.1824
vn -0.3034 0.9445 0.1257
vn -0.1393 0.9886 0.0577
vn -0.1479 0.9886 0.0294
vn -0.3221 0.9445 0.0641
vn -0.3284 0.9445 -0.0000
vn -0.1479 0.9886 -0.0294
vn -0.1508 0.9886 -0.0000
vn -0.3221 0.9445 -0.0641
vn -0.3034 0.9445 -0.1257
vn -0.1254 0.9886 -0.0838
vn -0.1393 0.9886 -0.0577
vn -0.2730 0.9445 -0.1824
vn -0.2322 0.9445 -0.2322
vn -0.0838 0.9886 -0.1254
vn -0.1066 0.9886 -0.1066
vn -0.1824 0.9445 -0.2730
vn -0.1257 0.9445 -0.3034
vn -0.0294 0.9886 -0.1479
vn -0.0577 0.9886 -0.1393
vn -0.0641 0.9445 -0.3221
vn -0.0000 0.9890 -0.1480
vn 0.0289 0.9890 -0.1451
vn 0.0566 0.9890 -0.1367
vn 0.0822 0.9890 -0.1230
vn 0.1046 0.9890 -0.1046
vn 0.1230 0.9890 -0.0822
vn 0.1367 0.9890 -0.0566
vn 0.1451 0.9890 -0.0289
vn 0.1480 0.9890 -0.0000
vn 0.1451 0.9890 0.0289
vn 0.1367 0.9890 0.0566
vn 0.1230 0.9890 0.0822
vn 0.1046 0.9890 0.1046
vn 0.0822 0.9890 0.1230
vn 0.0566 0.9890 0.1367
vn 0.0289 0.9890 0.1451
vn -0.0000 0.9890 0.1480
vn -0.0289 0.9890 0.1451
vn -0.0566 0.9890 0.1367
vn -0.0822 0.9890 0.1230
vn -0.1046 0.9890 0.1046
vn -0.1230 0.9890 0.0822
vn -0.1367 0.9890 0.0566
vn -0.1451 0.9890 0.0289
vn -0.1480 0.9890 -0.0000
vn -0.1451 0.9890 -0.0289
vn -0.1367 0.9890 -0.0566
vn -0.1230 0.9890 -0.0822
vn -0.1046 0.9890 -0.1046
vn -0.0822 0.9890 -0.1230
vn -0.0566 0.9890 -0.1367
vn -0.0289 0.9890 -0.1451
vn 0.1737 -0.4555 -0.8731
vn 0.3407 -0.4555 -0.8225
vn 0.1737 0.4555 -0.8731
vn 0.3407 0.4555 -0.8225
vn 0.4946 -0.4555 -0.7402
vn 0.4946 0.4555 -0.7402
vn 0.6295 -0.4555 -0.6295
vn 0.6295 0.4555 -0.6295
vn 0.7402 -0.4555 -0.4946
vn 0.7402 0.4555 -0.4946
vn 0.8225 -0.4555 -0.3407
vn 0.7221 -0.6238 -0.2991
vn 0.8225 0.4555 -0.3407
vn 0.8731 -0.4555 -0.1737
vn 0.8731 0.4555 -0.1737
vn 0.8902 -0.4555 -0.0000
vn 0.8902 0.4555 -0.0000
vn 0.8731 -0.4555 0.1737
vn 0.8731 0.4555 0.1737
vn 0.8225 -0.4555 0.3407
vn 0.7221 -0.6238 0.2991
vn 0.8225 0.4555 0.3407
vn 0.7402 -0.4555 0.4946
vn 0.7402 0.4555 0.4946
vn 0.4946 -0.4555 0.7402
vn 0.4946 0.4555 0.7402
vn 0.3407 -0.4555 0.8225
vn 0.3407 0.4555 0.8225
vn 0.1737 -0.4555 0.8731
vn 0.1737 0.4555 0.8731
vn -0.0000 -0.4555 0.8902
vn -0.0000 0.4555 0.8902
vn -0.1737 -0.4555 0.8731
vn -0.1525 -0.6238 0.7666
vn -0.1737 0.4555 0.8731
vn -0.3407 -0.4555 0.8224
vn -0.3407 0.4555 0.8224
vn -0.4946 -0.4555 0.7402
vn -0.4946 0.4555 0.7402
vn -0.6295 -0.4555 0.6295
vn -0.6295 0.4555 0.6295
vn -0.7402 -0.4555 0.4946
vn -0.7402 0.4555 0.4946
vn -0.8225 -0.4555 0.3407
vn -0.8225 0.4555 0.3407
vn -0.8731 -0.4555 0.1737
vn -0.8902 -0.4555 -0.0000
vn -0.8731 0.4555 0.1737
vn -0.8902 0.4555 -0.0000
vn -0.8731 0.4555 -0.1737
vn -0.8731 -0.4555 -0.1737
vn -0.8224 -0.4555 -0.3407
vn -0.8224 0.4555 -0.3407
vn -0.7402 -0.4555 -0.4946
vn -0.7402 0.4555 -0.4946
vn -0.6295 -0.4555 -0.6295
vn -0.6295 0.4555 -0.6295
vn -0.4946 -0.4555 -0.7402
vn -0.4946 0.4555 -0.7402
vn -0.3407 -0.4555 -0.8224
vn -0.3407 0.4555 -0.8224
vn -0.1737 -0.4555 -0.8731
vn -0.1737 0.4555 -0.8731
vn -0.0000 -0.4555 -0.8902
vn -0.0000 0.4555 -0.8902
vn 0.1525 -0.6238 -0.7666
vn -0.4692 0.0975 -0.8777
vn -0.6314 0.0976 -0.7693
vn -0.0976 0.0975 -0.9904
vn -0.9904 0.0976 -0.0976
vn -0.9904 0.0976 0.0976
vn -0.4692 0.0975 0.8777
vn 0.4691 0.0975 -0.8777
vn 0.4691 0.0976 -0.8777
vn 0.1424 -0.9829 0.1169
vn -0.0000 0.9489 -0.3156
vn 0.0616 0.9489 -0.3095
vn 0.1208 0.9489 -0.2916
vn 0.1753 0.9489 -0.2624
vn 0.2231 0.9489 -0.2231
vn 0.2624 0.9489 -0.1753
vn 0.2916 0.9489 -0.1208
vn 0.3095 0.9489 -0.0616
vn 0.3156 0.9489 -0.0000
vn 0.3095 0.9489 0.0616
vn 0.2916 0.9489 0.1208
vn 0.2624 0.9489 0.1753
vn 0.2231 0.9489 0.2231
vn 0.1753 0.9489 0.2624
vn 0.1208 0.9489 0.2916
vn 0.0616 0.9489 0.3095
vn -0.0000 0.9489 0.3156
vn -0.0616 0.9489 0.3095
vn -0.1208 0.9489 0.2916
vn -0.1753 0.9489 0.2624
vn -0.2231 0.9489 0.2231
vn -0.2624 0.9489 0.1753
vn -0.2916 0.9489 0.1208
vn -0.3095 0.9489 0.0616
vn -0.3156 0.9489 -0.0000
vn -0.3095 0.9489 -0.0616
vn -0.2916 0.9489 -0.1208
vn -0.2624 0.9489 -0.1753
vn -0.2231 0.9489 -0.2231
vn -0.1753 0.9489 -0.2624
vn -0.1208 0.9489 -0.2916
vn -0.0616 0.9489 -0.3095
vn -0.0000 0.7041 -0.7101
vn 0.1092 0.8286 -0.5490
vn 0.1385 0.7041 -0.6965
vn 0.1626 0.5528 -0.8173
vn -0.0000 0.5528 -0.8333
vn 0.1804 0.3805 -0.9070
vn -0.0000 0.3805 -0.9248
vn -0.0000 0.2903 -0.9569
vn 0.1867 0.2903 -0.9386
vn -0.0000 0.9796 -0.2010
vn 0.0392 0.9796 -0.1971
vn -0.0000 0.9217 -0.3879
vn 0.0757 0.9217 -0.3804
vn -0.0000 0.8286 -0.5598
vn 0.2142 0.8286 -0.5172
vn 0.2718 0.7041 -0.6561
vn 0.3189 0.5528 -0.7699
vn 0.3539 0.3805 -0.8544
vn 0.3662 0.2903 -0.8841
vn 0.0769 0.9796 -0.1857
vn 0.1484 0.9217 -0.3584
vn 0.5138 0.3805 -0.7689
vn 0.5316 0.2903 -0.7957
vn 0.1117 0.9796 -0.1671
vn 0.2155 0.9217 -0.3225
vn 0.3110 0.8286 -0.4654
vn 0.3945 0.7041 -0.5905
vn 0.4630 0.5528 -0.6929
vn 0.5021 0.7041 -0.5021
vn 0.5893 0.5528 -0.5893
vn 0.6539 0.3805 -0.6539
vn 0.6767 0.2903 -0.6767
vn 0.1421 0.9796 -0.1421
vn 0.2743 0.9217 -0.2743
vn 0.3958 0.8286 -0.3958
vn 0.1671 0.9796 -0.1117
vn 0.3225 0.9217 -0.2155
vn 0.4654 0.8286 -0.3110
vn 0.5905 0.7041 -0.3945
vn 0.6929 0.5528 -0.4630
vn 0.7689 0.3805 -0.5138
vn 0.7957 0.2903 -0.5316
vn 0.6561 0.7041 -0.2718
vn 0.7699 0.5528 -0.3189
vn 0.8544 0.3805 -0.3539
vn 0.8841 0.2903 -0.3662
vn 0.1857 0.9796 -0.0769
vn 0.3584 0.9217 -0.1484
vn 0.5172 0.8286 -0.2142
vn 0.1971 0.9796 -0.0392
vn 0.3804 0.9217 -0.0757
vn 0.5490 0.8286 -0.1092
vn 0.6965 0.7041 -0.1385
vn 0.8173 0.5528 -0.1626
vn 0.9070 0.3805 -0.1804
vn 0.9386 0.2903 -0.1867
vn 0.8333 0.5528 -0.0000
vn 0.9248 0.3805 -0.0000
vn 0.9569 0.2903 -0.0000
vn 0.2010 0.9796 -0.0000
vn 0.3879 0.9217 -0.0000
vn 0.5598 0.8286 -0.0000
vn 0.7101 0.7041 -0.0000
vn 0.3804 0.9217 0.0757
vn 0.5490 0.8286 0.1092
vn 0.6965 0.7041 0.1385
vn 0.8173 0.5528 0.1626
vn 0.9070 0.3805 0.1804
vn 0.9386 0.2903 0.1867
vn 0.1971 0.9796 0.0392
vn 0.8544 0.3805 0.3539
vn 0.8841 0.2903 0.3662
vn 0.1857 0.9796 0.0769
vn 0.3584 0.9217 0.1484
vn 0.5172 0.8286 0.2142
vn 0.6561 0.7041 0.2718
vn 0.7699 0.5528 0.3189
vn 0.1671 0.9796 0.1117
vn 0.3225 0.9217 0.2155
vn 0.4654 0.8286 0.3110
vn 0.5905 0.7041 0.3945
vn 0.6929 0.5528 0.4630
vn 0.7689 0.3805 0.5138
vn 0.7957 0.2903 0.5316
vn 0.6539 0.3805 0.6539
vn 0.6767 0.2903 0.6767
vn 0.1421 0.9796 0.1421
vn 0.2743 0.9217 0.2743
vn 0.3958 0.8286 0.3958
vn 0.5021 0.7041 0.5021
vn 0.5893 0.5528 0.5893
vn 0.2155 0.9217 0.3225
vn 0.3110 0.8286 0.4654
vn 0.3945 0.7041 0.5905
vn 0.4630 0.5528 0.6929
vn 0.5138 0.3805 0.7689
vn 0.5316 0.2903 0.7957
vn 0.1117 0.9796 0.1671
vn 0.3662 0.2903 0.8841
vn 0.0769 0.9796 0.1857
vn 0.1484 0.9217 0.3584
vn 0.2142 0.8286 0.5172
vn 0.2718 0.7041 0.6561
vn 0.3189 0.5528 0.7699
vn 0.3539 0.3805 0.8544
vn 0.1092 0.8286 0.5490
vn 0.1385 0.7041 0.6965
vn 0.1626 0.5528 0.8173
vn 0.1804 0.3805 0.9070
vn 0.1867 0.2903 0.9386
vn 0.0392 0.9796 0.1971
vn 0.0757 0.9217 0.3804
vn -0.0000 0.2903 0.9569
vn -0.0000 0.9796 0.2010
vn -0.0000 0.9217 0.3879
vn -0.0000 0.8286 0.5598
vn -0.0000 0.7041 0.7101
vn -0.0000 0.5528 0.8333
vn -0.0000 0.3805 0.9248
vn -0.1092 0.8286 0.5490
vn -0.1385 0.7041 0.6965
vn -0.1626 0.5528 0.8173
vn -0.1804 0.3805 0.9070
vn -0.1867 0.2903 0.9386
vn -0.0392 0.9796 0.1971
vn -0.0757 0.9217 0.3804
vn -0.0769 0.9796 0.1857
vn -0.1484 0.9217 0.3584
vn -0.2142 0.8286 0.5172
vn -0.2718 0.7041 0.6561
vn -0.3189 0.5528 0.7699
vn -0.3539 0.3805 0.8544
vn -0.3662 0.2903 0.8841
vn -0.3945 0.7041 0.5905
vn -0.4630 0.5528 0.6929
vn -0.5138 0.3805 0.7689
vn -0.5316 0.2903 0.7957
vn -0.1117 0.9796 0.1671
vn -0.2155 0.9217 0.3225
vn -0.3110 0.8286 0.4654
vn -0.1421 0.9796 0.1421
vn -0.2743 0.9217 0.2743
vn -0.3958 0.8286 0.3958
vn -0.5021 0.7041 0.5021
vn -0.5893 0.5528 0.5893
vn -0.6539 0.3805 0.6539
vn -0.6767 0.2903 0.6767
vn -0.1671 0.9796 0.1117
vn -0.4654 0.8286 0.3110
vn -0.5905 0.7041 0.3945
vn -0.3225 0.9217 0.2155
vn -0.6929 0.5528 0.4630
vn -0.7689 0.3805 0.5138
vn -0.7957 0.2903 0.5316
vn -0.6561 0.7041 0.2718
vn -0.7699 0.5528 0.3189
vn -0.8544 0.3805 0.3539
vn -0.8841 0.2903 0.3662
vn -0.1857 0.9796 0.0769
vn -0.3584 0.9217 0.1484
vn -0.5172 0.8286 0.2142
vn -0.1971 0.9796 0.0392
vn -0.3804 0.9217 0.0757
vn -0.5490 0.8286 0.1092
vn -0.6965 0.7041 0.1385
vn -0.8173 0.5528 0.1626
vn -0.9070 0.3805 0.1804
vn -0.9386 0.2903 0.1867
vn -0.8333 0.5528 -0.0000
vn -0.9248 0.3805 -0.0000
vn -0.9569 0.2903 -0.0000
vn -0.2010 0.9796 -0.0000
vn -0.3879 0.9217 -0.0000
vn -0.5598 0.8286 -0.0000
vn -0.7101 0.7041 -0.0000
vn -0.1971 0.9796 -0.0392
vn -0.3804 0.9217 -0.0757
vn -0.5490 0.8286 -0.1092
vn -0.6965 0.7041 -0.1385
vn -0.8173 0.5528 -0.1626
vn -0.9070 0.3805 -0.1804
vn -0.9386 0.2903 -0.1867
vn -0.8544 0.3805 -0.3539
vn -0.8841 0.2903 -0.3662
vn -0.1857 0.9796 -0.0769
vn -0.3584 0.9217 -0.1484
vn -0.5172 0.8286 -0.2142
vn -0.6561 0.7041 -0.2718
vn -0.7699 0.5528 -0.3189
vn -0.3225 0.9217 -0.2155
vn -0.4654 0.8286 -0.3110
vn -0.5905 0.7041 -0.3945
vn -0.6929 0.5528 -0.4630
vn -0.7689 0.3805 -0.5138
vn -0.7957 0.2903 -0.5316
vn -0.1671 0.9796 -0.1117
vn -0.5893 0.5528 -0.5893
vn -0.6539 0.3805 -0.6539
vn -0.6767 0.2903 -0.6767
vn -0.1421 0.9796 -0.1421
vn -0.2743 0.9217 -0.2743
vn -0.3958 0.8286 -0.3958
vn -0.5021 0.7041 -0.5021
vn -0.3110 0.8286 -0.4654
vn -0.3945 0.7041 -0.5905
vn -0.4630 0.5528 -0.6929
vn -0.5138 0.3805 -0.7689
vn -0.5316 0.2903 -0.7957
vn -0.1116 0.9796 -0.1671
vn -0.2155 0.9217 -0.3225
vn -0.3539 0.3805 -0.8544
vn -0.3662 0.2903 -0.8841
vn -0.0769 0.9796 -0.1857
vn -0.1484 0.9217 -0.3584
vn -0.2142 0.8286 -0.5172
vn -0.2718 0.7041 -0.6561
vn -0.3189 0.5528 -0.7699
vn -0.0757 0.9217 -0.3804
vn -0.1092 0.8286 -0.5490
vn -0.1385 0.7041 -0.6965
vn -0.1626 0.5528 -0.8173
vn -0.1804 0.3805 -0.9070
vn -0.1867 0.2903 -0.9386
vn -0.0392 0.9796 -0.1971
vn 0.1012 0.8549 -0.5087
vn 0.4313 0.8549 -0.2882
vn 0.5087 0.8549 0.1012
vn -0.4792 0.8549 0.1985
vn -0.5187 0.8549 -0.0000
vn -0.4792 0.8549 -0.1985
vn -0.1012 0.8549 -0.5087
vn -0.8815 -0.0096 -0.4722
vn 0.4722 -0.0096 -0.8815
vn -0.0000 -1.0000 -0.0000
vn 0.6295 0.4555 0.6295
vn 0.6295 -0.4555 0.6295
vn -0.4691 0.0976 -0.8777
vn -0.0976 0.0976 -0.9904
vn -0.7693 0.0975 0.6314
vn -0.0975 0.0976 0.9904
vn 0.9904 0.0975 -0.0976
vn 0.8777 0.0976 0.4691
vn 0.0976 0.0975 -0.9904
vt 0.293809 0.582468
vt 0.341885 0.558430
vt 0.341884 0.582468
vt 0.722611 0.639443
vt 0.682291 0.635776
vt 0.367742 0.534392
vt 0.341884 0.510354
vt 0.367742 0.510354
vt 0.053431 0.582468
vt 0.005356 0.570449
vt 0.053431 0.558430
vt 0.678413 0.173825
vt 0.630338 0.173825
vt 0.438036 0.558430
vt 0.412178 0.534392
vt 0.438036 0.534392
vt 0.101507 0.558430
vt 0.101506 0.582468
vt 0.438036 0.582468
vt 0.486111 0.558430
vt 0.486111 0.582468
vt 0.149582 0.558430
vt 0.149582 0.582468
vt 0.486111 0.269976
vt 0.486111 0.294014
vt 0.486111 0.294014
vt 0.293809 0.438241
vt 0.293809 0.414203
vt 0.534187 0.342090
vt 0.486111 0.342090
vt 0.197658 0.582468
vt 0.245733 0.558430
vt 0.245733 0.582468
vt 0.582262 0.173825
vt 0.245733 0.077674
vt 0.245733 0.101712
vt 0.486111 0.606505
vt 0.486111 0.630543
vt 0.630338 0.558430
vt 0.582262 0.534392
vt 0.630338 0.534392
vt 0.197658 0.390165
vt 0.197658 0.366127
vt 0.197658 0.366127
vt 0.678413 0.558430
vt 0.678413 0.534392
vt 0.293809 0.534392
vt 0.341884 0.534392
vt 0.722611 0.333189
vt 0.682291 0.336857
vt 0.722611 0.333189
vt 0.412179 0.582468
vt 0.005356 0.546411
vt 0.053431 0.534392
vt 0.678413 0.005561
vt 0.630338 0.005561
vt 0.367741 0.582468
vt 0.367742 0.558430
vt 0.101507 0.534392
vt 0.486111 0.534392
vt 0.149582 0.534392
vt 0.534187 0.534392
vt 0.534187 0.558430
vt 0.197658 0.702656
vt 0.197658 0.678619
vt 0.572759 0.009725
vt 0.543690 0.009429
vt 0.197658 0.534392
vt 0.245733 0.534392
vt 0.486111 0.510354
vt 0.149582 0.510354
vt 0.534187 0.173825
vt 0.149582 0.197863
vt 0.149582 0.221901
vt 0.726489 0.390165
vt 0.726489 0.414203
vt 0.726489 0.414203
vt 0.197658 0.510354
vt 0.245733 0.510354
vt 0.726489 0.702656
vt 0.726489 0.726694
vt 0.726489 0.726694
vt 0.245733 0.245939
vt 0.245733 0.269976
vt 0.245733 0.269976
vt 0.678413 0.245939
vt 0.678413 0.221901
vt 0.678413 0.221901
vt 0.293809 0.510354
vt 0.682291 0.649348
vt 0.438036 0.510354
vt 0.005356 0.522373
vt 0.053431 0.510354
vt 0.582262 0.005561
vt 0.341885 0.486316
vt 0.367742 0.486316
vt 0.101506 0.510354
vt 0.630338 0.510354
vt 0.678413 0.486316
vt 0.678413 0.510354
vt 0.722611 0.182725
vt 0.682291 0.179058
vt 0.682291 0.179058
vt 0.412178 0.510354
vt 0.438036 0.486316
vt 0.005356 0.498335
vt 0.053431 0.486316
vt 0.486111 0.173825
vt 0.486111 0.173825
vt 0.341885 0.462279
vt 0.367742 0.462279
vt 0.101507 0.486316
vt 0.486111 0.486316
vt 0.149582 0.486316
vt 0.534187 0.510354
vt 0.534187 0.486316
vt 0.245733 0.414203
vt 0.245733 0.438241
vt 0.245733 0.438241
vt 0.572759 0.169661
vt 0.543690 0.169957
vt 0.245733 0.486316
vt 0.582262 0.486316
vt 0.630338 0.486316
vt 0.197658 0.101712
vt 0.197658 0.077674
vt 0.149582 0.462279
vt 0.534187 0.005561
vt 0.149582 0.678619
vt 0.149582 0.702656
vt 0.726489 0.101712
vt 0.726489 0.125750
vt 0.726489 0.125750
vt 0.197658 0.462279
vt 0.245733 0.462279
vt 0.678413 0.390165
vt 0.630338 0.390165
vt 0.197658 0.269976
vt 0.197658 0.245939
vt 0.678413 0.606505
vt 0.630338 0.606505
vt 0.630338 0.606505
vt 0.293809 0.486316
vt 0.722611 0.645681
vt 0.412178 0.486316
vt 0.438036 0.462279
vt 0.005356 0.474297
vt 0.053431 0.462279
vt 0.678413 0.726694
vt 0.678413 0.702656
vt 0.341885 0.438241
vt 0.367742 0.438241
vt 0.101507 0.462279
vt 0.486111 0.462279
vt 0.682291 0.192630
vt 0.412178 0.462279
vt 0.438036 0.438241
vt 0.005356 0.450260
vt 0.053431 0.438241
vt 0.534187 0.005561
vt 0.486111 0.005561
vt 0.367742 0.414203
vt 0.101507 0.438241
vt 0.486111 0.438241
vt 0.149582 0.438241
vt 0.534187 0.462279
vt 0.534187 0.438241
vt 0.149582 0.414203
vt 0.543690 0.025730
vt 0.582263 0.462279
vt 0.630338 0.438241
vt 0.630338 0.462279
vt 0.149582 0.077674
vt 0.149582 0.101712
vt 0.149582 0.101712
vt 0.678413 0.438241
vt 0.678413 0.462279
vt 0.486111 0.318052
vt 0.486111 0.342090
vt 0.293809 0.318052
vt 0.293809 0.294014
vt 0.582263 0.390165
vt 0.197658 0.414203
vt 0.726489 0.269976
vt 0.726489 0.294014
vt 0.726489 0.294014
vt 0.293809 0.654581
vt 0.293809 0.630543
vt 0.582262 0.606505
vt 0.582263 0.606505
vt 0.341885 0.414203
vt 0.722611 0.495216
vt 0.682291 0.491549
vt 0.412178 0.414203
vt 0.438036 0.414203
vt 0.005356 0.426222
vt 0.053431 0.414203
vt 0.582262 0.390165
vt 0.534187 0.390165
vt 0.367742 0.390165
vt 0.101506 0.414203
vt 0.486111 0.414203
vt 0.412178 0.390165
vt 0.438036 0.390165
vt 0.005356 0.402184
vt 0.053431 0.390165
vt 0.534187 0.606505
vt 0.341885 0.366127
vt 0.367742 0.366127
vt 0.101506 0.390165
vt 0.486111 0.390165
vt 0.149582 0.390165
vt 0.534187 0.414203
vt 0.197658 0.438241
vt 0.572759 0.490481
vt 0.543690 0.490185
vt 0.543690 0.490185
vt 0.245733 0.390165
vt 0.630338 0.414203
vt 0.149582 0.245939
vt 0.149582 0.269976
vt 0.678413 0.414203
vt 0.293809 0.390165
vt 0.341884 0.390165
vt 0.293809 0.462279
vt 0.630338 0.221901
vt 0.245733 0.366127
vt 0.726489 0.438241
vt 0.726489 0.462279
vt 0.726489 0.462279
vt 0.245733 0.125750
vt 0.245733 0.149787
vt 0.722611 0.188963
vt 0.438036 0.366127
vt 0.005356 0.378146
vt 0.053431 0.366127
vt 0.678413 0.294014
vt 0.678413 0.269976
vt 0.341885 0.342090
vt 0.367742 0.342090
vt 0.101507 0.366127
vt 0.486111 0.366127
vt 0.149582 0.366127
vt 0.486111 0.606505
vt 0.412178 0.366127
vt 0.438036 0.342090
vt 0.005356 0.354109
vt 0.053431 0.342090
vt 0.582262 0.221901
vt 0.367742 0.318052
vt 0.101507 0.342090
vt 0.149582 0.342090
vt 0.534187 0.366127
vt 0.245733 0.294014
vt 0.245733 0.318052
vt 0.572759 0.025434
vt 0.197658 0.342090
vt 0.245733 0.342090
vt 0.630338 0.366127
vt 0.582262 0.342090
vt 0.630338 0.342090
vt 0.197658 0.750732
vt 0.197658 0.726694
vt 0.678413 0.366127
vt 0.678413 0.342090
vt 0.293809 0.342090
vt 0.682291 0.505121
vt 0.726489 0.750732
vt 0.726489 0.774770
vt 0.678413 0.053636
vt 0.630338 0.053636
vt 0.534187 0.221901
vt 0.341885 0.318052
vt 0.412178 0.318052
vt 0.438036 0.318052
vt 0.005356 0.330071
vt 0.053431 0.318052
vt 0.486111 0.654581
vt 0.486111 0.678619
vt 0.367742 0.294014
vt 0.101506 0.318052
vt 0.149582 0.318052
vt 0.582262 0.053636
vt 0.197658 0.149787
vt 0.197658 0.125750
vt 0.630338 0.582468
vt 0.582262 0.582468
vt 0.341885 0.269976
vt 0.367742 0.269976
vt 0.053431 0.294014
vt 0.101507 0.294014
vt 0.438036 0.294014
vt 0.149582 0.294014
vt 0.534187 0.294014
vt 0.534187 0.318052
vt 0.197658 0.318052
vt 0.197658 0.294014
vt 0.572759 0.634708
vt 0.543690 0.634411
vt 0.582263 0.318052
vt 0.630338 0.294014
vt 0.630338 0.318052
vt 0.149582 0.726694
vt 0.149582 0.750732
vt 0.678413 0.318052
vt 0.341884 0.294014
vt 0.722611 0.501454
vt 0.412178 0.294014
vt 0.005356 0.306033
vt 0.726489 0.149787
vt 0.726489 0.173825
vt 0.726489 0.173825
vt 0.197658 0.486316
vt 0.486111 0.221901
vt 0.486111 0.221901
vt 0.293809 0.269976
vt 0.722611 0.038499
vt 0.682291 0.034831
vt 0.682291 0.034831
vt 0.438036 0.269976
vt 0.005356 0.281995
vt 0.053431 0.269976
vt 0.726489 0.318052
vt 0.726489 0.342090
vt 0.726489 0.342090
vt 0.341885 0.245939
vt 0.367742 0.245939
vt 0.101507 0.269976
vt 0.678413 0.774770
vt 0.678413 0.750732
vt 0.149582 0.125750
vt 0.149582 0.149787
vt 0.534187 0.053636
vt 0.053431 0.245939
vt 0.101506 0.245939
vt 0.486111 0.245939
vt 0.534187 0.269976
vt 0.534187 0.245939
vt 0.293809 0.366127
vt 0.543690 0.506486
vt 0.630338 0.269976
vt 0.582262 0.245939
vt 0.630338 0.245939
vt 0.149582 0.318052
vt 0.293809 0.245939
vt 0.412178 0.269976
vt 0.438036 0.245939
vt 0.005356 0.257957
vt 0.341885 0.221901
vt 0.367742 0.221901
vt 0.293809 0.510354
vt 0.534187 0.582468
vt 0.293809 0.221901
vt 0.682291 0.048403
vt 0.412178 0.245939
vt 0.438036 0.221901
vt 0.005356 0.233920
vt 0.053431 0.221901
vt 0.678413 0.438241
vt 0.341885 0.197863
vt 0.367742 0.197863
vt 0.101507 0.221901
vt 0.678413 0.654581
vt 0.630338 0.654581
vt 0.630338 0.654581
vt 0.245733 0.173825
vt 0.245733 0.197863
vt 0.726489 0.486316
vt 0.726489 0.510354
vt 0.726489 0.510354
vt 0.245733 0.221901
vt 0.486111 0.053636
vt 0.438036 0.197863
vt 0.486111 0.197863
vt 0.534187 0.197863
vt 0.245733 0.366127
vt 0.197658 0.197863
vt 0.582262 0.197863
vt 0.630338 0.197863
vt 0.245733 0.678619
vt 0.245733 0.702656
vt 0.678413 0.197863
vt 0.293809 0.197863
vt 0.722611 0.350989
vt 0.682291 0.347323
vt 0.412178 0.221901
vt 0.005356 0.209882
vt 0.053431 0.197863
vt 0.582263 0.438241
vt 0.341885 0.173825
vt 0.367742 0.173825
vt 0.101506 0.197863
vt 0.293809 0.173825
vt 0.722611 0.044737
vt 0.412178 0.197863
vt 0.438036 0.173825
vt 0.005356 0.185844
vt 0.053431 0.173825
vt 0.582262 0.654581
vt 0.367742 0.149787
vt 0.101507 0.173825
vt 0.149582 0.173825
vt 0.582262 0.438241
vt 0.534187 0.654581
vt 0.197658 0.173825
vt 0.486111 0.149787
vt 0.534187 0.149787
vt 0.543690 0.650712
vt 0.582262 0.149787
vt 0.630338 0.149787
vt 0.678413 0.149787
vt 0.293809 0.149787
vt 0.341884 0.149787
vt 0.682291 0.360895
vt 0.412178 0.149787
vt 0.438036 0.149787
vt 0.005356 0.161806
vt 0.053431 0.149787
vt 0.486111 0.702656
vt 0.486111 0.726694
vt 0.486111 0.726694
vt 0.341885 0.125750
vt 0.367742 0.125750
vt 0.101507 0.149787
vt 0.293809 0.125750
vt 0.438036 0.125750
vt 0.005356 0.137769
vt 0.053431 0.125750
vt 0.341885 0.101712
vt 0.367742 0.101712
vt 0.101507 0.125750
vt 0.486111 0.125750
vt 0.486111 0.654581
vt 0.582262 0.269976
vt 0.726489 0.197863
vt 0.726489 0.221901
vt 0.726489 0.221901
vt 0.293809 0.702656
vt 0.293809 0.678619
vt 0.534187 0.101712
vt 0.534187 0.125750
vt 0.149582 0.005561
vt 0.149582 0.029599
vt 0.149582 0.029599
vt 0.572759 0.506190
vt 0.582263 0.125750
vt 0.630338 0.101712
vt 0.630338 0.125750
vt 0.678413 0.101712
vt 0.678413 0.125750
vt 0.293809 0.101712
vt 0.722611 0.357227
vt 0.412178 0.125750
vt 0.438036 0.101712
vt 0.005356 0.113731
vt 0.053431 0.101712
vt 0.726489 0.366127
vt 0.341884 0.077674
vt 0.367742 0.077674
vt 0.101506 0.101712
vt 0.486111 0.101712
vt 0.722611 0.663481
vt 0.682291 0.659814
vt 0.412178 0.101712
vt 0.438036 0.077674
vt 0.005356 0.089693
vt 0.053431 0.077674
vt 0.678413 0.029599
vt 0.341885 0.053636
vt 0.367742 0.053636
vt 0.101507 0.077674
vt 0.486111 0.077674
vt 0.726489 0.534392
vt 0.726489 0.558430
vt 0.678413 0.101712
vt 0.486111 0.269976
vt 0.149582 0.197863
vt 0.582262 0.101712
vt 0.293809 0.077674
vt 0.572759 0.346254
vt 0.543690 0.345958
vt 0.245733 0.053636
vt 0.630338 0.077674
vt 0.678413 0.077674
vt 0.412178 0.077674
vt 0.438036 0.053636
vt 0.005356 0.065655
vt 0.053431 0.053636
vt 0.341884 0.029599
vt 0.367741 0.029599
vt 0.101507 0.053636
vt 0.149582 0.053636
vt 0.534187 0.077674
vt 0.197658 0.558430
vt 0.005356 0.041617
vt 0.053431 0.029599
vt 0.678413 0.366128
vt 0.341884 0.005561
vt 0.367741 0.005561
vt 0.101506 0.029599
vt 0.438036 0.029599
vt 0.486111 0.029599
vt 0.630338 0.702656
vt 0.245733 0.414203
vt 0.534187 0.101712
vt 0.197658 0.029599
vt 0.245733 0.029599
vt 0.486111 0.750732
vt 0.486111 0.774770
vt 0.245733 0.726694
vt 0.245733 0.750732
vt 0.582263 0.486316
vt 0.293809 0.029599
vt 0.682291 0.673386
vt 0.412178 0.053636
vt 0.197658 0.005561
vt 0.245733 0.005561
vt 0.582263 0.029599
vt 0.630338 0.029599
vt 0.149582 0.582468
vt 0.722611 0.206763
vt 0.682291 0.203096
vt 0.682291 0.203096
vt 0.412179 0.029599
vt 0.438036 0.005561
vt 0.005356 0.017580
vt 0.053431 0.005561
vt 0.582262 0.702656
vt 0.367741 0.774770
vt 0.341884 0.750732
vt 0.367742 0.750732
vt 0.101507 0.005561
vt 0.534187 0.029599
vt 0.572759 0.650416
vt 0.341885 0.726694
vt 0.367741 0.726694
vt 0.053431 0.774770
vt 0.101507 0.750732
vt 0.101507 0.774770
vt 0.438036 0.774770
vt 0.149582 0.774770
vt 0.486111 0.101712
vt 0.149582 0.534392
vt 0.197658 0.774770
vt 0.245733 0.774770
vt 0.534187 0.702656
vt 0.293809 0.750732
vt 0.293809 0.726694
vt 0.341884 0.774770
vt 0.722611 0.669719
vt 0.412179 0.774770
vt 0.438036 0.750732
vt 0.005356 0.762751
vt 0.053431 0.750732
vt 0.630338 0.750732
vt 0.582262 0.726694
vt 0.630338 0.726694
vt 0.197658 0.221901
vt 0.682291 0.216668
vt 0.412179 0.750732
vt 0.438036 0.726694
vt 0.005356 0.738713
vt 0.053431 0.726694
vt 0.486111 0.486316
vt 0.341885 0.702656
vt 0.367741 0.702656
vt 0.101507 0.726694
vt 0.534187 0.726694
vt 0.534187 0.750732
vt 0.101506 0.702656
vt 0.438036 0.702656
vt 0.486111 0.702656
vt 0.726489 0.245939
vt 0.582262 0.318052
vt 0.293809 0.558430
vt 0.293809 0.558430
vt 0.726489 0.438241
vt 0.722611 0.519254
vt 0.682291 0.515587
vt 0.412178 0.726694
vt 0.005356 0.714675
vt 0.053431 0.702656
vt 0.341885 0.678619
vt 0.367741 0.678619
vt 0.149582 0.245939
vt 0.678413 0.678619
vt 0.412179 0.702656
vt 0.438036 0.678619
vt 0.005356 0.690638
vt 0.053431 0.678619
vt 0.678413 0.149787
vt 0.341884 0.654581
vt 0.367742 0.654581
vt 0.101507 0.678619
vt 0.534187 0.678619
vt 0.149582 0.414203
vt 0.543690 0.362259
vt 0.582263 0.678619
vt 0.630338 0.678619
vt 0.438036 0.654581
vt 0.149582 0.654581
vt 0.678413 0.582468
vt 0.486111 0.318052
vt 0.245733 0.654581
vt 0.293809 0.606505
vt 0.293809 0.606505
vt 0.582263 0.149787
vt 0.722611 0.213001
vt 0.412179 0.678619
vt 0.005356 0.666600
vt 0.053431 0.654581
vt 0.341885 0.630543
vt 0.367741 0.630543
vt 0.101507 0.654581
vt 0.678413 0.630543
vt 0.682291 0.529159
vt 0.412179 0.654581
vt 0.438036 0.630543
vt 0.005356 0.642562
vt 0.053431 0.630543
vt 0.726489 0.582468
vt 0.726489 0.582468
vt 0.341885 0.606505
vt 0.367742 0.606505
vt 0.101507 0.630543
vt 0.149582 0.630543
vt 0.534187 0.630543
vt 0.293809 0.005561
vt 0.572759 0.650416
vt 0.197658 0.630543
vt 0.245733 0.630543
vt 0.582263 0.630543
vt 0.630338 0.630543
vt 0.245733 0.462279
vt 0.197658 0.269976
vt 0.197658 0.606505
vt 0.245733 0.606505
vt 0.412179 0.630543
vt 0.438036 0.606505
vt 0.005356 0.618524
vt 0.053431 0.606505
vt 0.582262 0.750732
vt 0.101507 0.606505
vt 0.149582 0.606505
vt 0.722611 0.525492
vt 0.412179 0.606505
vt 0.005356 0.594486
vt 0.572759 0.361963
vt 0.907072 0.741154
vt 0.929638 0.758262
vt 0.904556 0.747878
vt 0.737908 0.851326
vt 0.743404 0.873582
vt 0.737588 0.874801
vt 0.825220 0.791527
vt 0.807704 0.795733
vt 0.822777 0.786709
vt 0.923896 0.930202
vt 0.940047 0.919563
vt 0.927866 0.934419
vt 0.922844 0.770818
vt 0.945196 0.781490
vt 0.941440 0.786486
vt 0.775426 0.959512
vt 0.796992 0.968788
vt 0.794203 0.974195
vt 0.828205 0.742496
vt 0.854313 0.743536
vt 0.830267 0.748705
vt 0.895098 0.948183
vt 0.879942 0.957528
vt 0.879094 0.952258
vt 0.934146 0.818466
vt 0.947671 0.831878
vt 0.942364 0.833990
vt 0.780487 0.888336
vt 0.773175 0.872175
vt 0.778405 0.872014
vt 0.775159 0.930444
vt 0.784032 0.949646
vt 0.770346 0.932802
vt 0.990313 0.842791
vt 0.986454 0.866165
vt 0.983980 0.842873
vt 0.909801 0.990003
vt 0.884318 0.988894
vt 0.908057 0.983644
vt 0.751904 0.805426
vt 0.748702 0.828879
vt 0.742661 0.827876
vt 0.783957 0.766246
vt 0.770619 0.787345
vt 0.765266 0.783742
vt 0.840598 0.785090
vt 0.838964 0.779668
vt 0.862654 0.953144
vt 0.845470 0.956816
vt 0.846489 0.951518
vt 0.786186 0.903474
vt 0.775250 0.889673
vt 0.779358 0.855949
vt 0.777906 0.838442
vt 0.783026 0.840189
vt 0.834100 0.761258
vt 0.811637 0.764800
vt 0.832489 0.755807
vt 0.748146 0.919932
vt 0.764231 0.936958
vt 0.759695 0.941103
vt 0.768772 0.814393
vt 0.755731 0.831133
vt 0.764240 0.811146
vt 0.910131 0.940644
vt 0.897030 0.953428
vt 0.830693 0.947028
vt 0.814136 0.943531
vt 0.816921 0.939209
vt 0.837531 0.991754
vt 0.860893 0.989138
vt 0.860566 0.995223
vt 0.879834 0.736812
vt 0.878950 0.743580
vt 0.745996 0.895497
vt 0.740514 0.897721
vt 0.789631 0.825360
vt 0.795091 0.808508
vt 0.799248 0.812016
vt 0.760530 0.833453
vt 0.750775 0.851943
vt 0.862518 0.958563
vt 0.811092 0.800105
vt 0.877829 0.757346
vt 0.902355 0.755229
vt 0.901037 0.761132
vt 0.755785 0.853351
vt 0.749974 0.873303
vt 0.817164 0.979656
vt 0.815311 0.985340
vt 0.804037 0.929049
vt 0.789497 0.919797
vt 0.793691 0.916936
vt 0.892241 0.786658
vt 0.911611 0.789039
vt 0.908520 0.794081
vt 0.949379 0.867321
vt 0.952791 0.848916
vt 0.954988 0.867294
vt 0.953287 0.885097
vt 0.947728 0.884137
vt 0.926464 0.800688
vt 0.939143 0.815107
vt 0.804958 0.752728
vt 0.788256 0.771024
vt 0.822259 0.968814
vt 0.839927 0.979450
vt 0.819841 0.973367
vt 0.784968 0.822706
vt 0.828506 0.952034
vt 0.857313 0.782156
vt 0.856769 0.776400
vt 0.934064 0.752331
vt 0.951008 0.775556
vt 0.991456 0.891833
vt 0.980072 0.914247
vt 0.985226 0.890045
vt 0.942926 0.900987
vt 0.935212 0.916462
vt 0.875910 0.777003
vt 0.894139 0.781005
vt 0.800217 0.932895
vt 0.743929 0.851105
vt 0.814012 0.769886
vt 0.792837 0.776819
vt 0.855133 0.751020
vt 0.855868 0.756612
vt 0.974066 0.793364
vt 0.978166 0.819284
vt 0.967662 0.796111
vt 0.942210 0.948640
vt 0.927007 0.966742
vt 0.923654 0.961929
vt 0.861631 0.976677
vt 0.883422 0.981728
vt 0.861262 0.982078
vt 0.916896 0.788184
vt 0.926113 0.792562
vt 0.926378 0.795063
vt 0.819972 0.771882
vt 0.825270 0.778962
vt 0.824461 0.782142
vt 0.757813 0.807678
vt 0.918081 0.946387
vt 0.925452 0.952528
vt 0.925048 0.955364
vt 0.957046 0.931311
vt 0.946689 0.952536
vt 0.913127 0.945549
vt 0.781402 0.905827
vt 0.922478 0.804913
vt 0.923947 0.777763
vt 0.930457 0.786539
vt 0.924575 0.782210
vt 0.831987 0.776351
vt 0.834251 0.777246
vt 0.771025 0.886865
vt 0.763138 0.886372
vt 0.768886 0.884845
vt 0.934309 0.786669
vt 0.831310 0.766974
vt 0.823269 0.772810
vt 0.770318 0.875761
vt 0.767968 0.878898
vt 0.879906 0.774133
vt 0.883811 0.765216
vt 0.882960 0.772597
vt 0.948390 0.903175
vt 0.829595 0.770644
vt 0.761025 0.888620
vt 0.761724 0.879417
vt 0.891504 0.776065
vt 0.889975 0.773214
vt 0.759707 0.877821
vt 0.875127 0.782685
vt 0.894978 0.764648
vt 0.882151 0.762787
vt 0.760491 0.849903
vt 0.769285 0.848955
vt 0.771047 0.851257
vt 0.891194 0.767033
vt 0.771426 0.842906
vt 0.773860 0.840887
vt 0.950258 0.932235
vt 0.941474 0.928054
vt 0.940713 0.924649
vt 0.765134 0.841064
vt 0.763852 0.847697
vt 0.936825 0.933597
vt 0.933575 0.934324
vt 0.903805 0.767858
vt 0.902082 0.777295
vt 0.898963 0.778996
vt 0.763805 0.838916
vt 0.941801 0.939038
vt 0.946044 0.932676
vt 0.909107 0.780736
vt 0.910083 0.783269
vt 0.774019 0.855189
vt 0.942033 0.941872
vt 0.916408 0.772826
vt 0.905514 0.771092
vt 0.767197 0.906683
vt 0.773620 0.902190
vt 0.776841 0.903811
vt 0.911988 0.774308
vt 0.947319 0.850129
vt 0.771947 0.896057
vt 0.773052 0.893838
vt 0.969633 0.871510
vt 0.960853 0.873308
vt 0.958688 0.871143
vt 0.762760 0.896416
vt 0.768212 0.904455
vt 0.851802 0.761787
vt 0.852685 0.773063
vt 0.839471 0.764477
vt 0.841796 0.775298
vt 0.872747 0.761481
vt 0.872588 0.773111
vt 0.860775 0.761472
vt 0.860517 0.772671
vt 0.812326 0.776211
vt 0.817770 0.785274
vt 0.801845 0.782336
vt 0.808596 0.790946
vt 0.795982 0.781450
vt 0.949458 0.803239
vt 0.956197 0.804374
vt 0.931916 0.800932
vt 0.939858 0.809885
vt 0.941120 0.793515
vt 0.959834 0.822129
vt 0.965955 0.824669
vt 0.949801 0.826732
vt 0.954415 0.810892
vt 0.943924 0.816501
vt 0.966057 0.842530
vt 0.971389 0.846214
vt 0.955708 0.844647
vt 0.962983 0.830656
vt 0.951964 0.834062
vt 0.969253 0.862837
vt 0.974180 0.867245
vt 0.956946 0.852008
vt 0.958203 0.863569
vt 0.967815 0.851364
vt 0.968046 0.883531
vt 0.972074 0.888994
vt 0.957029 0.882258
vt 0.886360 0.970786
vt 0.882648 0.976325
vt 0.894730 0.958054
vt 0.883866 0.960111
vt 0.898057 0.968285
vt 0.903585 0.971112
vt 0.866297 0.972382
vt 0.865919 0.962143
vt 0.877670 0.972227
vt 0.876965 0.961084
vt 0.846620 0.970587
vt 0.841246 0.974370
vt 0.858973 0.961683
vt 0.848161 0.960521
vt 0.857571 0.972227
vt 0.963960 0.904303
vt 0.967085 0.910414
vt 0.953359 0.900826
vt 0.966742 0.892660
vt 0.955748 0.889156
vt 0.955337 0.924894
vt 0.945592 0.918347
vt 0.960569 0.912873
vt 0.950118 0.907854
vt 0.927613 0.939774
vt 0.935436 0.948204
vt 0.906162 0.965240
vt 0.901918 0.955541
vt 0.917192 0.960151
vt 0.911785 0.950046
vt 0.794224 0.945965
vt 0.788158 0.946397
vt 0.809519 0.944374
vt 0.800697 0.937726
vt 0.802987 0.952614
vt 0.804179 0.958777
vt 0.781159 0.931335
vt 0.795395 0.932894
vt 0.788961 0.924479
vt 0.788191 0.940319
vt 0.770485 0.914337
vt 0.764751 0.912275
vt 0.779627 0.910423
vt 0.776366 0.924473
vt 0.785241 0.918830
vt 0.757603 0.893587
vt 0.755199 0.873928
vt 0.759660 0.857937
vt 0.769563 0.868916
vt 0.770477 0.858289
vt 0.759445 0.869363
vt 0.827821 0.966013
vt 0.841370 0.959284
vt 0.830711 0.956292
vt 0.838106 0.969399
vt 0.810258 0.957441
vt 0.823936 0.953830
vt 0.815198 0.947871
vt 0.820137 0.963150
vt 0.780978 0.802139
vt 0.779911 0.795803
vt 0.783599 0.817804
vt 0.790097 0.809238
vt 0.774677 0.812656
vt 0.795461 0.787518
vt 0.794769 0.803086
vt 0.802717 0.795525
vt 0.786278 0.795675
vt 0.770636 0.820098
vt 0.780160 0.824318
vt 0.766207 0.830728
vt 0.776051 0.834274
vt 0.931144 0.947738
vt 0.777330 0.825120
vt 0.771463 0.823242
vt 0.920396 0.787351
vt 0.921497 0.946426
vt 0.769220 0.829797
vt 0.927478 0.942903
vt 0.775184 0.831343
vt 0.887823 0.967844
vt 0.894904 0.966969
vt 0.767917 0.860136
vt 0.761590 0.860567
vt 0.886771 0.961464
vt 0.761887 0.867412
vt 0.893444 0.960750
vt 0.767846 0.866646
vt 0.940202 0.807142
vt 0.945870 0.802294
vt 0.940513 0.796968
vt 0.904972 0.956176
vt 0.907082 0.962722
vt 0.913314 0.958876
vt 0.935919 0.801318
vt 0.911136 0.953219
vt 0.868127 0.970479
vt 0.875473 0.969795
vt 0.829955 0.964924
vt 0.868334 0.963841
vt 0.836870 0.966436
vt 0.874443 0.963928
vt 0.832507 0.958908
vt 0.957210 0.821220
vt 0.838203 0.960937
vt 0.953151 0.814865
vt 0.796739 0.945670
vt 0.950421 0.823532
vt 0.802844 0.949454
vt 0.947263 0.817151
vt 0.801438 0.940843
vt 0.850300 0.771015
vt 0.849292 0.765150
vt 0.806018 0.944788
vt 0.842576 0.766093
vt 0.848629 0.969130
vt 0.843260 0.773139
vt 0.855826 0.969475
vt 0.812818 0.956734
vt 0.850291 0.962771
vt 0.818913 0.959512
vt 0.856177 0.963813
vt 0.821742 0.954462
vt 0.816226 0.951557
vt 0.956872 0.842614
vt 0.963313 0.840360
vt 0.961071 0.833442
vt 0.789099 0.927625
vt 0.783752 0.931550
vt 0.788395 0.936448
vt 0.955462 0.835912
vt 0.870427 0.764160
vt 0.792570 0.932915
vt 0.862652 0.763355
vt 0.955943 0.898980
vt 0.961933 0.901502
vt 0.863284 0.770547
vt 0.869898 0.770348
vt 0.964370 0.894115
vt 0.786770 0.809474
vt 0.781686 0.806178
vt 0.777877 0.811533
vt 0.957787 0.892756
vt 0.966469 0.861011
vt 0.783168 0.815562
vt 0.966171 0.853482
vt 0.779030 0.912583
vt 0.773499 0.915694
vt 0.960033 0.860862
vt 0.777235 0.920860
vt 0.959826 0.854492
vt 0.814911 0.784253
vt 0.811214 0.779304
vt 0.782267 0.918445
vt 0.805852 0.783081
vt 0.948052 0.917513
vt 0.954065 0.920540
vt 0.809153 0.788454
vt 0.957406 0.914390
vt 0.800185 0.795464
vt 0.794967 0.790888
vt 0.790378 0.795631
vt 0.951626 0.910894
vt 0.965732 0.881126
vt 0.794494 0.799927
vt 0.967306 0.874060
vt 0.766294 0.898210
vt 0.959293 0.879954
vt 0.905651 0.976437
vt 0.970982 0.821893
vt 0.960654 0.800545
vt 0.779107 0.954636
vt 0.752554 0.893968
vt 0.969091 0.938073
vt 0.962386 0.933838
vt 0.808194 0.758267
vt 0.931164 0.973801
vt 0.979561 0.866313
vt 0.976716 0.844265
vt 0.753263 0.916668
vt 0.759653 0.913765
vt 0.878208 0.751377
vt 0.838535 0.985890
vt 0.800844 0.962927
vt 0.972752 0.911644
vt 0.977804 0.888985
vt 0.952159 0.958343
vt 0.776154 0.791969
vt 0.925442 0.765304
vt 0.956456 0.963922
vt 0.992675 0.866998
vt 0.986177 0.917288
vt 0.853692 0.736938
vt 0.884929 0.995223
vt 0.956777 0.771081
vt 0.934122 0.979956
vt 0.984693 0.818119
vt 0.974572 0.942533
vt 0.742685 0.538441
vt 0.742685 0.554381
vt 0.582262 0.558430
vt 0.678413 0.582468
vt 0.742685 0.530343
vt 0.726489 0.534392
vt 0.582262 0.510354
vt 0.742685 0.490366
vt 0.742685 0.506305
vt 0.742685 0.482267
vt 0.726489 0.486316
vt 0.486111 0.462279
vt 0.534187 0.462279
vt 0.582262 0.462279
vt 0.678413 0.462279
vt 0.742685 0.442290
vt 0.742685 0.458230
vt 0.742685 0.434192
vt 0.582262 0.414203
vt 0.742685 0.410154
vt 0.742685 0.370177
vt 0.742685 0.386116
vt 0.582262 0.366127
vt 0.726489 0.366128
vt 0.742685 0.346139
vt 0.742685 0.362078
vt 0.486111 0.366127
vt 0.534187 0.366127
vt 0.742685 0.338041
vt 0.678413 0.342090
vt 0.742685 0.298063
vt 0.742685 0.314003
vt 0.742685 0.274025
vt 0.742685 0.289965
vt 0.742685 0.265927
vt 0.726489 0.245939
vt 0.582263 0.294014
vt 0.742685 0.241889
vt 0.742685 0.217852
vt 0.726489 0.197863
vt 0.742685 0.177874
vt 0.742685 0.193814
vt 0.678413 0.173825
vt 0.742685 0.153837
vt 0.742685 0.169776
vt 0.582263 0.197863
vt 0.742685 0.145738
vt 0.742685 0.105761
vt 0.742685 0.121701
vt 0.486111 0.125750
vt 0.534187 0.125750
vt 0.582262 0.125750
vt 0.742685 0.097663
vt 0.726489 0.101712
vt 0.726489 0.077674
vt 0.742685 0.057685
vt 0.742685 0.073625
vt 0.582262 0.077674
vt 0.678413 0.077674
vt 0.742685 0.049587
vt 0.726489 0.053636
vt 0.726489 0.029599
vt 0.742685 0.025549
vt 0.726489 0.005561
vt 0.582262 0.029599
vt 0.742685 0.754781
vt 0.742685 0.770721
vt 0.534187 0.774770
vt 0.582262 0.774770
vt 0.630338 0.774770
vt 0.726489 0.750732
vt 0.742685 0.730743
vt 0.742685 0.746683
vt 0.742685 0.722645
vt 0.726489 0.702656
vt 0.582263 0.726694
vt 0.630338 0.726694
vt 0.678413 0.726694
vt 0.742685 0.682668
vt 0.742685 0.698607
vt 0.726489 0.678619
vt 0.742685 0.658630
vt 0.742685 0.674570
vt 0.534187 0.678619
vt 0.582262 0.678619
vt 0.742685 0.650532
vt 0.726489 0.654581
vt 0.726489 0.630543
vt 0.742685 0.626494
vt 0.726489 0.606505
vt 0.534187 0.630543
vt 0.582263 0.630543
vt 0.630338 0.630543
vt 0.678413 0.606505
vt 0.678413 0.630543
vt 0.742685 0.562479
vt 0.742685 0.578418
vt 0.486111 0.558430
vt 0.726489 0.077674
vt 0.486111 0.510354
vt 0.726489 0.654581
vt 0.486111 0.245939
vt 0.582262 0.294014
vt 0.726489 0.029599
vt 0.726489 0.606505
vt 0.486111 0.077674
vt 0.582262 0.077674
vt 0.486111 0.414203
vt 0.486111 0.029599
vt 0.486111 0.750732
vt 0.755890 0.570449
vt 0.756217 0.579696
vt 0.755890 0.546411
vt 0.756217 0.555658
vt 0.755890 0.522373
vt 0.756217 0.531621
vt 0.755890 0.498335
vt 0.756217 0.507583
vt 0.755890 0.474298
vt 0.756217 0.483545
vt 0.755890 0.450260
vt 0.756217 0.459507
vt 0.755890 0.426222
vt 0.756217 0.435469
vt 0.755890 0.402184
vt 0.756217 0.411432
vt 0.755890 0.378146
vt 0.756217 0.387394
vt 0.755890 0.354109
vt 0.756217 0.363356
vt 0.755890 0.330071
vt 0.756217 0.339318
vt 0.755890 0.306033
vt 0.756217 0.315280
vt 0.755890 0.281995
vt 0.756217 0.291243
vt 0.755890 0.257957
vt 0.756217 0.267205
vt 0.755890 0.233920
vt 0.756217 0.243167
vt 0.755890 0.209882
vt 0.756217 0.219129
vt 0.755890 0.185844
vt 0.756217 0.195092
vt 0.755890 0.161806
vt 0.756217 0.171054
vt 0.755890 0.137769
vt 0.756217 0.147016
vt 0.755890 0.113731
vt 0.756217 0.122978
vt 0.755890 0.089693
vt 0.756217 0.098940
vt 0.755890 0.065655
vt 0.756217 0.074903
vt 0.755890 0.041617
vt 0.756217 0.050865
vt 0.755890 0.017580
vt 0.756217 0.026827
vt 0.755890 0.762751
vt 0.756217 0.771998
vt 0.755890 0.738713
vt 0.756217 0.747961
vt 0.755890 0.714675
vt 0.756217 0.723923
vt 0.755890 0.690638
vt 0.756217 0.699885
vt 0.755890 0.666600
vt 0.756217 0.675847
vt 0.755890 0.642562
vt 0.756217 0.651809
vt 0.755890 0.618524
vt 0.756217 0.627772
vt 0.755890 0.594486
vt 0.756217 0.603734
vt 0.742685 0.602456
vt 0.543690 0.554561
vt 0.572759 0.554265
vt 0.543690 0.538260
vt 0.543690 0.458410
vt 0.572759 0.458114
vt 0.543690 0.442109
vt 0.543690 0.410335
vt 0.572759 0.410039
vt 0.543690 0.394034
vt 0.543690 0.314184
vt 0.572759 0.313887
vt 0.543690 0.297882
vt 0.543690 0.266108
vt 0.572759 0.265812
vt 0.543690 0.249807
vt 0.543690 0.218032
vt 0.572759 0.217736
vt 0.543690 0.201731
vt 0.543690 0.153656
vt 0.543690 0.121881
vt 0.572759 0.121585
vt 0.543690 0.105580
vt 0.543690 0.073806
vt 0.572759 0.073510
vt 0.543690 0.057505
vt 0.543690 0.746864
vt 0.572759 0.746567
vt 0.543690 0.730563
vt 0.543690 0.698788
vt 0.572759 0.698492
vt 0.543690 0.682487
vt 0.543690 0.602637
vt 0.572759 0.602341
vt 0.543690 0.586336
vt 0.572759 0.153952
vt 0.572759 0.298179
vt 0.572759 0.602341
vt 0.572759 0.458114
vt 0.572759 0.586632
vt 0.543690 0.297882
vt 0.572759 0.442405
vt 0.572759 0.746567
vt 0.543690 0.586336
vt 0.572759 0.730859
vt 0.572759 0.105876
vt 0.543690 0.105580
vt 0.572759 0.250103
vt 0.572759 0.410039
vt 0.572759 0.394330
vt 0.572759 0.698492
vt 0.572759 0.554265
vt 0.572759 0.682783
vt 0.572759 0.538556
vt 0.572759 0.073510
vt 0.543690 0.682487
vt 0.572759 0.057801
vt 0.572759 0.202028
vt 0.572759 0.202028
vt 0.682291 0.577235
vt 0.722612 0.573567
vt 0.682291 0.563663
vt 0.722611 0.567329
vt 0.682291 0.553197
vt 0.722611 0.549530
vt 0.682291 0.539625
vt 0.722611 0.543292
vt 0.682291 0.481084
vt 0.722611 0.477416
vt 0.682291 0.467512
vt 0.722611 0.471178
vt 0.682291 0.457046
vt 0.722611 0.453379
vt 0.682291 0.443474
vt 0.722611 0.447141
vt 0.682291 0.433008
vt 0.722611 0.429340
vt 0.682291 0.419436
vt 0.722611 0.423103
vt 0.682291 0.408970
vt 0.722611 0.405303
vt 0.682291 0.395398
vt 0.722611 0.399065
vt 0.682291 0.384932
vt 0.722611 0.381265
vt 0.682291 0.371360
vt 0.722611 0.375027
vt 0.682291 0.323285
vt 0.722611 0.326952
vt 0.682291 0.312819
vt 0.722611 0.309151
vt 0.682291 0.299247
vt 0.722611 0.302914
vt 0.682291 0.288781
vt 0.722611 0.285114
vt 0.682291 0.275209
vt 0.722611 0.278876
vt 0.682291 0.264743
vt 0.722611 0.261076
vt 0.682291 0.251171
vt 0.722611 0.254838
vt 0.682291 0.240706
vt 0.722611 0.237038
vt 0.682291 0.227134
vt 0.722611 0.230801
vt 0.682291 0.168592
vt 0.722611 0.164925
vt 0.682291 0.155020
vt 0.722611 0.158687
vt 0.682291 0.144555
vt 0.722611 0.140888
vt 0.682291 0.130983
vt 0.722611 0.134650
vt 0.682291 0.120517
vt 0.722611 0.116850
vt 0.682291 0.106945
vt 0.722611 0.110612
vt 0.682291 0.096479
vt 0.722611 0.092812
vt 0.682291 0.082907
vt 0.722611 0.086575
vt 0.682291 0.072441
vt 0.722611 0.068774
vt 0.682291 0.058869
vt 0.722611 0.062537
vt 0.682291 0.024366
vt 0.722611 0.020699
vt 0.682291 0.010794
vt 0.722611 0.014461
vt 0.682291 0.769537
vt 0.722611 0.765870
vt 0.682291 0.755965
vt 0.722611 0.759632
vt 0.682291 0.745499
vt 0.722611 0.741832
vt 0.682291 0.731927
vt 0.722611 0.735595
vt 0.682291 0.721461
vt 0.722611 0.717795
vt 0.682291 0.707889
vt 0.722611 0.711556
vt 0.682291 0.697424
vt 0.722611 0.693757
vt 0.682291 0.683852
vt 0.722611 0.687519
vt 0.682291 0.625310
vt 0.722611 0.621643
vt 0.682291 0.611738
vt 0.722612 0.615405
vt 0.682291 0.601272
vt 0.722612 0.597605
vt 0.682291 0.587700
vt 0.722612 0.591367
vt 0.722611 0.477416
vt 0.682291 0.010794
vt 0.722611 0.158687
vt 0.722611 0.621643
vt 0.682291 0.467512
vt 0.682291 0.299247
vt 0.682291 0.755965
vt 0.682291 0.443474
vt 0.682291 0.275209
vt 0.722611 0.429340
vt 0.682291 0.731927
vt 0.682291 0.419436
vt 0.722612 0.573567
vt 0.682291 0.563663
vt 0.682291 0.251172
vt 0.682291 0.707889
vt 0.682291 0.082907
vt 0.722611 0.237038
vt 0.722611 0.693757
vt 0.682291 0.539625
vt 0.682291 0.227134
vt 0.722611 0.381265
vt 0.682291 0.683852
vt 0.264467 0.269976
vt 0.264467 0.294013
vt 0.275075 0.750733
vt 0.275075 0.726695
vt 0.275075 0.294015
vt 0.275075 0.269977
vt 0.275075 0.774770
vt 0.275075 0.318053
vt 0.275075 0.294015
vt 0.264467 0.750731
vt 0.264467 0.774769
vt 0.264467 0.318051
vt 0.264468 0.318051
vt 0.185706 0.774770
vt 0.185706 0.750732
vt 0.185706 0.318052
vt 0.185706 0.294014
vt 0.161534 0.750732
vt 0.161534 0.774770
vt 0.161534 0.294014
vt 0.161534 0.318052
vt 0.161534 0.005561
vt 0.161534 0.029599
vt 0.161534 0.029599
vt 0.161534 0.342090
vt 0.275075 0.029599
vt 0.275075 0.005560
vt 0.275075 0.342090
vt 0.275075 0.318053
vt 0.185706 0.029599
vt 0.185706 0.005561
vt 0.185706 0.342090
vt 0.264467 0.005561
vt 0.264467 0.029598
vt 0.264467 0.342089
vt 0.275075 0.053637
vt 0.275075 0.029599
vt 0.275075 0.366128
vt 0.264468 0.053636
vt 0.264467 0.053636
vt 0.264467 0.366127
vt 0.264468 0.366127
vt 0.185706 0.053636
vt 0.185706 0.366127
vt 0.161534 0.053636
vt 0.161534 0.366127
vt 0.161534 0.366127
vt 0.161534 0.077674
vt 0.275075 0.390166
vt 0.275075 0.077675
vt 0.275075 0.053637
vt 0.264467 0.390164
vt 0.185706 0.077674
vt 0.161534 0.390165
vt 0.264467 0.077673
vt 0.185706 0.390165
vt 0.275075 0.101713
vt 0.275075 0.414204
vt 0.264467 0.101711
vt 0.264467 0.414202
vt 0.264468 0.414202
vt 0.185706 0.101712
vt 0.185706 0.414203
vt 0.161534 0.101712
vt 0.161534 0.414203
vt 0.275075 0.125750
vt 0.275075 0.101713
vt 0.275075 0.438242
vt 0.275075 0.414204
vt 0.264467 0.125749
vt 0.264467 0.438240
vt 0.161534 0.125750
vt 0.161534 0.438241
vt 0.185706 0.125750
vt 0.275075 0.606506
vt 0.275075 0.582467
vt 0.275075 0.582467
vt 0.185706 0.438241
vt 0.264467 0.149787
vt 0.264468 0.582468
vt 0.264467 0.606504
vt 0.264468 0.462278
vt 0.264467 0.462278
vt 0.185706 0.149787
vt 0.185706 0.606505
vt 0.185706 0.582468
vt 0.185706 0.462279
vt 0.161534 0.149787
vt 0.161534 0.149787
vt 0.161534 0.606505
vt 0.161534 0.582468
vt 0.161534 0.606505
vt 0.161534 0.462279
vt 0.275075 0.149788
vt 0.275075 0.630544
vt 0.275075 0.462279
vt 0.197658 0.053636
vt 0.245733 0.221901
vt 0.197658 0.654581
vt 0.197658 0.630543
vt 0.293809 0.366127
vt 0.293809 0.053636
vt 0.293809 0.318052
vt 0.293809 0.149787
vt 0.149582 0.726694
vt 0.293809 0.774770
vt 0.149582 0.125750
vt 0.293809 0.269976
vt 0.149582 0.606505
vt 0.293809 0.438241
vt 0.245733 0.726694
vt 0.197658 0.654581
vt 0.149582 0.342090
vt 0.245733 0.510354
vt 0.149582 0.462279
vt 0.149582 0.630543
vt 0.275075 0.558431
vt 0.161534 0.558430
vt 0.264467 0.558429
vt 0.275075 0.534393
vt 0.264467 0.534391
vt 0.161534 0.534392
vt 0.161534 0.510354
vt 0.264467 0.510353
vt 0.275075 0.510355
vt 0.264467 0.486316
vt 0.161534 0.486316
vt 0.275075 0.486317
vt 0.161534 0.269976
vt 0.264467 0.245938
vt 0.275075 0.245939
vt 0.264468 0.221900
vt 0.161534 0.221901
vt 0.264467 0.197862
vt 0.275075 0.221902
vt 0.275075 0.173826
vt 0.275075 0.197864
vt 0.161534 0.197863
vt 0.161534 0.173825
vt 0.264467 0.173824
vt 0.264468 0.726693
vt 0.161534 0.702656
vt 0.264467 0.702656
vt 0.275075 0.702657
vt 0.264467 0.678618
vt 0.161534 0.654581
vt 0.264467 0.654580
vt 0.275075 0.654582
vt 0.275075 0.678619
vt 0.264467 0.630542
vt 0.185706 0.558430
vt 0.185706 0.534392
vt 0.185706 0.510354
vt 0.185706 0.486316
vt 0.161534 0.486316
vt 0.185706 0.269976
vt 0.185706 0.245939
vt 0.161534 0.245939
vt 0.185706 0.221901
vt 0.185706 0.197863
vt 0.185706 0.173825
vt 0.161534 0.726694
vt 0.185706 0.726694
vt 0.185706 0.702656
vt 0.185706 0.678619
vt 0.185706 0.654581
vt 0.185706 0.630543
vt 0.161534 0.750732
vt 0.185706 0.726694
vt 0.161534 0.245939
vt 0.161534 0.582468
vt 0.264467 0.726693
vt 0.275075 0.702657
vt 0.275075 0.678619
vt 0.264468 0.702656
vt 0.161534 0.678619
vt 0.161534 0.678619
vt 0.185706 0.654581
vt 0.264467 0.221900
vt 0.275075 0.197864
vt 0.275075 0.486317
vt 0.161534 0.630543
vt 0.185706 0.630543
vt 0.264467 0.654580
vt 0.161534 0.630543
vt 0.275075 0.462279
vt 0.389960 0.558430
vt 0.389960 0.534392
vt 0.389960 0.510354
vt 0.389960 0.486316
vt 0.389960 0.462279
vt 0.389960 0.438241
vt 0.412178 0.438241
vt 0.389960 0.414203
vt 0.389960 0.390165
vt 0.389960 0.366127
vt 0.389960 0.342090
vt 0.412178 0.342090
vt 0.389960 0.318052
vt 0.389960 0.269976
vt 0.389960 0.245939
vt 0.389960 0.221901
vt 0.389960 0.197863
vt 0.389960 0.173825
vt 0.412178 0.173825
vt 0.389960 0.149787
vt 0.389960 0.125750
vt 0.389960 0.101712
vt 0.389960 0.077674
vt 0.389960 0.053636
vt 0.412179 0.005561
vt 0.389960 0.029599
vt 0.389960 0.005701
vt 0.389960 0.750732
vt 0.389960 0.774629
vt 0.389960 0.726694
vt 0.389960 0.702656
vt 0.389960 0.678619
vt 0.389960 0.654581
vt 0.389960 0.630543
vt 0.389960 0.606505
vt 0.389960 0.582468
vt 0.412178 0.558430
vt 0.149582 0.005561
vt 0.836746 0.833924
vt 0.839045 0.847353
vt 0.830558 0.839685
vt 0.821243 0.831348
vt 0.829210 0.823924
vt 0.810932 0.822136
vt 0.820846 0.812917
vt 0.856183 0.860470
vt 0.862202 0.868897
vt 0.854658 0.861808
vt 0.850038 0.851970
vt 0.846997 0.854689
vt 0.843654 0.843241
vt 0.835324 0.852285
vt 0.825546 0.846406
vt 0.814924 0.840133
vt 0.803216 0.833161
vt 0.853430 0.863418
vt 0.844551 0.857936
vt 0.797521 0.845210
vt 0.852534 0.865232
vt 0.842758 0.861578
vt 0.832626 0.857838
vt 0.821935 0.853950
vt 0.810436 0.849847
vt 0.819927 0.862036
vt 0.807933 0.860166
vt 0.794413 0.858154
vt 0.852007 0.867185
vt 0.841742 0.865502
vt 0.831109 0.863805
vt 0.851877 0.869201
vt 0.841476 0.869537
vt 0.830761 0.869931
vt 0.819477 0.870324
vt 0.807290 0.870760
vt 0.793777 0.871410
vt 0.820624 0.878511
vt 0.808703 0.881315
vt 0.795704 0.884538
vt 0.852133 0.871204
vt 0.841996 0.873547
vt 0.831586 0.875985
vt 0.852779 0.873117
vt 0.843302 0.877369
vt 0.833547 0.881760
vt 0.823205 0.886367
vt 0.812093 0.891384
vt 0.799898 0.896973
vt 0.817398 0.900508
vt 0.806386 0.908202
vt 0.853783 0.874867
vt 0.845295 0.880883
vt 0.836585 0.887036
vt 0.827352 0.893517
vt 0.847946 0.883934
vt 0.840532 0.891691
vt 0.832691 0.899830
vt 0.824206 0.908607
vt 0.814804 0.918217
vt 0.855103 0.876394
vt 0.825218 0.926362
vt 0.856695 0.877636
vt 0.851135 0.886413
vt 0.845355 0.895461
vt 0.839223 0.904909
vt 0.832576 0.915205
vt 0.858498 0.878546
vt 0.854733 0.888256
vt 0.850812 0.898244
vt 0.846570 0.908761
vt 0.842032 0.920105
vt 0.836804 0.932643
vt 0.849525 0.936633
vt 0.860447 0.879090
vt 0.858633 0.889339
vt 0.856713 0.899926
vt 0.854578 0.911160
vt 0.852244 0.923079
vt 0.862675 0.889678
vt 0.862849 0.900499
vt 0.862930 0.911896
vt 0.862879 0.924213
vt 0.862879 0.937899
vt 0.862467 0.879241
vt 0.864479 0.878995
vt 0.866722 0.889221
vt 0.868993 0.899800
vt 0.871291 0.911036
vt 0.873642 0.923253
vt 0.876291 0.936762
vt 0.874896 0.897919
vt 0.879365 0.908550
vt 0.884129 0.920227
vt 0.889272 0.933070
vt 0.866406 0.878361
vt 0.870598 0.887955
vt 0.868174 0.877361
vt 0.874182 0.885980
vt 0.880317 0.894908
vt 0.886817 0.904487
vt 0.893849 0.915043
vt 0.901453 0.926830
vt 0.885117 0.890936
vt 0.893436 0.899089
vt 0.902389 0.907998
vt 0.912243 0.918113
vt 0.869720 0.876040
vt 0.877299 0.883320
vt 0.870972 0.874436
vt 0.879837 0.880095
vt 0.889065 0.886056
vt 0.898748 0.892377
vt 0.909457 0.899381
vt 0.921322 0.907356
vt 0.902757 0.884802
vt 0.914601 0.889496
vt 0.927943 0.894961
vt 0.871894 0.872619
vt 0.881723 0.876442
vt 0.891924 0.880456
vt 0.872444 0.870654
vt 0.882820 0.872477
vt 0.893624 0.874405
vt 0.905197 0.876523
vt 0.917590 0.878796
vt 0.931788 0.881371
vt 0.872591 0.868617
vt 0.894165 0.868131
vt 0.905848 0.867919
vt 0.883152 0.868370
vt 0.918607 0.867761
vt 0.932931 0.867476
vt 0.904805 0.859384
vt 0.917391 0.856660
vt 0.931311 0.853576
vt 0.872335 0.866592
vt 0.882631 0.864278
vt 0.893388 0.861865
vt 0.871687 0.864654
vt 0.881344 0.860354
vt 0.891394 0.855876
vt 0.902202 0.851140
vt 0.913977 0.845980
vt 0.927074 0.840319
vt 0.908376 0.836232
vt 0.920262 0.827933
vt 0.870670 0.862882
vt 0.879305 0.856752
vt 0.888248 0.850420
vt 0.897863 0.843633
vt 0.869332 0.861339
vt 0.876578 0.853637
vt 0.884140 0.845634
vt 0.892212 0.837037
vt 0.901032 0.827659
vt 0.910847 0.817246
vt 0.899698 0.808367
vt 0.867716 0.860089
vt 0.873294 0.851124
vt 0.879136 0.841751
vt 0.885270 0.831846
vt 0.892021 0.820874
vt 0.869585 0.849317
vt 0.873434 0.838988
vt 0.877523 0.828012
vt 0.881887 0.815942
vt 0.886693 0.802386
vt 0.865884 0.859189
vt 0.870963 0.813165
vt 0.872890 0.799231
vt 0.863915 0.858657
vt 0.865605 0.848246
vt 0.867317 0.837417
vt 0.869137 0.825808
vt 0.861046 0.837091
vt 0.860522 0.825481
vt 0.859750 0.812739
vt 0.858806 0.798571
vt 0.861881 0.858530
vt 0.861498 0.848015
vt 0.845123 0.800816
vt 0.859863 0.858795
vt 0.857437 0.848592
vt 0.854861 0.838002
vt 0.852061 0.826720
vt 0.848836 0.814568
vt 0.853570 0.849915
vt 0.848971 0.840034
vt 0.844043 0.829587
vt 0.838557 0.818285
vt 0.832360 0.805746
vt 0.857939 0.859448
vt 0.742685 0.514403
vt 0.742685 0.466328
vt 0.742685 0.418252
vt 0.742685 0.394214
vt 0.742685 0.322101
vt 0.742685 0.249988
vt 0.742685 0.225950
vt 0.742685 0.201912
vt 0.742685 0.129799
vt 0.742685 0.081723
vt 0.742685 0.033648
vt 0.742685 0.009610
vt 0.742685 0.706706
vt 0.742685 0.634592
vt 0.742685 0.610554
vt 0.773496 0.390432
vt 0.742685 0.586517
vt 0.389960 0.294014
s 1
usemtl Metal
f 6/1/1 17/2/2 7/3/3
f 1595/4/4 1723/5/4 1594/5/4
f 2119/6/5 45/7/6 2122/8/7
f 1/9/8 305/10/9 11/11/10
f 247/12/11 1193/13/11 246/13/11
f 18/14/12 2120/15/13 32/16/14
f 1/9/8 12/17/15 2/18/16
f 446/19/17 19/20/18 447/21/19
f 2/18/16 13/22/20 3/23/21
f 187/24/22 1160/25/22 173/26/22
f 86/27/4 1891/28/23 100/28/23
f 146/29/24 1148/30/24 1149/29/24
f 4/31/25 15/32/26 5/33/25
f 246/13/11 1192/34/11 245/34/11
f 295/35/27 1814/36/28 281/36/28
f 440/37/29 1268/38/29 426/38/29
f 22/39/30 35/40/31 36/41/30
f 112/42/32 1896/43/33 126/44/33
f 23/45/34 36/41/30 37/46/35
f 17/2/2 30/47/36 31/48/37
f 1516/49/24 1644/50/24 1645/51/24
f 2210/52/38 18/14/12 446/19/17
f 11/11/10 305/53/9 25/54/39
f 346/55/40 1235/56/40 1236/55/40
f 2209/57/41 17/2/2 2117/58/42
f 11/11/10 26/59/43 12/17/15
f 18/14/12 33/60/44 19/20/18
f 12/17/15 27/61/45 13/22/20
f 19/20/18 34/62/46 20/63/46
f 379/64/47 1845/65/48 393/65/48
f 1395/66/49 1459/67/49 1394/67/49
f 15/32/26 28/68/50 29/69/50
f 32/16/14 47/70/51 33/60/44
f 26/59/43 41/71/52 27/61/45
f 245/34/11 1191/72/11 244/72/11
f 223/73/49 1922/74/53 209/74/53
f 122/75/32 1135/76/23 108/77/23
f 29/69/50 42/78/54 43/79/54
f 389/80/47 1249/81/55 375/82/55
f 197/83/56 1786/84/57 183/85/57
f 205/86/29 1182/87/29 219/88/29
f 31/48/37 44/89/58 45/7/6
f 1594/5/59 1720/90/59 1593/90/59
f 2120/15/13 46/91/60 32/16/14
f 25/54/39 305/92/9 39/93/61
f 345/56/40 1234/94/40 1235/56/40
f 2122/8/7 59/95/62 2125/96/63
f 25/54/39 40/97/64 26/59/43
f 50/98/65 65/99/66 51/100/67
f 44/89/58 59/95/62 45/7/6
f 1543/101/11 1671/102/11 1542/103/11
f 2123/104/68 60/105/69 46/91/60
f 39/93/61 305/106/9 53/107/70
f 244/72/11 1190/108/11 243/109/11
f 2125/96/63 73/110/71 2128/111/72
f 40/97/64 53/107/70 54/112/73
f 47/70/51 60/105/69 61/113/74
f 40/97/64 55/114/75 41/71/52
f 48/115/76 61/113/74 62/116/76
f 99/117/77 1887/118/78 85/119/78
f 1380/120/33 1444/121/33 1445/120/33
f 42/78/54 57/122/79 43/79/54
f 50/98/65 63/123/80 64/124/65
f 280/125/81 1817/126/82 294/126/82
f 54/112/73 69/127/83 55/114/75
f 344/94/40 1233/128/40 1234/94/40
f 392/129/84 1840/130/85 378/130/85
f 290/131/81 1207/132/86 276/133/86
f 57/122/79 70/134/87 71/135/87
f 121/136/49 1139/137/49 1140/136/49
f 182/138/88 1917/139/89 196/139/89
f 444/140/23 1277/141/23 443/142/23
f 58/143/90 73/110/71 59/95/62
f 1592/144/91 1722/4/91 1595/4/91
f 2126/145/92 74/146/93 60/105/69
f 53/107/70 305/147/9 67/148/94
f 374/149/95 1254/150/95 388/150/95
f 2128/111/72 87/151/96 2131/152/97
f 54/112/73 67/148/94 68/153/98
f 61/113/74 74/146/93 75/154/99
f 73/110/71 86/27/100 87/151/96
f 1542/103/101 1668/155/101 1541/155/101
f 2129/156/102 88/157/103 74/146/93
f 67/148/94 305/158/9 81/159/104
f 343/160/40 1232/161/40 1233/128/40
f 87/151/96 2134/162/105 2131/152/97
f 68/153/98 81/159/104 82/163/106
f 75/154/99 88/157/103 89/164/107
f 69/127/83 82/163/106 83/165/108
f 76/166/109 89/164/107 90/167/109
f 97/168/77 1756/165/78 83/165/78
f 1394/67/110 1456/169/110 1393/169/110
f 70/134/87 85/119/111 71/135/87
f 77/170/112 92/171/113 78/172/113
f 293/173/27 1812/174/28 279/175/28
f 78/172/113 93/176/114 79/177/115
f 159/178/95 1148/30/95 145/179/95
f 156/180/85 1783/181/84 170/181/84
f 120/137/49 1138/182/49 1139/137/49
f 85/119/111 98/183/116 99/117/116
f 192/184/88 1165/185/84 178/186/84
f 409/187/57 1980/188/56 423/188/56
f 443/142/23 1276/189/23 442/190/23
f 87/151/96 100/28/117 101/191/118
f 1491/192/84 1619/193/84 1490/193/84
f 88/157/103 2135/194/119 102/195/120
f 81/159/104 305/196/9 95/197/121
f 119/198/49 1137/199/49 1138/182/49
f 101/191/118 2137/200/122 2134/162/105
f 82/163/106 95/197/121 96/201/123
f 88/157/103 103/202/124 89/164/107
f 83/165/108 96/201/123 97/168/125
f 1592/144/82 1720/90/82 1721/144/82
f 102/195/120 2138/203/126 116/204/127
f 95/197/121 305/205/9 109/206/128
f 442/190/23 1275/207/23 441/207/23
f 2137/200/122 129/208/129 2140/209/130
f 96/201/123 109/206/128 110/210/131
f 103/202/124 116/204/127 117/211/132
f 96/201/123 111/212/133 97/168/125
f 104/213/134 117/211/132 118/199/134
f 84/214/4 1888/183/23 98/183/23
f 1355/215/84 1419/216/84 1354/217/84
f 99/117/116 112/42/135 113/218/135
f 106/219/136 119/198/137 120/137/136
f 195/220/56 1784/221/57 181/221/57
f 107/222/138 120/137/136 121/136/139
f 101/191/118 114/223/140 115/224/141
f 58/143/28 1755/225/27 72/225/27
f 219/88/77 1181/226/77 218/226/77
f 112/42/135 127/227/142 113/218/135
f 94/228/4 1123/229/27 80/230/27
f 267/231/143 1806/232/24 253/232/24
f 118/199/49 1136/211/49 1137/199/49
f 114/223/140 129/208/129 115/224/141
f 1540/233/144 1670/101/144 1543/101/144
f 2138/203/126 130/234/145 116/204/127
f 109/206/128 305/235/9 123/236/146
f 177/237/147 1170/238/147 191/238/147
f 2140/209/130 143/239/148 2143/240/149
f 109/206/128 124/241/150 110/210/131
f 117/211/132 130/234/145 131/242/151
f 110/210/131 125/243/152 111/212/133
f 441/207/23 1274/244/23 440/37/23
f 2141/245/153 144/246/154 130/234/145
f 123/236/146 305/247/9 137/248/155
f 218/226/77 1180/249/77 217/249/77
f 143/239/148 2146/250/156 2143/240/149
f 123/236/146 138/251/157 124/241/150
f 131/242/151 144/246/154 145/179/158
f 124/241/150 139/252/159 125/243/152
f 131/242/151 146/29/160 132/253/160
f 169/254/48 1778/255/47 155/255/47
f 1392/256/161 1458/66/161 1395/66/161
f 127/227/142 140/257/162 141/258/162
f 134/259/163 147/260/164 148/261/163
f 351/262/11 1837/263/55 365/263/55
f 135/264/165 148/261/163 149/265/166
f 129/208/129 142/266/167 143/239/148
f 1490/193/168 1616/267/168 1489/267/168
f 361/268/11 1237/269/169 347/269/169
f 140/257/162 155/255/170 141/258/162
f 318/270/89 1223/271/89 1224/270/89
f 71/135/82 1750/122/81 57/122/81
f 217/249/77 1179/272/77 216/272/77
f 143/239/148 156/180/171 157/273/172
f 1540/233/32 1668/155/32 1669/233/32
f 144/246/154 2147/274/173 158/275/174
f 137/248/155 305/276/9 151/277/175
f 412/278/147 1256/279/147 398/279/147
f 157/273/172 2149/280/176 2146/250/156
f 137/248/155 152/281/177 138/251/157
f 145/179/158 158/275/174 159/178/178
f 139/252/159 152/281/177 153/282/179
f 317/271/89 1222/283/89 1223/271/89
f 252/284/180 1809/285/86 266/285/86
f 10/286/169 1092/287/169 1093/286/169
f 2149/280/176 185/288/181 2152/289/182
f 152/281/177 165/290/183 166/291/184
f 159/178/178 172/292/185 173/26/186
f 152/281/177 167/293/187 153/282/179
f 159/178/178 174/294/188 160/295/188
f 154/296/85 1909/297/84 168/297/84
f 1407/298/4 1471/299/4 1406/299/4
f 154/296/170 169/254/189 155/255/170
f 161/300/190 176/301/191 162/302/191
f 364/303/192 1832/304/33 350/304/33
f 162/302/191 177/237/193 163/305/194
f 157/273/172 170/181/195 171/306/196
f 1488/307/197 1618/192/197 1491/192/197
f 158/275/174 2150/308/198 172/292/185
f 151/277/175 305/309/9 165/290/183
f 262/310/180 1195/311/199 248/312/199
f 56/313/28 1881/134/27 70/134/27
f 216/272/77 1178/314/77 215/315/77
f 171/306/196 184/316/200 185/288/181
f 1567/317/53 1695/318/53 1566/319/53
f 2150/308/198 186/320/201 172/292/185
f 165/290/183 305/321/9 179/322/202
f 164/323/85 1153/324/192 150/325/192
f 2152/289/182 199/326/203 2155/327/204
f 166/291/184 179/322/202 180/328/205
f 173/26/186 186/320/201 187/24/206
f 166/291/184 181/221/207 167/293/187
f 346/329/208 1242/330/208 360/330/208
f 265/331/143 1804/332/24 251/332/24
f 316/283/89 1221/333/89 1222/283/89
f 169/254/189 182/138/209 183/85/209
f 180/328/205 193/334/210 194/335/211
f 186/320/201 201/336/212 187/24/206
f 181/221/207 194/335/211 195/220/213
f 188/337/214 201/336/212 202/338/214
f 128/339/33 1775/266/192 142/266/192
f 1354/217/168 1416/340/168 1353/340/168
f 183/85/209 196/139/215 197/83/215
f 190/341/216 203/342/217 204/343/216
f 167/293/48 1776/344/47 153/282/47
f 190/341/216 205/86/218 191/238/219
f 185/288/181 198/345/220 199/326/203
f 1488/307/47 1616/267/47 1617/307/47
f 2153/346/221 200/347/222 186/320/201
f 179/322/202 305/348/9 193/334/210
f 131/242/208 1136/211/208 117/211/208
f 2155/327/204 213/349/223 2158/350/224
f 30/47/24 1747/351/143 44/89/143
f 9/287/169 1091/352/169 1092/287/169
f 199/326/203 212/353/225 213/349/223
f 1566/319/226 1692/354/226 1565/354/226
f 2156/355/227 214/356/228 200/347/222
f 193/334/210 305/357/9 207/358/229
f 93/176/56 1127/171/56 1128/359/56
f 2158/350/224 227/360/230 2161/361/231
f 193/334/210 208/362/232 194/335/211
f 201/336/212 214/356/228 215/315/233
f 195/220/213 208/362/232 209/74/234
f 416/363/27 1265/364/27 415/365/27
f 239/366/235 1798/367/49 225/367/49
f 66/368/28 1111/369/143 52/370/143
f 196/139/215 211/371/236 197/83/215
f 315/333/89 1220/372/89 1221/333/89
f 215/315/233 228/373/237 229/374/238
f 208/362/232 223/73/239 209/74/234
f 215/315/233 230/375/240 216/272/240
f 141/258/55 1770/376/11 127/227/11
f 1392/256/241 1456/169/241 1457/256/241
f 211/371/236 224/377/242 225/367/242
f 218/226/243 231/378/244 232/379/243
f 394/380/84 1842/381/85 380/381/85
f 219/88/245 232/379/243 233/382/246
f 213/349/223 226/383/247 227/360/230
f 1515/384/180 1643/385/180 1514/385/180
f 2159/386/248 228/373/237 214/356/228
f 207/358/229 305/387/9 221/388/249
f 92/171/56 1126/389/56 1127/171/56
f 2161/361/231 241/390/250 2164/391/251
f 208/362/232 221/388/249 222/392/252
f 149/265/253 1158/305/253 163/305/253
f 227/360/230 240/393/254 241/390/250
f 1564/394/255 1694/317/255 1567/317/255
f 2162/395/256 242/396/257 228/373/237
f 221/388/249 305/397/9 235/398/258
f 415/365/27 1264/399/27 414/399/27
f 241/390/250 2167/400/259 2164/391/251
f 221/388/249 236/401/260 222/392/252
f 229/374/238 242/396/257 243/109/261
f 222/392/252 237/402/262 223/73/239
f 91/403/56 1125/167/56 1126/389/56
f 43/79/86 1869/69/180 29/69/180
f 414/399/27 1263/404/27 413/404/27
f 224/377/242 239/366/263 225/367/242
f 191/238/82 1169/341/82 190/341/82
f 224/377/40 1930/405/199 238/405/199
f 236/401/260 251/332/264 237/402/262
f 244/72/265 257/406/266 258/407/265
f 69/127/82 1877/114/81 55/114/81
f 1406/299/59 1468/408/59 1405/408/59
f 238/405/263 253/232/267 239/366/263
f 246/13/268 259/409/269 260/410/268
f 126/44/33 1901/257/192 140/257/192
f 247/12/270 260/410/268 261/411/271
f 241/390/250 254/412/272 255/413/273
f 1514/385/274 1640/414/274 1513/414/274
f 242/396/257 2168/415/275 256/416/276
f 235/398/258 305/417/9 249/418/277
f 384/419/253 1244/420/253 370/421/253
f 2167/400/259 269/422/278 2170/423/279
f 235/398/258 250/424/280 236/401/260
f 242/396/257 257/406/266 243/109/261
f 255/413/273 268/425/281 269/422/278
f 1564/394/89 1692/354/89 1693/394/89
f 2168/415/275 270/426/282 256/416/276
f 249/418/277 305/427/9 263/428/283
f 90/167/56 1124/164/56 1125/167/56
f 2170/423/279 283/429/284 2173/430/285
f 250/424/280 263/428/283 264/431/286
f 256/416/276 271/432/287 257/406/266
f 251/332/264 264/431/286 265/331/288
f 413/404/27 1262/433/27 412/278/27
f 15/32/199 1867/33/40 5/33/40
f 190/341/82 1168/434/82 189/434/82
f 253/232/267 266/285/289 267/231/289
f 234/435/40 1183/436/241 220/437/241
f 381/438/47 1972/439/48 395/439/48
f 189/434/82 1167/337/82 188/337/82
f 271/432/287 286/440/290 272/441/290
f 336/442/32 1952/443/23 322/444/23
f 1352/445/197 1418/215/197 1355/215/197
f 267/231/289 280/125/291 281/36/291
f 273/446/292 288/447/293 274/448/293
f 28/68/24 1873/78/143 42/78/143
f 274/448/293 289/449/294 275/450/295
f 269/422/278 282/451/296 283/429/284
f 1512/452/297 1642/384/297 1515/384/297
f 2171/453/298 284/454/299 270/426/282
f 263/428/283 305/455/9 277/456/300
f 136/457/33 1141/75/32 122/75/32
f 2173/430/285 297/458/301 2176/459/302
f 264/431/286 277/456/300 278/460/303
f 271/432/287 284/454/299 285/461/304
f 265/331/288 278/460/303 279/175/305
f 1591/462/27 1719/463/27 1590/463/27
f 2174/464/306 298/465/307 284/454/299
f 277/456/300 305/466/9 291/467/308
f 318/270/255 1230/468/255 332/468/255
f 2176/459/302 312/469/309 2179/470/310
f 277/456/300 292/471/311 278/460/303
f 285/461/304 298/465/307 299/472/312
f 279/175/305 292/471/311 293/173/313
f 38/473/24 1105/474/235 24/474/235
f 100/28/23 1895/223/32 114/223/32
f 289/449/84 1211/447/84 1212/475/84
f 280/125/291 295/35/314 281/36/291
f 188/337/82 1166/476/82 187/24/82
f 237/402/235 1924/477/49 223/73/49
f 288/447/84 1210/478/84 1211/447/84
f 283/429/284 296/479/315 297/458/301
f 1367/480/180 1431/481/180 1366/481/180
f 294/126/314 310/482/316 295/35/314
f 302/483/317 316/283/318 317/271/317
f 139/252/55 1897/243/11 125/243/11
f 303/484/319 317/271/317 318/270/320
f 296/479/315 312/469/309 297/458/301
f 1512/452/235 1640/414/235 1641/452/235
f 2177/485/321 313/486/322 298/465/307
f 291/467/308 305/487/9 306/488/323
f 65/99/48 1115/124/48 1116/99/48
f 2179/470/310 326/489/324 2182/490/325
f 291/467/308 307/491/326 292/471/311
f 299/472/312 313/486/322 314/372/327
f 292/471/311 308/492/328 293/173/313
f 299/472/312 315/333/329 300/493/329
f 4/31/49 1864/494/235 14/494/235
f 306/488/323 305/495/9 320/496/330
f 121/136/331 1146/497/331 135/264/331
f 2182/490/325 340/498/332 2185/499/333
f 307/491/326 320/496/330 321/500/334
f 314/372/327 327/501/335 328/502/336
f 308/492/328 321/500/334 322/444/337
f 388/150/143 1253/503/143 387/503/143
f 113/218/169 1890/504/77 99/117/77
f 287/478/84 1209/505/84 1210/478/84
f 310/482/316 323/506/338 324/507/338
f 356/508/331 1232/509/331 342/509/331
f 366/510/192 1962/511/33 352/511/33
f 64/124/48 1114/512/48 1115/124/48
f 312/469/309 325/513/339 326/489/324
f 1590/463/147 1716/514/147 1589/514/147
f 2180/515/340 327/501/335 313/486/322
f 324/507/338 337/516/341 338/517/341
f 330/518/342 345/56/343 331/519/343
f 13/22/199 1863/520/40 3/23/40
f 332/468/344 345/56/343 346/55/345
f 325/513/339 340/498/332 326/489/324
f 1539/521/169 1667/522/169 1538/523/169
f 2183/524/346 341/525/347 327/501/335
f 320/496/330 305/526/9 334/527/348
f 387/503/143 1252/528/143 386/528/143
f 2185/529/333 354/530/349 2188/531/350
f 320/496/330 335/532/351 321/500/334
f 328/502/336 341/525/347 342/161/352
f 321/500/334 336/442/353 322/444/337
f 328/502/336 343/160/354 329/533/354
f 254/412/180 1936/425/86 268/425/86
f 1404/534/91 1470/298/91 1407/298/91
f 2188/531/350 368/535/355 2191/536/356
f 334/537/348 349/538/357 335/539/351
f 341/540/347 356/508/358 342/509/352
f 335/539/351 350/304/359 336/541/353
f 286/440/84 1208/542/84 1209/505/84
f 41/71/86 1870/543/180 27/61/180
f 63/123/48 1113/116/48 1114/512/48
f 337/544/341 352/511/360 338/545/341
f 386/528/143 1251/546/143 385/546/143
f 353/547/11 1964/548/55 367/548/55
f 19/20/144 1281/21/144 447/21/144
f 340/549/332 353/547/361 354/530/349
f 1588/550/22 1718/462/22 1591/462/22
f 2186/551/362 355/552/363 341/540/347
f 334/537/348 305/553/9 348/554/364
f 163/305/86 1157/302/86 162/302/86
f 359/555/365 372/556/366 373/557/365
f 196/139/89 1923/558/241 210/558/241
f 359/555/365 374/149/367 360/330/368
f 353/547/361 368/535/355 354/530/349
f 1538/523/369 1664/559/369 1537/559/369
f 2189/560/370 369/561/371 355/552/363
f 348/554/364 305/562/9 362/563/372
f 62/116/48 1112/564/48 1113/116/48
f 2191/536/356 382/565/373 2194/566/374
f 349/538/357 362/563/372 363/567/375
f 356/508/358 369/561/371 370/421/376
f 350/304/359 363/567/375 364/303/377
f 356/508/358 371/568/378 357/569/378
f 98/183/23 1893/42/32 112/42/32
f 1352/445/47 1416/340/47 1417/445/47
f 351/262/360 366/510/379 352/511/360
f 362/563/372 377/570/380 363/567/375
f 370/421/376 383/571/381 384/419/382
f 363/567/375 378/130/383 364/303/377
f 385/546/143 1250/572/143 384/419/143
f 308/492/4 1944/173/27 293/173/27
f 206/573/89 1171/184/88 192/184/88
f 366/510/379 379/64/384 380/381/384
f 162/302/86 1156/574/86 161/300/86
f 6/1/49 1861/575/235 16/576/235
f 108/77/23 1129/577/4 94/228/4
f 368/535/355 381/438/385 382/565/373
f 1487/578/85 1615/579/85 1486/579/85
f 2192/580/386 383/571/381 369/561/371
f 362/563/372 305/581/9 376/582/387
f 161/300/86 1155/295/86 160/295/86
f 2194/566/374 396/583/388 2197/584/389
f 209/74/53 1916/585/56 195/220/56
f 387/503/390 402/586/391 388/150/392
f 382/565/373 395/439/393 396/583/388
f 1588/550/81 1716/514/81 1717/550/81
f 2195/587/394 397/588/395 383/571/381
f 376/582/387 305/589/9 390/590/396
f 261/411/192 1199/410/192 1200/591/192
f 2197/584/389 410/592/397 2200/593/398
f 377/570/380 390/590/396 391/594/399
f 384/419/382 397/588/395 398/279/400
f 378/130/383 391/594/399 392/129/401
f 384/419/382 399/595/402 385/546/402
f 111/212/169 1889/596/77 97/168/77
f 1366/481/274 1428/597/274 1365/597/274
f 380/381/384 393/65/403 394/380/403
f 387/503/390 400/598/404 401/599/390
f 398/279/400 411/600/405 412/278/406
f 391/594/399 406/601/407 392/129/401
f 448/602/101 1098/45/101 23/45/101
f 226/383/40 1928/393/199 240/393/199
f 160/295/86 1154/603/86 159/178/86
f 393/65/403 408/604/408 394/380/403
f 93/176/226 1134/222/226 107/222/226
f 423/188/56 1987/605/53 437/606/53
f 260/410/192 1198/607/192 1199/410/192
f 396/583/388 409/187/409 410/592/397
f 1536/608/410 1666/521/410 1539/521/410
f 2198/609/411 411/600/405 397/588/395
f 390/590/396 305/610/9 404/611/412
f 328/502/226 1220/372/226 314/372/226
f 2200/593/398 424/612/413 2203/613/414
f 390/590/396 405/614/415 391/594/399
f 415/365/416 430/615/417 416/363/418
f 409/187/409 424/612/413 410/592/397
f 1486/579/419 1612/616/419 1485/616/419
f 2201/617/420 425/618/421 411/600/405
f 404/611/412 305/619/9 418/620/422
f 449/621/49 1105/474/235 1280/622/49
f 2203/613/414 438/623/423 2206/624/424
f 405/614/415 418/620/422 419/625/425
f 412/278/406 425/618/421 426/38/426
f 406/601/407 419/625/425 420/626/427
f 412/278/406 427/627/428 413/404/428
f 325/513/77 1958/628/169 339/628/169
f 1404/534/82 1468/408/82 1469/629/82
f 408/604/408 421/630/429 422/631/429
f 415/365/416 428/632/430 429/633/416
f 85/119/78 1882/634/82 71/135/82
f 37/46/55 1102/41/55 1103/46/55
f 168/297/84 1915/635/88 182/138/88
f 360/330/235 1241/555/235 359/555/235
f 422/631/429 435/636/431 436/637/431
f 259/409/192 1197/407/192 1198/607/192
f 436/637/241 1983/631/89 422/631/89
f 36/41/55 1101/40/55 1102/41/55
f 423/188/432 438/623/423 424/612/413
f 1536/608/23 1664/559/23 1665/608/23
f 2204/638/433 439/639/434 425/618/421
f 418/620/422 305/640/9 432/641/435
f 359/555/235 1240/642/235 358/642/235
f 2206/624/424 7/3/3 2209/57/41
f 418/620/422 433/643/436 419/625/425
f 426/38/426 439/639/434 440/37/437
f 419/625/425 434/644/438 420/626/427
f 1484/645/439 1614/578/439 1487/578/439
f 2207/646/440 446/19/17 439/639/434
f 432/641/435 305/647/9 1/9/8
f 258/407/192 1196/406/192 1197/407/192
f 433/643/436 1/9/8 2/18/16
f 439/639/434 447/21/19 440/37/437
f 434/644/438 2/18/16 3/23/21
f 440/37/437 8/352/441 441/207/441
f 70/134/27 1886/214/4 84/214/4
f 1364/648/297 1430/480/297 1367/480/297
f 436/637/431 4/31/25 5/33/25
f 442/190/442 10/286/443 443/142/443
f 323/506/77 1957/516/169 337/516/169
f 443/142/443 448/602/444 444/140/445
f 438/623/423 6/1/1 7/3/3
f 697/649/446 1080/650/447 1070/651/448
f 488/652/449 1032/653/450 496/654/451
f 756/655/452 768/656/453 644/657/452
f 591/658/454 702/659/455 704/660/454
f 669/661/456 1088/662/457 671/663/458
f 528/664/457 1041/665/459 536/666/460
f 742/667/461 1047/668/462 1073/669/463
f 575/670/464 718/671/465 567/672/465
f 651/673/466 684/674/467 640/675/467
f 503/676/468 760/677/469 495/678/469
f 745/679/470 1083/680/471 1069/681/472
f 633/682/473 1039/683/474 1037/684/475
f 576/685/476 1051/686/477 1052/687/478
f 472/688/479 1027/689/480 480/690/481
f 765/691/482 1030/692/483 464/693/484
f 741/694/485 644/657/452 654/695/485
f 559/696/486 730/697/487 551/698/487
f 511/699/488 758/700/468 503/676/468
f 487/701/489 764/702/490 479/703/490
f 653/704/491 1086/705/476 1074/706/492
f 512/707/493 1035/708/494 520/709/495
f 766/710/496 1028/711/497 1064/712/498
f 583/713/499 716/714/464 575/670/464
f 543/715/500 734/716/501 535/717/501
f 552/718/502 1048/719/503 560/720/504
f 712/721/505 1070/651/448 1049/722/506
f 496/654/451 1033/723/507 504/724/508
f 471/725/509 770/726/510 463/727/510
f 763/728/511 1077/729/512 1028/711/497
f 559/696/486 718/671/465 728/730/486
f 463/727/510 768/656/453 456/731/453
f 657/732/513 1071/733/514 659/734/515
f 761/735/516 1084/736/517 1077/729/512
f 536/666/460 1043/737/518 544/738/514
f 527/739/519 746/740/520 519/741/520
f 696/742/521 670/743/522 681/744/522
f 623/745/523 686/746/524 688/747/523
f 623/745/523 698/748/525 615/749/525
f 651/673/466 672/750/526 674/751/466
f 757/752/527 1062/753/528 765/691/482
f 731/754/529 1089/755/530 1054/756/446
f 479/703/490 767/757/509 471/725/509
f 551/698/487 732/758/500 543/715/500
f 726/759/531 654/695/485 656/760/531
f 682/761/532 1081/762/533 1080/650/447
f 616/763/512 1058/764/534 1060/765/535
f 607/766/536 702/659/455 599/767/455
f 696/742/521 658/768/537 668/769/521
f 535/717/501 744/770/519 527/739/519
f 480/690/481 1031/771/538 488/652/449
f 643/772/539 1063/773/540 1086/705/476
f 653/704/491 1046/774/504 655/775/541
f 652/776/472 1065/777/542 1072/778/543
f 703/779/544 1076/780/482 713/781/545
f 719/782/546 1059/783/461 1061/784/547
f 793/785/548 919/786/548 792/787/548
f 774/788/549 902/789/549 773/790/549
f 464/693/484 1029/791/550 472/688/479
f 844/792/551 972/793/551 843/794/551
f 701/795/552 1090/796/553 703/779/544
f 583/713/499 704/660/454 714/797/499
f 511/699/488 746/740/520 748/798/488
f 666/799/526 670/743/522 672/750/526
f 794/800/554 920/801/554 921/802/554
f 773/790/555 899/803/555 772/804/555
f 869/805/556 997/806/556 998/807/556
f 792/787/557 920/801/557 791/808/557
f 771/809/558 901/810/558 774/788/558
f 868/811/559 998/807/559 995/812/559
f 817/813/560 945/814/560 946/815/560
f 607/766/536 698/748/525 700/816/536
f 771/809/561 899/803/561 900/817/561
f 870/818/562 996/819/562 997/806/562
f 816/820/563 946/815/563 943/821/563
f 868/811/564 996/819/565 867/822/565
f 711/823/537 656/760/531 658/768/537
f 815/824/566 945/814/566 818/825/566
f 894/826/567 1022/827/567 893/828/567
f 815/824/568 943/821/568 944/829/568
f 893/828/569 1019/830/569 892/831/569
f 842/832/570 970/833/570 841/834/570
f 894/826/571 1020/835/571 1021/836/571
f 841/834/572 967/837/572 840/838/572
f 790/839/573 918/840/573 789/841/573
f 892/831/574 1020/835/574 891/842/574
f 842/832/575 968/843/575 969/844/575
f 789/841/576 915/845/576 788/846/576
f 487/701/489 760/677/469 762/847/489
f 840/838/577 968/843/577 839/848/577
f 787/849/578 917/850/578 790/839/578
f 866/851/579 994/852/579 865/853/579
f 787/849/580 915/845/580 916/854/580
f 640/675/467 686/746/524 632/855/524
f 865/853/581 991/856/581 864/857/581
f 814/858/582 942/859/582 813/860/582
f 863/861/583 993/862/583 866/851/583
f 654/695/584 771/809/585 653/704/491
f 644/657/586 772/804/585 654/695/584
f 644/657/586 774/788/587 773/790/587
f 643/772/539 771/809/585 774/788/587
f 656/760/588 775/863/589 655/775/541
f 654/695/584 776/864/589 656/760/588
f 654/695/584 778/865/590 777/866/589
f 653/704/491 775/863/589 778/865/590
f 658/768/591 779/867/592 657/732/513
f 656/760/588 780/868/592 658/768/591
f 656/760/588 782/869/592 781/870/592
f 657/732/513 782/869/592 655/775/541
f 644/657/586 783/871/593 643/772/539
f 768/656/594 784/872/593 644/657/586
f 768/656/594 786/873/593 785/874/595
f 642/875/596 783/871/593 786/873/593
f 670/743/597 787/849/598 669/661/456
f 668/769/599 788/846/598 670/743/597
f 668/769/599 790/839/600 789/841/601
f 669/661/456 790/839/600 659/734/515
f 672/750/602 791/808/603 671/663/458
f 670/743/597 792/787/603 672/750/602
f 670/743/597 794/800/604 793/785/604
f 671/663/458 794/800/604 669/661/456
f 674/751/605 795/876/606 673/877/607
f 674/751/605 797/878/608 796/879/608
f 672/750/602 798/880/608 797/878/608
f 673/877/607 798/880/608 671/663/458
f 684/674/609 799/881/610 683/882/611
f 674/751/605 800/883/610 684/674/609
f 674/751/605 802/884/612 801/885/610
f 683/882/611 802/884/612 673/877/607
f 686/746/613 803/886/614 685/887/615
f 684/674/609 804/888/616 686/746/613
f 684/674/609 806/889/614 805/890/614
f 685/887/615 806/889/614 683/882/611
f 688/747/617 807/891/618 687/892/619
f 688/747/617 809/893/620 808/894/621
f 686/746/613 810/895/621 809/893/620
f 685/887/615 807/891/618 810/895/621
f 698/748/622 811/896/623 689/897/624
f 698/748/622 813/860/623 812/898/623
f 688/747/617 814/858/623 813/860/623
f 687/892/619 811/896/623 814/858/623
f 668/769/599 815/824/625 659/734/515
f 658/768/591 816/820/626 668/769/599
f 658/768/591 818/825/625 817/813/626
f 657/732/513 815/824/625 818/825/625
f 718/671/627 819/899/628 717/900/629
f 718/671/627 821/901/630 820/902/630
f 716/714/631 822/903/628 821/901/630
f 717/900/629 822/903/628 715/904/632
f 728/730/633 823/905/634 719/782/546
f 718/671/627 824/906/635 728/730/633
f 718/671/627 826/907/636 825/908/634
f 719/782/546 826/907/636 717/900/629
f 730/697/637 827/909/638 729/910/639
f 730/697/637 829/911/640 828/912/638
f 728/730/633 830/913/640 829/911/640
f 719/782/546 827/909/638 830/913/640
f 700/816/641 831/914/642 699/915/643
f 698/748/622 832/916/644 700/816/641
f 698/748/622 834/917/642 833/918/644
f 689/897/624 831/914/642 834/917/642
f 702/659/645 835/919/646 701/795/552
f 700/816/641 836/920/646 702/659/645
f 700/816/641 838/921/647 837/922/647
f 701/795/552 838/921/647 699/915/643
f 704/660/648 839/848/649 703/779/544
f 702/659/645 840/838/649 704/660/648
f 702/659/645 842/832/650 841/834/650
f 703/779/544 842/832/650 701/795/552
f 714/797/651 843/794/652 713/781/545
f 714/797/651 845/923/653 844/792/654
f 704/660/648 846/924/652 845/923/653
f 713/781/545 846/924/652 703/779/544
f 716/714/631 847/925/655 715/904/632
f 714/797/651 848/926/656 716/714/631
f 714/797/651 850/927/655 849/928/657
f 715/904/632 850/927/655 713/781/545
f 744/770/658 851/929/659 743/930/660
f 744/770/658 853/931/659 852/932/659
f 734/716/661 854/933/662 853/931/659
f 743/930/660 854/933/662 733/934/663
f 746/740/664 855/935/665 745/679/470
f 746/740/664 857/936/666 856/937/667
f 744/770/658 858/938/668 857/936/666
f 745/679/470 858/938/668 743/930/660
f 748/798/669 859/939/670 747/940/671
f 746/740/664 860/941/672 748/798/669
f 746/740/664 862/942/670 861/943/673
f 747/940/671 862/942/670 745/679/470
f 758/700/674 863/861/675 749/944/676
f 758/700/674 865/853/675 864/857/675
f 748/798/669 866/851/677 865/853/675
f 749/944/676 866/851/677 747/940/671
f 760/677/678 867/822/679 759/945/680
f 760/677/678 869/805/679 868/811/681
f 758/700/674 870/818/682 869/805/679
f 759/945/680 870/818/682 749/944/676
f 762/847/683 871/946/684 761/735/516
f 762/847/683 873/947/685 872/948/684
f 760/677/678 874/949/684 873/947/685
f 761/735/516 874/949/684 759/945/680
f 732/758/686 875/950/687 731/754/529
f 732/758/686 877/951/688 876/952/688
f 730/697/637 878/953/687 877/951/688
f 729/910/639 875/950/687 878/953/687
f 734/716/661 879/954/689 733/934/663
f 734/716/661 881/955/690 880/956/689
f 732/758/686 882/957/691 881/955/690
f 733/934/663 882/957/691 731/754/529
f 770/726/692 883/958/693 769/959/694
f 770/726/692 885/960/693 884/961/695
f 767/757/696 886/962/695 885/960/693
f 766/710/496 883/958/693 886/962/695
f 768/656/594 887/963/697 642/875/596
f 768/656/594 889/964/698 888/965/698
f 770/726/692 890/966/697 889/964/698
f 769/959/694 887/963/697 890/966/697
f 764/702/699 891/842/700 763/728/511
f 762/847/683 892/831/701 764/702/699
f 762/847/683 894/826/700 893/828/700
f 761/735/516 891/842/700 894/826/700
f 767/757/696 895/967/702 766/710/496
f 764/702/699 896/968/703 767/757/696
f 764/702/699 898/969/702 897/970/702
f 766/710/496 898/969/702 763/728/511
f 846/924/704 972/793/704 973/971/704
f 895/967/705 1023/972/705 1024/973/705
f 794/800/706 922/974/706 793/785/706
f 845/923/707 971/975/707 844/792/707
f 898/969/708 1024/973/708 1025/976/708
f 846/924/709 974/977/709 845/923/709
f 896/968/710 1026/978/710 1023/972/710
f 820/902/711 948/979/711 819/899/711
f 897/970/712 1025/976/712 1026/978/712
f 819/899/713 949/980/713 822/903/713
f 871/946/714 999/981/714 1000/982/714
f 821/901/715 947/983/715 820/902/715
f 874/949/716 1000/982/716 1001/984/716
f 822/903/717 950/985/717 821/901/717
f 872/948/718 1002/986/718 999/981/718
f 795/876/719 923/987/719 924/988/719
f 873/947/720 1001/984/720 1002/986/720
f 798/880/721 924/988/721 925/989/721
f 847/925/722 975/990/722 976/991/722
f 797/878/723 923/987/723 796/879/723
f 850/927/724 976/991/724 977/992/724
f 797/878/725 925/989/725 926/993/725
f 849/928/726 975/990/726 848/926/726
f 850/927/727 978/994/727 849/928/727
f 824/906/728 952/995/728 823/905/728
f 826/907/729 952/995/729 953/996/729
f 876/952/730 1004/997/730 875/950/730
f 825/908/731 951/998/731 824/906/731
f 878/953/732 1004/997/732 1005/999/732
f 825/908/733 953/996/734 954/1000/733
f 877/951/735 1003/1001/735 876/952/735
f 800/883/736 928/1002/736 799/881/736
f 877/951/737 1005/999/737 1006/1003/737
f 802/884/738 928/1002/738 929/1004/738
f 852/932/739 980/1005/739 851/929/739
f 801/885/740 927/1006/740 800/883/740
f 854/933/741 980/1005/741 981/1007/741
f 802/884/742 930/1008/742 801/885/742
f 853/931/743 979/1009/743 852/932/743
f 775/863/744 903/1010/744 904/1011/745
f 853/931/746 981/1007/746 982/1012/746
f 775/863/747 905/1013/747 778/865/747
f 828/912/748 956/1014/748 827/909/748
f 776/864/749 906/1015/749 903/1010/749
f 830/913/750 956/1014/750 957/1016/750
f 880/956/751 1008/1017/752 879/954/752
f 778/865/753 906/1015/753 777/866/753
f 829/911/754 955/1018/754 828/912/754
f 882/957/755 1008/1017/755 1009/1019/755
f 829/911/756 957/1016/756 958/1020/756
f 880/956/757 1010/1021/757 1007/1022/757
f 803/886/758 931/1023/758 932/1024/759
f 882/957/760 1010/1021/760 881/955/760
f 806/889/761 932/1024/761 933/1025/761
f 855/935/762 983/1026/762 984/1027/762
f 805/890/763 931/1023/763 804/888/763
f 858/938/764 984/1027/764 985/1028/764
f 805/890/765 933/1025/765 934/1029/765
f 857/936/766 983/1026/766 856/937/766
f 780/868/767 908/1030/767 779/867/767
f 858/938/768 986/1031/768 857/936/768
f 779/867/769 909/1032/769 782/869/769
f 831/914/770 959/1033/771 960/1034/772
f 780/868/773 910/1035/773 907/1036/773
f 831/914/774 961/1037/774 834/917/774
f 883/958/775 1011/1038/775 1012/1039/775
f 781/870/776 909/1032/776 910/1035/776
f 833/918/777 959/1033/777 832/916/777
f 883/958/778 1013/1040/778 886/962/778
f 833/918/779 961/1037/779 962/1041/779
f 885/960/780 1011/1038/780 884/961/780
f 808/894/781 936/1042/781 807/891/781
f 886/962/782 1014/1043/782 885/960/782
f 807/891/783 937/1044/783 810/895/783
f 859/939/784 987/1045/784 988/1046/784
f 809/893/785 935/1047/785 808/894/785
f 862/942/786 988/1046/786 989/1048/786
f 809/893/787 937/1044/787 938/1049/788
f 861/943/789 987/1045/789 860/941/789
f 783/871/790 911/1050/791 912/1051/790
f 862/942/792 990/1052/792 861/943/792
f 786/873/793 912/1051/793 913/1053/793
f 835/919/794 963/1054/794 964/1055/794
f 784/872/795 914/1056/795 911/1050/795
f 835/919/796 965/1057/796 838/921/796
f 887/963/797 1015/1058/797 1016/1059/797
f 786/873/798 914/1056/798 785/874/798
f 837/922/799 963/1054/799 836/920/799
f 890/966/800 1016/1059/800 1017/1060/800
f 838/921/801 966/1061/801 837/922/801
f 889/964/802 1015/1058/802 888/965/802
f 812/898/803 940/1062/803 811/896/803
f 890/966/804 1018/1063/804 889/964/804
f 811/896/805 941/1064/805 814/858/805
f 863/861/806 991/856/806 992/1065/806
f 813/860/807 939/1066/807 812/898/807
f 1052/687/808 1059/783/809 1085/1067/808
f 1072/778/810 1082/1068/811 1075/1069/810
f 1035/708/812 1083/680/813 1038/1070/813
f 1033/723/814 1084/736/815 1044/1071/814
f 1057/1072/816 1090/796/817 1078/1073/816
f 1087/1074/818 1074/706/819 1086/705/818
f 1072/778/810 1088/662/820 1081/762/820
f 1048/719/821 1089/755/822 1061/784/821
f 1053/1075/823 1085/1067/808 1076/780/823
f 1027/689/824 1077/729/825 1031/771/825
f 1037/684/826 1040/1076/827 1036/1077/826
f 1034/1078/828 1044/1071/814 1042/1079/828
f 1047/668/829 1050/1080/830 1046/774/829
f 1031/771/825 1084/736/815 1032/653/815
f 1065/777/811 1036/1077/826 1082/1068/811
f 1041/665/831 1054/756/832 1043/737/832
f 1027/689/824 1064/712/833 1028/711/824
f 1080/650/834 1071/733/835 1070/651/835
f 1073/669/819 1046/774/829 1074/706/819
f 1045/1081/822 1054/756/832 1089/755/822
f 1038/1070/813 1056/1082/831 1041/665/831
f 1051/686/809 1061/784/821 1059/783/809
f 1057/1072/816 1068/1083/836 1058/764/836
f 1049/722/830 1071/733/835 1050/1080/830
f 1062/753/837 1086/705/818 1063/773/837
f 1058/764/836 1067/1084/838 1060/765/838
f 1053/1075/823 1090/796/817 1055/1085/817
f 1030/692/839 1063/773/837 1066/1086/839
f 1035/708/812 1042/1079/828 1069/681/812
f 1060/765/838 1040/1076/827 1039/683/827
f 1029/791/833 1066/1086/839 1064/712/833
f 1081/762/820 1079/1087/834 1080/650/834
f 715/904/632 1059/783/461 717/900/629
f 592/1088/840 1053/1075/841 1055/1085/842
f 747/940/671 1069/681/472 1042/1079/843
f 544/738/514 1045/1081/844 552/718/502
f 713/781/545 1085/1067/527 715/904/632
f 504/724/508 1034/1078/845 512/707/493
f 624/1089/517 1060/765/535 1039/683/474
f 608/1090/846 1057/1072/847 1058/764/534
f 727/1091/547 1049/722/506 1047/668/462
f 655/775/541 1050/1080/502 657/732/513
f 642/875/596 1066/1086/848 1063/773/540
f 733/934/663 1054/756/446 1056/1082/532
f 560/720/504 1051/686/477 568/1092/492
f 749/944/676 1042/1079/843 1044/1071/473
f 671/663/458 1075/1069/495 673/877/607
f 729/910/639 1061/784/547 1089/755/530
f 520/709/495 1038/1070/849 528/664/457
f 759/945/680 1044/1071/473 1084/736/517
f 687/892/619 1067/1084/449 689/897/624
f 673/877/607 1082/1068/493 683/882/611
f 659/734/515 1079/1087/460 669/661/456
f 667/1093/471 1072/778/543 1081/762/533
f 742/667/461 1087/1074/850 757/752/527
f 769/959/694 1064/712/498 1066/1086/848
f 584/1094/540 1052/687/478 1053/1075/841
f 689/897/624 1068/1083/481 699/915/643
f 683/882/611 1036/1077/508 685/887/615
f 699/915/643 1078/1073/851 701/795/552
f 641/1095/843 1037/684/475 1065/777/542
f 743/930/660 1056/1082/532 1083/680/471
f 685/887/615 1040/1076/451 687/892/619
f 600/1096/498 1055/1085/842 1057/1072/847
f 1105/474/852 1285/1097/853 1284/1098/854
f 1281/21/855 1095/63/856 1091/352/856
f 1091/352/856 1096/1099/857 1092/287/857
f 1092/287/857 1097/39/858 1093/286/858
f 1093/286/858 1098/45/859 1282/1100/859
f 1285/1101/853 1104/1102/860 1111/369/861
f 1099/60/862 1107/115/863 1100/62/863
f 1101/40/864 1107/115/863 1108/1103/864
f 1102/41/865 1108/1103/864 1109/98/865
f 1103/46/866 1109/98/865 1110/100/866
f 1111/369/861 1287/1104/867 1286/1105/868
f 1287/1106/867 1117/1107/869 1123/229/870
f 1113/116/871 1118/1108/872 1119/1109/871
f 1113/116/871 1120/1110/873 1114/512/873
f 1115/124/874 1120/1110/873 1121/172/874
f 1116/99/875 1121/172/874 1122/1111/875
f 1123/229/870 1289/1112/876 1288/1113/877
f 1289/1114/876 1129/577/878 1135/76/879
f 1124/164/880 1131/213/881 1125/167/881
f 1125/167/881 1132/1115/882 1126/389/882
f 1127/171/883 1132/1115/882 1133/219/883
f 1128/359/884 1133/219/883 1134/222/884
f 1290/1116/885 1135/76/879 1141/75/886
f 1141/75/886 1292/1117/887 1291/1118/888
f 1137/199/889 1144/1119/890 1138/182/890
f 1139/137/891 1144/1119/890 1145/259/891
f 1140/136/892 1145/259/891 1146/497/892
f 1147/1120/893 1293/1121/894 1292/1122/887
f 1137/199/889 1142/1123/895 1143/1124/889
f 1293/1125/894 1153/324/896 1159/323/897
f 1150/260/898 1155/295/899 1156/574/898
f 1150/260/898 1157/302/900 1151/261/900
f 1151/261/900 1158/305/901 1152/1126/901
f 1159/323/897 1295/1127/902 1294/1128/903
f 1148/30/904 1155/295/899 1149/29/899
f 1165/185/905 1296/1129/906 1295/1130/902
f 1163/301/907 1168/434/908 1169/341/907
f 1164/237/909 1169/341/907 1170/238/909
f 1296/1131/906 1171/184/910 1177/1132/911
f 1160/25/912 1167/337/913 1161/294/913
f 1161/294/913 1168/434/908 1162/1133/908
f 1297/1134/914 1177/1132/911 1183/436/915
f 1175/343/916 1182/87/917 1176/86/917
f 1298/1135/918 1183/436/915 1189/1136/919
f 1173/338/920 1178/314/921 1179/272/920
f 1174/342/922 1179/272/920 1180/249/922
f 1175/343/916 1180/249/922 1181/226/916
f 1189/1136/919 1300/1137/923 1299/1138/924
f 1188/382/925 1193/13/926 1194/1139/925
f 1195/311/927 1301/1140/928 1300/1141/923
f 1184/374/929 1191/72/930 1185/375/930
f 1186/1142/931 1191/72/930 1192/34/931
f 1187/379/926 1192/34/931 1193/13/926
f 1301/1143/928 1201/310/932 1207/132/933
f 1207/132/933 1303/1144/934 1302/1145/935
f 1197/407/936 1202/1146/937 1203/1147/936
f 1197/407/936 1204/1148/938 1198/607/938
f 1199/410/939 1204/1148/938 1205/448/939
f 1199/410/939 1206/450/940 1200/591/940
f 1303/1149/934 1213/1150/941 1219/1151/942
f 1219/1151/942 1305/1152/943 1304/1153/944
f 1208/542/945 1215/493/946 1209/505/946
f 1210/478/947 1215/493/946 1216/1154/947
f 1211/447/948 1216/1154/947 1217/483/948
f 1211/447/948 1218/1155/949 1212/475/949
f 1305/1156/943 1225/1157/950 1231/1158/951
f 1306/1159/952 1231/1158/951 1237/1160/953
f 1220/372/954 1227/533/955 1221/333/955
f 1221/333/955 1228/1161/956 1222/283/956
f 1222/283/956 1229/519/957 1223/271/957
f 1223/271/957 1230/468/958 1224/270/958
f 1237/269/953 1308/1162/959 1307/1163/960
f 1232/509/961 1239/569/962 1233/1164/962
f 1234/1165/963 1239/569/962 1240/642/963
f 1235/1166/964 1240/642/963 1241/555/964
f 1236/329/965 1241/555/964 1242/330/965
f 1243/1167/966 1309/1168/967 1308/1169/959
f 1309/1170/967 1249/81/968 1255/1171/969
f 1244/420/970 1251/546/971 1245/568/971
f 1245/568/971 1252/528/972 1246/1172/972
f 1247/1173/973 1252/528/972 1253/503/973
f 1248/1174/974 1253/503/973 1254/150/974
f 1255/1171/969 1311/1175/975 1310/1176/976
f 1261/1177/977 1312/1178/978 1311/1179/975
f 1256/279/979 1263/404/980 1257/1180/980
f 1258/1181/981 1263/404/980 1264/399/981
f 1259/599/982 1264/399/981 1265/364/982
f 1260/586/983 1265/364/982 1266/363/983
f 1312/1182/978 1267/1183/984 1273/1184/985
f 1313/1185/986 1273/1184/985 1279/1186/987
f 1268/38/988 1275/207/989 1269/1187/989
f 1269/1187/989 1276/189/990 1270/1188/990
f 1271/1189/991 1276/189/990 1277/141/991
f 1271/1189/991 1278/1190/992 1272/1191/992
f 1280/622/993 1284/1192/854 1283/1193/994
f 220/437/241 1177/1132/89 206/573/89
f 20/63/33 1094/1194/33 19/20/33
f 147/260/24 1149/29/24 1150/260/24
f 402/586/22 1266/363/22 416/363/22
f 21/1099/33 1095/63/33 20/63/33
f 148/261/24 1150/260/24 1151/261/24
f 319/1157/78 1219/1151/82 304/1195/82
f 371/568/180 1244/420/180 1245/568/180
f 233/382/144 1194/1139/144 247/12/144
f 48/115/85 1106/1196/85 47/70/85
f 22/39/33 1096/1099/33 21/1099/33
f 149/265/24 1151/261/24 1152/1126/24
f 372/556/180 1245/568/180 1246/1172/180
f 417/1197/57 1261/1177/48 403/1177/48
f 49/1103/85 1107/115/85 48/115/85
f 272/441/47 1202/1146/47 271/432/47
f 23/45/33 1097/39/33 22/39/33
f 373/557/180 1246/1172/180 1247/1173/180
f 50/98/85 1108/1103/85 49/1103/85
f 273/446/47 1203/1147/47 272/441/47
f 374/149/180 1247/1173/180 1248/1174/180
f 51/100/85 1109/98/85 50/98/85
f 215/315/995 1172/1198/995 201/336/995
f 274/448/47 1204/1148/47 273/446/47
f 430/615/995 1278/1190/995 444/140/995
f 248/312/199 1189/1136/40 234/435/40
f 174/294/28 1160/25/28 1161/294/28
f 275/450/47 1205/448/47 274/448/47
f 175/1199/28 1161/294/28 1162/1133/28
f 47/70/419 1099/60/419 33/60/419
f 347/1160/169 1231/1158/77 333/1200/77
f 150/325/192 1147/1120/33 136/457/33
f 445/1201/53 1273/1184/56 431/1184/56
f 176/301/28 1162/1133/28 1163/301/28
f 399/595/81 1256/279/81 1257/1180/81
f 76/166/88 1118/1108/88 75/154/88
f 177/237/28 1163/301/28 1164/237/28
f 400/598/81 1257/1180/81 1258/1181/81
f 77/170/88 1119/1109/88 76/166/88
f 300/493/57 1214/1202/57 299/472/57
f 401/599/81 1258/1181/81 1259/599/81
f 276/133/86 1201/310/180 262/310/180
f 78/172/88 1120/1110/88 77/170/88
f 243/109/101 1184/374/101 229/374/101
f 301/1203/57 1215/493/57 300/493/57
f 178/186/84 1159/323/85 164/323/85
f 402/586/81 1259/599/81 1260/586/81
f 261/411/419 1206/450/419 275/450/419
f 79/177/88 1121/172/88 78/172/88
f 302/483/57 1216/1154/57 301/1203/57
f 202/338/4 1172/1198/4 1173/338/4
f 375/82/55 1243/1167/11 361/268/11
f 303/484/57 1217/483/57 302/483/57
f 203/342/4 1173/338/4 1174/342/4
f 204/343/4 1174/342/4 1175/343/4
f 427/627/78 1268/38/78 1269/1187/78
f 304/1195/82 1213/1150/81 290/131/81
f 104/213/241 1130/1204/241 103/202/241
f 205/86/4 1175/343/4 1176/86/4
f 428/632/78 1269/1187/78 1270/1188/78
f 289/449/996 1218/1155/996 303/484/996
f 105/1115/241 1131/213/241 104/213/241
f 271/432/439 1196/406/439 257/406/439
f 449/621/49 1279/1186/53 445/1201/53
f 75/154/996 1112/564/996 61/113/996
f 429/633/78 1270/1188/78 1271/1189/78
f 37/46/439 1110/100/439 51/100/439
f 106/219/241 1132/1115/241 105/1115/241
f 329/533/53 1226/1205/53 328/502/53
f 430/615/78 1271/1189/78 1272/1191/78
f 107/222/241 1133/219/241 106/219/241
f 403/1177/48 1255/1171/47 389/80/47
f 330/518/53 1227/533/53 329/533/53
f 52/370/143 1104/1102/24 38/473/24
f 230/375/32 1184/374/32 1185/375/32
f 331/519/53 1228/1161/53 330/518/53
f 231/378/32 1185/375/32 1186/1142/32
f 332/468/53 1229/519/53 331/519/53
f 103/202/255 1124/164/255 89/164/255
f 232/379/32 1186/1142/32 1187/379/32
f 132/253/199 1142/1123/199 131/242/199
f 299/472/997 1208/542/997 285/461/997
f 233/382/32 1187/379/32 1188/382/32
f 65/99/997 1122/1111/997 79/177/997
f 133/1119/199 1143/1124/199 132/253/199
f 8/352/169 1281/21/169 1091/352/169
f 333/1200/77 1225/1157/78 319/1157/78
f 134/259/199 1144/1119/199 133/1119/199
f 431/1184/56 1267/1183/57 417/1197/57
f 357/569/235 1238/1206/235 356/508/235
f 34/62/55 1099/60/55 1100/62/55
f 448/602/169 1093/286/169 1282/1100/169
f 80/230/27 1117/1107/28 66/368/28
f 135/264/199 1145/259/199 134/259/199
f 358/642/235 1239/569/235 357/569/235
f 35/40/55 1100/62/55 1101/40/55
f 1315/1207/998 1347/1208/999 1283/1193/994
f 1317/1209/1000 1315/1210/998 1284/1098/854
f 1318/1211/1001 1317/1212/1000 1285/1101/853
f 1319/1213/1002 1318/1214/1001 1286/1105/868
f 1320/1215/1003 1319/1216/1002 1287/1106/867
f 1321/1217/1004 1320/1218/1003 1288/1113/877
f 1322/1219/1005 1321/1220/1004 1289/1114/876
f 1323/1221/1006 1322/1222/1005 1290/1116/885
f 1324/1223/1007 1323/1224/1006 1291/1118/888
f 1325/1225/1008 1324/1226/1007 1292/1122/887
f 1326/1227/1009 1325/1228/1008 1293/1125/894
f 1327/1229/1010 1326/1230/1009 1294/1128/903
f 1328/1231/1011 1327/1232/1010 1295/1130/902
f 1329/1233/1012 1328/1234/1011 1296/1131/906
f 1330/1235/1013 1329/1236/1012 1297/1134/914
f 1331/1237/1014 1330/1238/1013 1298/1135/918
f 1332/1239/1015 1331/1240/1014 1299/1138/924
f 1333/1241/1016 1332/1242/1015 1300/1141/923
f 1334/1243/1017 1333/1244/1016 1301/1143/928
f 1335/1245/1018 1334/1246/1017 1302/1145/935
f 1336/1247/1019 1335/1248/1018 1303/1149/934
f 1337/1249/1020 1336/1250/1019 1304/1153/944
f 1338/1251/1021 1337/1252/1020 1305/1156/943
f 1339/1253/1022 1338/1254/1021 1306/1159/952
f 1340/1255/1023 1339/1256/1022 1307/1163/960
f 1341/1257/1024 1340/1258/1023 1308/1169/959
f 1342/1259/1025 1341/1260/1024 1309/1170/967
f 1343/1261/1026 1342/1262/1025 1310/1176/976
f 1344/1263/1027 1343/1264/1026 1311/1179/975
f 1345/1265/1028 1344/1266/1027 1312/1182/978
f 1346/1267/1029 1345/1268/1028 1313/1185/986
f 1347/1269/999 1346/1270/1029 1314/1271/1030
f 1314/1271/1030 1279/1186/987 1280/622/993
f 21/1099/31 1349/1272/1031 1348/1273/1031
f 34/62/46 1349/1272/1031 20/63/46
f 35/40/31 1350/1274/1031 34/62/46
f 49/1103/80 1353/340/1032 1352/445/1032
f 48/115/76 1354/217/1032 1353/340/1032
f 63/123/80 1354/217/1032 62/116/76
f 77/170/112 1357/1275/1033 1356/1276/1033
f 76/166/109 1358/1277/1033 1357/1275/1033
f 91/403/112 1358/1277/1033 90/167/109
f 105/1115/1034 1361/1278/1035 1360/1279/1036
f 118/199/134 1361/1278/1035 104/213/134
f 119/198/137 1362/1280/1036 118/199/134
f 133/1119/164 1365/597/1037 1364/648/1037
f 146/29/160 1365/597/1037 132/253/160
f 147/260/164 1366/481/1037 146/29/160
f 161/300/190 1369/1281/1038 1368/1282/1038
f 160/295/188 1370/1283/1038 1369/1281/1038
f 175/1199/190 1370/1283/1038 174/294/188
f 189/434/217 1373/1284/1039 1372/1285/1039
f 188/337/214 1374/1286/1039 1373/1284/1039
f 203/342/217 1374/1286/1039 202/338/214
f 217/249/1040 1377/1287/1041 1376/1288/1042
f 230/375/240 1377/1287/1041 216/272/240
f 231/378/244 1378/1289/1042 230/375/240
f 245/34/269 1381/121/1043 1380/120/1043
f 244/72/265 1382/1290/1043 1381/121/1043
f 259/409/269 1382/1290/1043 258/407/265
f 273/446/292 1385/1291/1044 1384/1292/1044
f 272/441/290 1386/1293/1044 1385/1291/1044
f 287/478/292 1386/1293/1044 286/440/290
f 301/1203/318 1389/1294/1045 1388/1295/1045
f 300/493/329 1390/1296/1045 1389/1294/1045
f 316/283/318 1390/1296/1045 315/333/329
f 330/518/342 1393/169/1046 1392/256/1047
f 329/533/354 1394/67/1047 1393/169/1046
f 344/94/1048 1394/67/1047 343/160/354
f 358/642/366 1397/1297/1049 1396/1298/1049
f 371/568/378 1397/1297/1049 357/569/378
f 372/556/366 1398/1299/1049 371/568/378
f 386/528/404 1401/1300/1050 1400/1301/1050
f 399/595/402 1401/1300/1050 385/546/402
f 400/598/404 1402/1302/1050 399/595/402
f 414/399/430 1405/408/1051 1404/534/1051
f 413/404/428 1406/299/1051 1405/408/1051
f 428/632/430 1406/299/1051 427/627/428
f 442/190/442 1409/1303/1052 1408/1304/1053
f 441/207/441 1410/1305/1053 1409/1303/1052
f 9/287/1054 1410/1305/1053 8/352/441
f 1380/120/1055 1446/1306/1055 1383/1306/1055
f 1382/1290/1056 1444/121/1056 1381/121/1056
f 1368/1282/143 1432/1281/143 1433/1282/143
f 1383/1306/55 1447/1290/55 1382/1290/55
f 1368/1282/1057 1434/1307/1057 1371/1307/1057
f 1408/1304/77 1472/1303/77 1473/1308/77
f 1370/1283/1058 1432/1281/1058 1369/1281/1058
f 1356/1276/57 1420/1275/57 1421/1309/57
f 1408/1304/369 1474/1310/369 1411/1310/369
f 1371/1307/81 1435/1311/81 1370/1283/81
f 1356/1276/1059 1422/1312/1059 1359/1312/1059
f 1410/1305/410 1472/1303/410 1409/1303/410
f 1396/1298/199 1460/1297/199 1461/1313/199
f 1358/1277/1060 1420/1275/1060 1357/1275/1060
f 1411/1310/32 1475/1314/32 1410/1305/32
f 1396/1298/274 1462/1315/274 1399/1315/274
f 1359/1312/89 1423/1277/89 1358/1277/89
f 1398/1299/297 1460/1297/297 1397/1297/297
f 1384/1292/85 1448/1291/85 1449/1292/85
f 1399/1315/24 1463/1299/24 1398/1299/24
f 1384/1292/168 1450/1316/168 1387/1316/168
f 1386/1293/197 1448/1291/197 1385/1291/197
f 1372/1285/27 1436/1284/27 1437/1285/27
f 1387/1316/48 1451/1317/48 1386/1293/48
f 1372/1285/59 1438/1318/59 1375/1318/59
f 1374/1286/91 1436/1284/91 1373/1284/91
f 1360/1279/53 1424/1278/53 1425/1319/53
f 1375/1318/78 1439/1286/78 1374/1286/78
f 1360/1279/110 1426/1320/110 1363/1320/110
f 1400/1301/86 1464/1300/86 1465/1321/86
f 1362/1280/161 1424/1278/161 1361/1278/161
f 1348/1273/11 1412/1272/11 1413/1322/11
f 1400/1301/1058 1466/1323/1058 1403/1323/1058
f 1363/1320/40 1427/1280/40 1362/1280/40
f 1348/1273/1056 1414/1324/1056 1351/1324/1056
f 1402/1302/1057 1464/1300/1057 1401/1300/1057
f 1388/1295/88 1452/1294/88 1453/1325/88
f 1350/1274/1055 1412/1272/1055 1349/1272/1055
f 1403/1323/28 1467/1326/28 1402/1302/28
f 1388/1295/1060 1454/1327/1060 1391/1327/1060
f 1351/1324/192 1415/1274/192 1350/1274/192
f 1390/1296/1059 1452/1294/1059 1389/1294/1059
f 1376/1288/23 1440/1287/23 1441/1288/23
f 1391/1327/56 1455/1296/56 1390/1296/56
f 1376/1288/410 1442/1328/410 1379/1329/410
f 1378/1289/369 1440/1287/369 1377/1287/369
f 1364/648/235 1428/597/235 1429/648/235
f 1379/1329/169 1443/1289/169 1378/1289/169
f 449/621/1061 1477/1330/1062 1476/1331/1062
f 448/602/444 1478/1332/1062 1477/1330/1062
f 24/474/1063 1478/1332/1062 23/45/34
f 24/474/1063 1476/1331/1062 1479/1333/1062
f 24/474/1063 1481/1334/1064 1480/1335/1064
f 23/45/34 1482/1336/1064 1481/1334/1064
f 38/473/1065 1482/1336/1064 37/46/35
f 38/473/1065 1480/1335/1064 1483/1337/1064
f 38/473/1065 1485/616/1066 1484/645/1066
f 37/46/35 1486/579/1066 1485/616/1066
f 52/370/1067 1486/579/1066 51/100/67
f 38/473/1065 1487/578/1066 52/370/1067
f 52/370/1067 1489/267/1068 1488/307/1069
f 65/99/66 1489/267/1068 51/100/67
f 66/368/1070 1490/193/1069 65/99/66
f 66/368/1070 1488/307/1069 1491/192/1069
f 66/368/1070 1493/1338/1071 1492/1339/1071
f 79/177/115 1493/1338/1071 65/99/66
f 80/230/1072 1494/1340/1073 79/177/115
f 80/230/1072 1492/1339/1071 1495/1341/1071
f 80/230/1072 1497/1342/1074 1496/1343/1074
f 93/176/114 1497/1342/1074 79/177/115
f 94/228/1075 1498/1344/1074 93/176/114
f 94/228/1075 1496/1343/1074 1499/1345/1074
f 94/228/1075 1501/1346/1076 1500/1347/1076
f 107/222/138 1501/1346/1076 93/176/114
f 108/77/1077 1502/1348/1078 107/222/138
f 94/228/1075 1503/1349/1076 108/77/1077
f 108/77/1077 1505/1350/1079 1504/1351/1079
f 121/136/139 1505/1350/1079 107/222/138
f 122/75/1080 1506/1352/1079 121/136/139
f 122/75/1080 1504/1351/1079 1507/1353/1079
f 122/75/1080 1509/1354/1081 1508/1355/1081
f 135/264/165 1509/1354/1081 121/136/139
f 136/457/1082 1510/1356/1081 135/264/165
f 136/457/1082 1508/1355/1081 1511/1357/1081
f 136/457/1082 1513/414/1083 1512/452/1084
f 149/265/166 1513/414/1083 135/264/165
f 150/325/1085 1514/385/1084 149/265/166
f 150/325/1085 1512/452/1084 1515/384/1084
f 150/325/1085 1517/50/1086 1516/49/1086
f 163/305/194 1517/50/1086 149/265/166
f 164/323/1087 1518/1358/1086 163/305/194
f 150/325/1085 1519/1359/1086 164/323/1087
f 164/323/1087 1521/1360/1088 1520/1361/1088
f 163/305/194 1522/1362/1088 1521/1360/1088
f 178/186/1089 1522/1362/1088 177/237/193
f 178/186/1089 1520/1361/1088 1523/1363/1088
f 178/186/1089 1525/1364/1090 1524/1365/1090
f 191/238/219 1525/1364/1090 177/237/193
f 192/184/1091 1526/1366/1090 191/238/219
f 192/184/1091 1524/1365/1090 1527/1367/1092
f 192/184/1091 1529/1368/1093 1528/1369/1093
f 205/86/218 1529/1368/1093 191/238/219
f 206/573/1094 1530/1370/1093 205/86/218
f 206/573/1094 1528/1369/1093 1531/1371/1093
f 206/573/1094 1533/1372/1095 1532/1373/1095
f 219/88/245 1533/1372/1095 205/86/218
f 220/437/1096 1534/1374/1097 219/88/245
f 220/437/1096 1532/1373/1095 1535/1375/1095
f 220/437/1096 1537/559/1098 1536/608/1098
f 219/88/245 1538/523/1098 1537/559/1098
f 234/435/1099 1538/523/1098 233/382/246
f 234/435/1099 1536/608/1098 1539/521/1098
f 234/435/1099 1541/155/1100 1540/233/1100
f 247/12/270 1541/155/1100 233/382/246
f 248/312/1101 1542/103/1100 247/12/270
f 248/312/1101 1540/233/1100 1543/101/1100
f 248/312/1101 1545/1376/1102 1544/1377/1103
f 261/411/271 1545/1376/1102 247/12/270
f 262/310/1104 1546/1378/1103 261/411/271
f 248/312/1101 1547/1379/1103 262/310/1104
f 262/310/1104 1549/1380/1105 1548/1381/1105
f 275/450/295 1549/1380/1105 261/411/271
f 276/133/1106 1550/1382/1105 275/450/295
f 262/310/1104 1551/1383/1105 276/133/1106
f 276/133/1106 1553/1384/1107 1552/1385/1108
f 289/449/294 1553/1384/1107 275/450/295
f 290/131/1109 1554/1386/1108 289/449/294
f 276/133/1106 1555/1387/1107 290/131/1109
f 290/131/1109 1557/1388/1110 1556/1389/1110
f 303/484/319 1557/1388/1110 289/449/294
f 304/1195/1111 1558/1390/1110 303/484/319
f 304/1195/1111 1556/1389/1110 1559/1391/1112
f 304/1195/1111 1561/1392/1113 1560/1393/1113
f 318/270/320 1561/1392/1113 303/484/319
f 319/1157/1114 1562/1394/1113 318/270/320
f 319/1157/1114 1560/1393/1113 1563/1395/1113
f 319/1157/1114 1565/354/1115 1564/394/1115
f 332/468/344 1565/354/1115 318/270/320
f 333/1200/1116 1566/319/1115 332/468/344
f 319/1157/1114 1567/317/1115 333/1200/1116
f 333/1200/1116 1569/1396/1117 1568/1397/1117
f 332/468/344 1570/1398/1117 1569/1396/1117
f 347/1160/1118 1570/1398/1117 346/55/345
f 333/1200/1116 1571/1399/1117 347/1160/1118
f 347/269/1118 1573/1400/1119 1572/1401/1119
f 346/329/345 1574/1402/1119 1573/1400/1119
f 361/268/1120 1574/1402/1119 360/330/368
f 347/269/1118 1575/1403/1119 361/268/1120
f 361/268/1120 1577/1404/1121 1576/1405/1122
f 360/330/368 1578/1406/1122 1577/1404/1121
f 375/82/1123 1578/1406/1122 374/149/367
f 375/82/1123 1576/1405/1122 1579/1407/1122
f 375/82/1123 1581/1408/1124 1580/1409/1124
f 374/149/367 1582/1410/1124 1581/1408/1124
f 389/80/1125 1582/1410/1124 388/150/392
f 375/82/1123 1583/1411/1124 389/80/1125
f 389/80/1125 1585/1412/1126 1584/1413/1126
f 388/150/392 1586/1414/1126 1585/1412/1126
f 403/1177/1127 1586/1414/1126 402/586/391
f 403/1177/1127 1584/1413/1126 1587/1415/1126
f 403/1177/1127 1589/514/1128 1588/550/1128
f 416/363/418 1589/514/1128 402/586/391
f 417/1197/1129 1590/463/1128 416/363/418
f 403/1177/1127 1591/462/1128 417/1197/1129
f 417/1197/1129 1593/90/1130 1592/144/1130
f 430/615/417 1593/90/1130 416/363/418
f 431/1184/1131 1594/5/1130 430/615/417
f 417/1197/1129 1595/4/1130 431/1184/1131
f 431/1184/1131 1597/1416/1132 1596/1417/1132
f 444/140/445 1597/1416/1132 430/615/417
f 445/1201/1133 1598/1418/1132 444/140/445
f 445/1201/1133 1596/1417/1132 1599/1419/1132
f 445/1201/1133 1601/1420/1134 1600/1421/1134
f 448/602/444 1601/1420/1134 444/140/445
f 449/621/1061 1602/1422/1134 448/602/444
f 445/1201/1133 1603/1423/1134 449/621/1061
f 1516/49/253 1646/1359/253 1519/1359/253
f 1568/1397/241 1696/1396/241 1697/1397/241
f 1518/1358/95 1644/50/95 1517/50/95
f 1568/1397/161 1698/1399/161 1571/1399/161
f 1519/1359/86 1647/1358/86 1518/1358/86
f 1570/1398/110 1696/1396/110 1569/1396/110
f 1492/1339/48 1620/1338/48 1621/1424/48
f 1571/1399/49 1699/1425/49 1570/1398/49
f 1492/1339/997 1622/1341/997 1495/1341/997
f 1544/1377/33 1672/1376/33 1673/1377/33
f 1494/1340/996 1620/1338/996 1493/1338/996
f 1544/1377/1055 1674/1426/1055 1547/1379/1055
f 1596/1417/78 1724/1416/78 1725/1427/78
f 1495/1341/88 1623/1428/88 1494/1340/88
f 1546/1378/1056 1672/1376/1056 1545/1376/1056
f 1596/1417/995 1726/1419/995 1599/1419/995
f 1547/1379/55 1675/1378/55 1546/1378/55
f 1598/1418/29 1724/1416/29 1597/1416/29
f 1520/1361/143 1648/1360/143 1649/1361/143
f 1599/1419/23 1727/1418/23 1598/1418/23
f 1520/1361/1057 1650/1363/1057 1523/1363/1057
f 1572/1401/40 1700/1400/40 1701/1401/40
f 1522/1362/1058 1648/1360/1058 1521/1360/1058
f 1572/1401/208 1702/1403/208 1575/1403/208
f 1523/1363/81 1651/1429/81 1522/1362/81
f 1574/1402/331 1700/1400/331 1573/1400/331
f 1496/1343/57 1624/1342/57 1625/1343/57
f 1575/1403/235 1703/1430/235 1574/1402/235
f 1496/1343/1059 1626/1345/1059 1499/1345/1059
f 1548/1381/192 1676/1380/192 1677/1381/192
f 1498/1344/1060 1624/1342/1060 1497/1342/1060
f 1548/1381/419 1678/1383/419 1551/1383/419
f 1600/1421/77 1728/1420/77 1729/1421/77
f 1499/1345/89 1627/1431/89 1498/1344/89
f 1550/1382/439 1676/1380/439 1549/1380/439
f 1600/1421/369 1730/1423/369 1603/1423/369
f 1551/1383/47 1679/1382/47 1550/1382/47
f 1602/1422/410 1728/1420/410 1601/1420/410
f 1524/1365/28 1652/1364/28 1653/1365/28
f 1603/1423/32 1731/1422/32 1602/1422/32
f 1524/1365/147 1654/1367/147 1527/1367/147
f 1576/1405/199 1704/1404/199 1705/1405/199
f 1526/1366/22 1652/1364/22 1525/1364/22
f 1576/1405/274 1706/1407/274 1579/1407/274
f 1527/1367/82 1655/1432/82 1526/1366/82
f 1578/1406/297 1704/1404/297 1577/1404/297
f 1500/1347/56 1628/1346/56 1629/1433/56
f 1579/1407/24 1707/1434/24 1578/1406/24
f 1500/1347/226 1630/1349/226 1503/1349/226
f 1552/1385/85 1680/1384/85 1681/1385/85
f 1502/1348/255 1628/1346/255 1501/1346/255
f 1552/1385/168 1682/1387/168 1555/1387/168
f 1503/1349/241 1631/1435/241 1502/1348/241
f 1554/1386/197 1680/1384/197 1553/1384/197
f 1476/1331/169 1604/1330/169 1605/1436/169
f 1555/1387/48 1683/1386/48 1554/1386/48
f 1476/1331/101 1606/1333/101 1479/1333/101
f 1528/1369/27 1656/1368/27 1657/1369/27
f 1478/1332/144 1604/1330/144 1477/1330/144
f 1528/1369/59 1658/1371/59 1531/1371/59
f 1580/1409/180 1708/1408/180 1709/1409/180
f 1479/1333/33 1607/1437/33 1478/1332/33
f 1530/1370/91 1656/1368/91 1529/1368/91
f 1580/1409/95 1710/1411/95 1583/1411/95
f 1531/1371/78 1659/1438/78 1530/1370/78
f 1582/1410/253 1708/1408/253 1581/1408/253
f 1504/1351/53 1632/1350/53 1633/1351/53
f 1583/1411/143 1711/1439/143 1582/1410/143
f 1504/1351/110 1634/1353/110 1507/1353/110
f 1556/1389/84 1684/1388/84 1685/1389/84
f 1506/1352/161 1632/1350/161 1505/1350/161
f 1559/1391/996 1685/1389/996 1686/1391/996
f 1507/1353/40 1635/1352/40 1506/1352/40
f 1558/1390/997 1684/1388/997 1557/1388/997
f 1480/1335/11 1608/1334/11 1609/1335/11
f 1559/1391/57 1687/1440/57 1558/1390/57
f 1480/1335/1056 1610/1337/1056 1483/1337/1056
f 1532/1373/4 1660/1372/4 1661/1441/4
f 1482/1336/1055 1608/1334/1055 1481/1334/1055
f 1532/1373/29 1662/1375/29 1535/1375/29
f 1584/1413/86 1712/1412/86 1713/1442/86
f 1483/1337/192 1611/1443/192 1482/1336/192
f 1534/1374/995 1660/1372/995 1533/1372/995
f 1584/1413/1058 1714/1415/1058 1587/1415/1058
f 1535/1375/77 1663/1444/77 1534/1374/77
f 1586/1414/1057 1712/1412/1057 1585/1412/1057
f 1508/1355/49 1636/1354/49 1637/1445/49
f 1587/1415/28 1715/1446/28 1586/1414/28
f 1508/1355/331 1638/1357/331 1511/1357/331
f 1560/1393/88 1688/1392/88 1689/1393/88
f 1510/1356/208 1636/1354/208 1509/1354/208
f 1560/1393/1060 1690/1395/1060 1563/1395/1060
f 1511/1357/199 1639/1356/199 1510/1356/199
f 1562/1394/1059 1688/1392/1059 1561/1392/1059
f 1484/645/55 1612/616/55 1613/645/55
f 1563/1395/56 1691/1394/56 1562/1394/56
f 1913/1447/57 2038/1448/48 1910/1448/48
f 1835/1449/11 2095/1450/55 1839/1450/55
f 1911/1451/84 2043/1452/88 1912/1452/88
f 1831/1453/169 2091/1449/11 1835/1449/11
f 1906/1454/85 2039/1455/84 1911/1451/84
f 1834/1456/33 2086/1457/32 1956/1457/32
f 1910/1448/48 2034/1458/47 1904/1459/47
f 1829/1460/169 2089/1461/11 1961/1461/11
f 1905/1462/85 2037/1463/84 1781/1463/84
f 1960/1464/33 2084/1465/32 1828/1465/32
f 1908/1466/48 2032/1467/47 1907/1467/47
f 1828/1468/32 2080/1469/23 1824/1470/23
f 1907/1467/47 2028/1471/55 1772/1471/55
f 1827/1472/77 2087/1473/169 1831/1473/169
f 1903/1474/192 2035/1475/85 1906/1454/85
f 1825/1476/77 2085/1477/169 1829/1477/169
f 1773/1478/192 2033/1462/85 1905/1462/85
f 1956/1479/32 2082/1480/23 1954/1480/23
f 1904/1459/47 2030/1481/55 1902/1481/55
f 1950/1482/78 2083/1483/77 1827/1472/77
f 1899/1484/33 2031/1474/192 1903/1474/192
f 1954/1480/23 2078/1485/4 1948/1486/4
f 1902/1481/55 2026/1487/11 1898/1488/11
f 1949/1489/78 2081/1476/77 1825/1476/77
f 1769/1490/33 2029/1478/192 1773/1478/192
f 1824/1470/23 2076/1491/4 1820/1491/4
f 1772/1471/55 2024/1492/11 1768/1493/11
f 1820/1491/4 2072/1494/27 1816/1494/27
f 1767/1495/32 2027/1484/33 1899/1484/33
f 1947/1496/82 2079/1497/78 1950/1482/78
f 1898/1488/11 2022/1498/169 1766/1498/169
f 1945/1499/82 2077/1489/78 1949/1489/78
f 1768/1493/11 2020/1500/169 1764/1500/169
f 1948/1486/4 2074/1501/27 1946/1501/27
f 1765/1502/32 2025/1490/33 1769/1490/33
f 1943/1503/81 2075/1496/82 1947/1496/82
f 1763/1504/23 2023/1495/32 1767/1495/32
f 1946/1501/27 2070/1505/28 1942/1505/28
f 1766/1498/169 2018/1506/77 1762/1507/77
f 1940/1508/81 2073/1499/82 1945/1499/82
f 1761/1509/23 2021/1502/32 1765/1502/32
f 1816/1494/27 2068/1510/28 1941/1510/28
f 1764/1500/169 2016/1511/77 1760/1511/77
f 1811/1512/86 2071/1513/81 1943/1503/81
f 1884/1514/4 2019/1515/23 1763/1504/23
f 1942/1505/28 2066/1516/143 1939/1516/143
f 1762/1507/77 2014/1517/78 1758/1517/78
f 1941/1510/28 2064/1518/143 1937/1518/143
f 1760/1511/77 2012/1519/78 1885/1519/78
f 1938/1520/86 2069/1508/81 1940/1508/81
f 1859/1521/53 1991/1522/49 1735/1523/49
f 1757/1524/4 2017/1509/23 1761/1509/23
f 1939/1516/143 2062/1525/24 1934/1525/24
f 1734/1526/40 2114/1527/241 1858/1527/241
f 1758/1517/78 2010/1528/82 1754/1529/82
f 1933/1530/180 2065/1520/86 1938/1520/86
f 1984/1531/53 1989/1532/49 1733/1532/49
f 1753/1533/27 2013/1524/4 1757/1524/4
f 1937/1518/143 2060/1534/24 1932/1535/24
f 1985/1536/241 1988/1537/40 2112/1538/241
f 1885/1519/78 2008/1539/82 1752/1539/82
f 1807/1540/180 2067/1512/86 1811/1512/86
f 1855/1541/56 2115/1521/53 1859/1521/53
f 1883/1542/27 2015/1514/4 1884/1514/4
f 184/316/88 1791/345/89 198/345/89
f 125/243/11 1892/212/169 111/212/169
f 322/444/23 1951/492/4 308/492/4
f 282/451/81 1819/479/82 296/479/82
f 210/558/241 1925/377/40 224/377/40
f 420/626/89 1848/601/88 406/601/88
f 309/1543/78 1953/506/77 323/506/77
f 127/227/11 1894/218/169 113/218/169
f 251/332/24 1929/402/235 237/402/235
f 225/367/49 1794/1544/53 211/371/53
f 16/576/235 1743/47/24 30/47/24
f 407/1545/57 1853/1546/56 421/630/56
f 29/69/180 1866/32/199 15/32/199
f 324/507/23 1822/482/4 310/482/4
f 114/223/32 1771/1547/33 128/339/33
f 212/353/241 1927/383/40 226/383/40
f 422/631/89 1850/604/88 408/604/88
f 350/304/33 1959/541/32 336/541/32
f 311/1548/78 1955/513/77 325/513/77
f 238/405/199 1805/284/180 252/284/180
f 155/255/47 1774/258/55 141/258/55
f 337/544/169 1833/262/11 351/262/11
f 140/257/192 1777/296/85 154/296/85
f 253/232/24 1802/366/235 239/366/235
f 352/511/33 1830/545/32 338/545/32
f 142/266/192 1779/1549/85 156/180/85
f 240/393/199 1935/1550/180 254/412/180
f 44/89/143 1751/143/28 58/143/28
f 266/285/86 1813/125/81 280/125/81
f 378/130/85 1836/1551/192 364/303/192
f 339/1552/169 1963/547/11 353/547/11
f 279/175/28 1808/1553/143 265/331/143
f 27/61/180 1862/22/199 13/22/199
f 365/263/55 1841/64/47 379/64/47
f 170/181/84 1787/1554/88 184/316/88
f 281/36/28 1810/231/143 267/231/143
f 183/85/57 1782/254/48 169/254/48
f 3/23/40 1856/1555/241 434/644/241
f 14/494/235 1871/68/24 28/68/24
f 72/225/27 1759/1556/4 86/27/4
f 380/381/85 1965/1557/192 366/510/192
f 406/601/88 1844/129/84 392/129/84
f 268/425/86 1815/451/81 282/451/81
f 435/636/53 1865/31/49 4/31/49
f 367/548/55 1971/438/47 381/438/47
f 55/114/81 1872/71/86 41/71/86
f 198/345/89 1795/353/241 212/353/241
f 310/482/4 1818/35/27 295/35/27
f 5/33/40 1986/637/241 436/637/241
f 393/65/48 1849/1558/57 407/1545/57
f 153/282/47 1900/1559/55 139/252/55
f 211/371/53 1790/83/56 197/83/56
f 42/78/143 1749/313/28 56/313/28
f 294/126/82 1821/1543/78 309/1543/78
f 437/606/53 1860/1/49 6/1/49
f 408/604/88 1846/380/84 394/380/84
f 57/122/81 1874/1560/86 43/79/86
f 296/479/82 1823/1548/78 311/1548/78
f 421/630/56 1857/636/53 435/636/53
f 395/439/48 1851/187/57 409/187/57
f 83/165/78 1880/1561/82 69/127/82
f 338/517/32 1826/507/23 324/507/23
f 434/644/241 1852/1562/89 420/626/89
f 181/221/57 1780/293/48 167/293/48
f 1739/1563/1135 1860/1/1136 1735/1523/1136
f 1736/1564/1137 1863/520/1138 1862/22/1137
f 1734/1526/1136 1866/32/1135 1738/1565/1135
f 1868/1566/1139 1861/575/1135 1739/1563/1135
f 1738/1565/1135 1869/69/1139 1742/1567/1139
f 1740/1568/1140 1872/71/1141 1744/1569/1141
f 1742/1567/1139 1874/1560/1142 1746/1570/1142
f 1875/1571/1142 1743/47/1139 1868/1566/1139
f 1875/1571/1142 1751/143/1143 1747/351/1142
f 1746/1570/1142 1750/122/1143 1879/1572/1143
f 1748/1573/1144 1880/1561/1145 1752/1539/1145
f 1879/1572/1143 1882/634/1146 1754/1529/1146
f 1876/1574/1143 1755/225/1146 1751/143/1143
f 1883/1542/1146 1759/1556/1147 1755/225/1146
f 1758/1517/1147 1882/634/1146 1887/118/1147
f 1885/1519/1148 1889/596/1149 1760/1511/1149
f 1762/1507/1150 1887/118/1147 1890/504/1150
f 1884/1514/1147 1891/28/1150 1759/1556/1147
f 1762/1507/1150 1894/218/1151 1766/1498/1151
f 1767/1495/1151 1891/28/1150 1763/1504/1150
f 1768/1493/1152 1892/212/1153 1897/243/1152
f 1898/1488/1154 1894/218/1151 1770/376/1154
f 1899/1484/1154 1895/223/1151 1767/1495/1151
f 1898/1488/1154 1774/258/1155 1902/1481/1155
f 1903/1474/1155 1771/1547/1154 1899/1484/1154
f 1902/1481/1155 1778/255/1156 1904/1459/1156
f 1906/1454/1156 1775/266/1155 1903/1474/1155
f 1772/1471/1157 1776/344/1158 1907/1467/1158
f 1904/1459/1156 1782/254/1159 1910/1448/1159
f 1906/1454/1156 1783/181/1159 1779/1549/1156
f 1912/1452/1160 1783/181/1159 1911/1451/1159
f 1910/1448/1159 1786/84/1160 1913/1447/1160
f 1908/1466/1161 1784/221/1162 1914/1575/1162
f 1913/1447/1160 1790/83/1163 1918/1576/1163
f 1912/1452/1160 1791/345/1163 1787/1554/1160
f 1919/1577/1163 1795/353/1164 1791/345/1163
f 1921/1578/1164 1790/83/1163 1794/1544/1164
f 1792/1579/1165 1916/585/1166 1922/74/1165
f 1921/1578/1164 1798/367/1167 1926/1580/1167
f 1920/1581/1164 1927/383/1167 1795/353/1164
f 1803/1582/1168 1927/383/1167 1799/1583/1167
f 1796/1584/1169 1929/402/1170 1800/1585/1170
f 1926/1580/1167 1802/366/1168 1931/1586/1168
f 1931/1586/1168 1806/232/1171 1934/1525/1171
f 1807/1540/1171 1928/393/1168 1803/1582/1168
f 1811/1512/1172 1935/1550/1171 1807/1540/1171
f 1932/1535/1173 1808/1553/1174 1937/1518/1174
f 1939/1516/1172 1806/232/1171 1810/231/1172
f 1939/1516/1172 1814/36/1175 1942/1505/1175
f 1811/1512/1172 1815/451/1175 1936/425/1172
f 1941/1510/1176 1944/173/1177 1816/1494/1177
f 1946/1501/1178 1814/36/1175 1818/35/1178
f 1947/1496/1178 1815/451/1175 1943/1503/1175
f 1946/1501/1178 1822/482/1179 1948/1486/1179
f 1947/1496/1178 1823/1548/1179 1819/479/1178
f 1820/1491/1180 1952/443/1181 1824/1470/1181
f 1948/1486/1179 1826/507/1182 1954/1480/1182
f 1827/1472/1182 1823/1548/1179 1950/1482/1179
f 1954/1480/1182 1830/517/1183 1956/1479/1183
f 1831/1473/1183 1955/513/1182 1827/1472/1182
f 1960/1464/1184 1959/541/1185 1832/304/1184
f 1834/1456/1186 1830/545/1183 1962/511/1186
f 1835/1449/1186 1958/1552/1183 1831/1453/1183
f 1839/1450/1187 1963/547/1186 1835/1449/1186
f 1838/1587/1187 1962/511/1186 1965/1557/1187
f 1968/1588/1188 1836/1551/1189 1840/130/1188
f 1970/1589/1190 1965/1557/1187 1842/381/1190
f 1843/1590/1190 1964/548/1187 1839/1450/1187
f 1843/1590/1190 1972/439/1191 1971/438/1190
f 1970/1589/1190 1846/380/1191 1973/1591/1191
f 1976/1592/1192 1844/129/1193 1848/601/1192
f 1973/1591/1191 1850/604/1194 1978/1593/1194
f 1979/1594/1194 1972/439/1191 1847/1595/1191
f 1855/1541/1195 1851/187/1194 1979/1594/1194
f 1978/1593/1194 1983/631/1195 1854/1596/1195
f 1985/1536/1196 1852/1562/1197 1856/1555/1196
f 1858/1527/1198 1983/631/1195 1986/637/1198
f 1859/1521/1198 1980/188/1195 1855/1541/1195
f 1858/1527/1198 1867/33/1136 1734/1526/1136
f 1735/1523/1136 1987/605/1198 1859/1521/1198
f 1989/1532/1199 1992/1564/1200 1993/1597/1200
f 1993/1597/1200 1996/1568/1201 1997/1598/1201
f 1996/1568/1201 2001/1599/1202 1997/1598/1201
f 2000/1569/1202 2005/1600/1203 2001/1599/1202
f 2004/1601/1203 2009/1533/1204 2005/1600/1203
f 2008/1539/1204 2013/1524/1205 2009/1533/1204
f 2012/1519/1205 2017/1509/1206 2013/1524/1205
f 2017/1509/1206 2020/1500/1207 2021/1502/1207
f 2020/1500/1207 2025/1490/1208 2021/1502/1207
f 2025/1490/1208 2028/1471/1209 2029/1478/1209
f 2028/1471/1209 2033/1462/1210 2029/1478/1209
f 2033/1462/1210 2036/1466/1211 2037/1463/1211
f 2036/1466/1211 2041/1602/1212 2037/1463/1211
f 2040/1575/1212 2045/1603/1213 2041/1602/1212
f 2044/1604/1213 2049/1605/1214 2045/1603/1213
f 2049/1605/1214 2052/1584/1215 2053/1606/1215
f 2052/1584/1215 2057/1607/1216 2053/1606/1215
f 2056/1585/1216 2061/1530/1217 2057/1607/1216
f 2060/1534/1217 2065/1520/1218 2061/1530/1217
f 2064/1518/1218 2069/1508/1219 2065/1520/1218
f 2068/1510/1219 2073/1499/1220 2069/1508/1219
f 2072/1494/1220 2077/1489/1221 2073/1499/1220
f 2076/1491/1221 2081/1476/1222 2077/1489/1221
f 2081/1476/1222 2084/1468/1223 2085/1477/1223
f 2084/1465/1223 2089/1461/1224 2085/1460/1223
f 2089/1461/1224 2092/1608/1225 2093/1609/1225
f 2093/1609/1225 2096/1588/1226 2097/1610/1226
f 2096/1588/1226 2101/1611/1227 2097/1610/1226
f 2101/1611/1227 2104/1592/1228 2105/1612/1228
f 2104/1592/1228 2109/1613/1229 2105/1612/1228
f 2109/1613/1229 2112/1538/1230 2113/1531/1230
f 2113/1531/1230 1988/1537/1199 1989/1532/1199
f 1838/1587/192 2090/1456/33 1834/1456/33
f 1914/1575/57 2036/1466/48 1908/1466/48
f 1966/1608/192 2088/1614/33 1960/1464/33
f 1781/1463/84 2041/1602/88 1785/1602/88
f 1735/1523/49 1995/1563/235 1739/1563/235
f 1961/1461/11 2093/1609/55 1967/1615/55
f 1788/1616/56 2040/1575/57 1914/1575/57
f 1736/1564/199 1988/1537/40 1732/1617/40
f 1968/1588/85 2092/1608/192 1966/1608/192
f 1785/1602/88 2045/1603/89 1789/1603/89
f 1733/1532/49 1993/1597/235 1737/1597/235
f 1967/1615/55 2097/1610/47 1969/1610/47
f 1918/1576/56 2042/1447/57 1913/1447/57
f 1738/1565/199 1990/1526/40 1734/1526/40
f 1970/1589/85 2094/1618/192 1838/1587/192
f 1912/1452/88 2047/1577/89 1919/1577/89
f 1739/1563/235 1999/1566/24 1868/1566/24
f 1839/1450/55 2099/1619/47 1843/1590/47
f 1919/1577/89 2051/1581/241 1920/1581/241
f 1742/1567/180 1994/1565/199 1738/1565/199
f 1843/1590/47 2103/1620/48 1847/1595/48
f 1921/1578/53 2046/1576/56 1918/1576/56
f 1740/1568/180 1992/1564/199 1736/1564/199
f 1973/1591/84 2098/1621/85 1970/1589/85
f 1792/1579/53 2044/1604/56 1788/1616/56
f 1737/1597/235 1997/1598/24 1741/1598/24
f 1974/1622/84 2096/1588/85 1968/1588/85
f 1789/1603/89 2049/1605/241 1793/1605/241
f 1744/1569/86 1996/1568/180 1740/1568/180
f 1969/1610/47 2101/1611/48 1975/1611/48
f 1796/1584/49 2048/1579/53 1792/1579/53
f 1741/1598/24 2001/1599/143 1745/1599/143
f 1976/1592/88 2100/1623/84 1974/1622/84
f 1793/1605/241 2053/1606/40 1797/1606/40
f 1746/1570/86 1998/1567/180 1742/1567/180
f 1975/1611/48 2105/1612/57 1977/1624/57
f 1926/1580/49 2050/1625/53 1921/1578/53
f 1868/1566/24 2003/1571/143 1875/1571/143
f 1978/1593/88 2102/1591/84 1973/1591/84
f 1920/1581/241 2055/1626/40 1799/1583/40
f 1875/1571/143 2007/1627/28 1876/1574/28
f 1847/1595/48 2107/1594/57 1979/1594/57
f 1799/1583/40 2059/1582/199 1803/1582/199
f 1748/1573/81 2000/1569/86 1744/1569/86
f 1979/1594/57 2111/1541/56 1855/1541/56
f 1800/1585/235 2052/1584/49 1796/1584/49
f 1745/1599/143 2005/1600/28 1878/1600/28
f 1981/1628/89 2104/1592/88 1976/1592/88
f 1797/1606/40 2057/1607/199 1801/1607/199
f 1879/1572/81 2002/1570/86 1746/1570/86
f 1977/1624/57 2109/1613/56 1982/1629/56
f 1931/1586/235 2054/1580/49 1926/1580/49
f 1752/1539/82 2004/1601/81 1748/1573/81
f 1854/1596/89 2106/1630/88 1978/1593/88
f 1932/1535/24 2056/1585/235 1800/1585/235
f 1878/1600/28 2009/1533/27 1753/1533/27
f 1982/1629/56 2113/1531/53 1984/1531/53
f 1801/1607/199 2061/1530/180 1933/1530/180
f 1754/1529/82 2006/1572/81 1879/1572/81
f 1985/1536/241 2108/1631/89 1981/1628/89
f 1934/1525/24 2058/1586/235 1931/1586/235
f 1876/1574/28 2011/1632/27 1883/1542/27
f 1858/1527/241 2110/1596/89 1854/1596/89
f 1803/1582/199 2063/1540/180 1807/1540/180
f 2120/15/13 2118/1633/1231 2121/1634/1232
f 2118/1633/1233 2119/6/5 2121/1634/1234
f 2120/15/13 2124/1635/1235 2123/104/68
f 2124/1635/1236 2119/6/5 2122/8/7
f 2126/145/92 2124/1635/1235 2127/1636/1237
f 2124/1635/1236 2125/96/63 2127/1636/1238
f 2126/145/92 2130/1637/1239 2129/156/102
f 2130/1637/1240 2125/96/63 2128/111/72
f 2129/156/102 2133/1638/1241 2132/1639/1242
f 2133/1638/1243 2128/111/72 2131/152/97
f 2132/1639/1242 2136/1640/1244 2135/194/119
f 2136/1640/1245 2131/152/97 2134/162/105
f 2138/203/126 2136/1640/1244 2139/1641/1246
f 2136/1640/1245 2137/200/122 2139/1641/1247
f 2138/203/126 2142/1642/1248 2141/245/153
f 2142/1642/1249 2137/200/122 2140/209/130
f 2141/245/153 2145/1643/1250 2144/1644/1251
f 2145/1643/1252 2140/209/130 2143/240/149
f 2144/1644/1251 2148/1645/1253 2147/274/173
f 2148/1645/1254 2143/240/149 2146/250/156
f 2149/280/176 2148/1645/1254 2146/250/156
f 2148/1645/1253 2150/308/198 2147/274/173
f 2150/308/198 2154/1646/1255 2153/346/221
f 2154/1646/1256 2149/280/176 2152/289/182
f 2153/346/221 2157/1647/1257 2156/355/227
f 2157/1647/1258 2152/289/182 2155/327/204
f 2156/355/227 2160/1648/1259 2159/386/248
f 2160/1648/1260 2155/327/204 2158/350/224
f 2159/386/248 2163/1649/1261 2162/395/256
f 2163/1649/1262 2158/350/224 2161/361/231
f 2162/395/256 2166/1650/1263 2165/1651/1264
f 2166/1650/1265 2161/361/231 2164/391/251
f 2168/415/275 2166/1650/1263 2169/1652/1266
f 2166/1650/1265 2167/400/259 2169/1652/1267
f 2171/453/298 2169/1652/1266 2172/1653/1268
f 2169/1652/1267 2170/423/279 2172/1653/1269
f 2171/453/298 2175/1654/1270 2174/464/306
f 2175/1654/1271 2170/423/279 2173/430/285
f 2177/485/321 2175/1654/1270 2178/1655/1272
f 2175/1654/1271 2176/459/302 2178/1655/1273
f 2180/515/340 2178/1655/1272 2181/1656/1274
f 2178/1655/1273 2179/470/310 2181/1656/1275
f 2182/490/325 2181/1656/1275 2179/470/310
f 2181/1656/1274 2183/524/346 2180/515/340
f 2186/1657/362 2184/1658/1276 2187/1659/1277
f 2184/1658/1278 2185/499/333 2187/1659/1279
f 2185/529/333 2190/1660/1280 2187/1661/1279
f 2190/1660/1281 2186/551/362 2187/1661/1277
f 2189/560/370 2193/1662/1282 2192/580/386
f 2190/1660/1280 2191/536/356 2193/1662/1283
f 2195/587/394 2193/1662/1282 2196/1663/1284
f 2193/1662/1283 2194/566/374 2196/1663/1285
f 2198/609/411 2196/1663/1284 2199/1664/1286
f 2196/1663/1285 2197/584/389 2199/1664/1287
f 2198/609/411 2202/1665/1288 2201/617/420
f 2202/1665/1289 2197/584/389 2200/593/398
f 2201/617/420 2205/1666/1290 2204/638/433
f 2205/1666/1291 2200/593/398 2203/613/414
f 2204/638/433 2208/1667/1292 2207/646/440
f 2208/1667/1293 2203/613/414 2206/624/424
f 2210/52/38 2208/1667/1292 2211/1668/1294
f 2208/1667/1293 2209/57/41 2211/1668/1295
f 2116/1669/1296 2211/1668/1294 2118/1633/1231
f 2211/1668/1295 2117/58/42 2118/1633/1233
f 17/2/2 2119/6/5 2117/58/42
f 6/1/1 16/576/1562 17/2/2
f 1595/4/4 1722/4/4 1723/5/4
f 2119/6/5 31/48/37 45/7/6
f 247/12/11 1194/1139/11 1193/13/11
f 18/14/12 2116/1669/1296 2120/15/13
f 1/9/8 11/11/10 12/17/15
f 446/19/17 18/14/12 19/20/18
f 2/18/16 12/17/15 13/22/20
f 187/24/22 1166/476/22 1160/25/22
f 86/27/4 1759/1556/4 1891/28/23
f 146/29/24 145/179/24 1148/30/24
f 4/31/25 14/494/26 15/32/26
f 246/13/11 1193/13/11 1192/34/11
f 295/35/27 1818/35/27 1814/36/28
f 440/37/29 1274/244/29 1268/38/29
f 22/39/30 21/1099/31 35/40/31
f 112/42/32 1893/42/32 1896/43/33
f 23/45/34 22/39/30 36/41/30
f 17/2/2 16/576/1562 30/47/36
f 1516/49/24 1517/50/24 1644/50/24
f 2210/52/38 2116/1669/1296 18/14/12
f 346/55/40 345/56/40 1235/56/40
f 2209/57/41 7/3/3 17/2/2
f 11/11/10 25/54/39 26/59/43
f 18/14/12 32/16/14 33/60/44
f 12/17/15 26/59/43 27/61/45
f 19/20/18 33/60/44 34/62/46
f 379/64/47 1841/64/47 1845/65/48
f 1395/66/49 1458/66/49 1459/67/49
f 15/32/26 14/494/26 28/68/50
f 32/16/14 46/91/60 47/70/51
f 26/59/43 40/97/64 41/71/52
f 245/34/11 1192/34/11 1191/72/11
f 223/73/49 1924/477/49 1922/74/53
f 122/75/32 1141/75/32 1135/76/23
f 29/69/50 28/68/50 42/78/54
f 389/80/47 1255/1171/47 1249/81/55
f 197/83/56 1790/83/56 1786/84/57
f 205/86/29 1176/86/29 1182/87/29
f 31/48/37 30/47/36 44/89/58
f 1594/5/59 1723/5/59 1720/90/59
f 2120/15/13 2123/104/68 46/91/60
f 345/56/40 344/94/40 1234/94/40
f 2122/8/7 45/7/6 59/95/62
f 25/54/39 39/93/61 40/97/64
f 50/98/65 64/124/65 65/99/66
f 44/89/58 58/143/90 59/95/62
f 1543/101/11 1670/101/11 1671/102/11
f 2123/104/68 2126/145/92 60/105/69
f 244/72/11 1191/72/11 1190/108/11
f 2125/96/63 59/95/62 73/110/71
f 40/97/64 39/93/61 53/107/70
f 47/70/51 46/91/60 60/105/69
f 40/97/64 54/112/73 55/114/75
f 48/115/76 47/70/51 61/113/74
f 99/117/77 1890/504/77 1887/118/78
f 1380/120/33 1381/121/33 1444/121/33
f 42/78/54 56/313/79 57/122/79
f 50/98/65 49/1103/80 63/123/80
f 280/125/81 1813/125/81 1817/126/82
f 54/112/73 68/153/98 69/127/83
f 344/94/40 343/160/40 1233/128/40
f 392/129/84 1844/129/84 1840/130/85
f 290/131/81 1213/1150/81 1207/132/86
f 57/122/79 56/313/79 70/134/87
f 121/136/49 120/137/49 1139/137/49
f 182/138/88 1915/635/88 1917/139/89
f 444/140/23 1278/1190/23 1277/141/23
f 58/143/90 72/225/1563 73/110/71
f 1592/144/91 1721/144/91 1722/4/91
f 2126/145/92 2129/156/102 74/146/93
f 374/149/95 1248/1174/95 1254/150/95
f 2128/111/72 73/110/71 87/151/96
f 54/112/73 53/107/70 67/148/94
f 61/113/74 60/105/69 74/146/93
f 73/110/71 72/225/1563 86/27/100
f 1542/103/101 1671/102/101 1668/155/101
f 2129/156/102 2132/1639/1242 88/157/103
f 343/160/40 342/161/40 1232/161/40
f 87/151/96 101/191/118 2134/162/105
f 68/153/98 67/148/94 81/159/104
f 75/154/99 74/146/93 88/157/103
f 69/127/83 68/153/98 82/163/106
f 76/166/109 75/154/99 89/164/107
f 97/168/77 1889/596/77 1756/165/78
f 1394/67/110 1459/67/110 1456/169/110
f 70/134/87 84/214/111 85/119/111
f 77/170/112 91/403/112 92/171/113
f 293/173/27 1944/173/27 1812/174/28
f 78/172/113 92/171/113 93/176/114
f 159/178/95 1154/603/95 1148/30/95
f 156/180/85 1779/1549/85 1783/181/84
f 120/137/49 119/198/49 1138/182/49
f 85/119/111 84/214/111 98/183/116
f 192/184/88 1171/184/88 1165/185/84
f 409/187/57 1851/187/57 1980/188/56
f 443/142/23 1277/141/23 1276/189/23
f 87/151/96 86/27/100 100/28/117
f 1491/192/84 1618/192/84 1619/193/84
f 88/157/103 2132/1639/1242 2135/194/119
f 119/198/49 118/199/49 1137/199/49
f 101/191/118 115/224/141 2137/200/122
f 82/163/106 81/159/104 95/197/121
f 88/157/103 102/195/120 103/202/124
f 83/165/108 82/163/106 96/201/123
f 1592/144/82 1593/90/82 1720/90/82
f 102/195/120 2135/194/119 2138/203/126
f 442/190/23 1276/189/23 1275/207/23
f 2137/200/122 115/224/141 129/208/129
f 96/201/123 95/197/121 109/206/128
f 103/202/124 102/195/120 116/204/127
f 96/201/123 110/210/131 111/212/133
f 104/213/134 103/202/124 117/211/132
f 84/214/4 1886/214/4 1888/183/23
f 1355/215/84 1418/215/84 1419/216/84
f 99/117/116 98/183/116 112/42/135
f 106/219/136 105/1115/1034 119/198/137
f 195/220/56 1916/585/56 1784/221/57
f 107/222/138 106/219/136 120/137/136
f 101/191/118 100/28/117 114/223/140
f 58/143/28 1751/143/28 1755/225/27
f 219/88/77 1182/87/77 1181/226/77
f 112/42/135 126/44/142 127/227/142
f 94/228/4 1129/577/4 1123/229/27
f 267/231/143 1810/231/143 1806/232/24
f 118/199/49 117/211/49 1136/211/49
f 114/223/140 128/339/1564 129/208/129
f 1540/233/144 1669/233/144 1670/101/144
f 2138/203/126 2141/245/153 130/234/145
f 177/237/147 1164/237/147 1170/238/147
f 2140/209/130 129/208/129 143/239/148
f 109/206/128 123/236/146 124/241/150
f 117/211/132 116/204/127 130/234/145
f 110/210/131 124/241/150 125/243/152
f 441/207/23 1275/207/23 1274/244/23
f 2141/245/153 2144/1644/1251 144/246/154
f 218/226/77 1181/226/77 1180/249/77
f 143/239/148 157/273/172 2146/250/156
f 123/236/146 137/248/155 138/251/157
f 131/242/151 130/234/145 144/246/154
f 124/241/150 138/251/157 139/252/159
f 131/242/151 145/179/158 146/29/160
f 169/254/48 1782/254/48 1778/255/47
f 1392/256/161 1457/256/161 1458/66/161
f 127/227/142 126/44/142 140/257/162
f 134/259/163 133/1119/164 147/260/164
f 351/262/11 1833/262/11 1837/263/55
f 135/264/165 134/259/163 148/261/163
f 129/208/129 128/339/1564 142/266/167
f 1490/193/168 1619/193/168 1616/267/168
f 361/268/11 1243/1167/11 1237/269/169
f 140/257/162 154/296/170 155/255/170
f 318/270/89 317/271/89 1223/271/89
f 71/135/82 1882/634/82 1750/122/81
f 217/249/77 1180/249/77 1179/272/77
f 143/239/148 142/266/167 156/180/171
f 1540/233/32 1541/155/32 1668/155/32
f 144/246/154 2144/1644/1251 2147/274/173
f 412/278/147 1262/433/147 1256/279/147
f 157/273/172 171/306/196 2149/280/176
f 137/248/155 151/277/175 152/281/177
f 145/179/158 144/246/154 158/275/174
f 139/252/159 138/251/157 152/281/177
f 317/271/89 316/283/89 1222/283/89
f 252/284/180 1805/284/180 1809/285/86
f 10/286/169 9/287/169 1092/287/169
f 2149/280/176 171/306/196 185/288/181
f 152/281/177 151/277/175 165/290/183
f 159/178/178 158/275/174 172/292/185
f 152/281/177 166/291/184 167/293/187
f 159/178/178 173/26/186 174/294/188
f 154/296/85 1777/296/85 1909/297/84
f 1407/298/4 1470/298/4 1471/299/4
f 154/296/170 168/297/189 169/254/189
f 161/300/190 175/1199/190 176/301/191
f 364/303/192 1836/1551/192 1832/304/33
f 162/302/191 176/301/191 177/237/193
f 157/273/172 156/180/171 170/181/195
f 1488/307/197 1617/307/197 1618/192/197
f 158/275/174 2147/274/173 2150/308/198
f 262/310/180 1201/310/180 1195/311/199
f 56/313/28 1749/313/28 1881/134/27
f 216/272/77 1179/272/77 1178/314/77
f 171/306/196 170/181/195 184/316/200
f 1567/317/53 1694/317/53 1695/318/53
f 2150/308/198 2153/346/221 186/320/201
f 164/323/85 1159/323/85 1153/324/192
f 2152/289/182 185/288/181 199/326/203
f 166/291/184 165/290/183 179/322/202
f 173/26/186 172/292/185 186/320/201
f 166/291/184 180/328/205 181/221/207
f 346/329/208 1236/329/208 1242/330/208
f 265/331/143 1808/1553/143 1804/332/24
f 316/283/89 315/333/89 1221/333/89
f 169/254/189 168/297/189 182/138/209
f 180/328/205 179/322/202 193/334/210
f 186/320/201 200/347/222 201/336/212
f 181/221/207 180/328/205 194/335/211
f 188/337/214 187/24/206 201/336/212
f 128/339/33 1771/1547/33 1775/266/192
f 1354/217/168 1419/216/168 1416/340/168
f 183/85/209 182/138/209 196/139/215
f 190/341/216 189/434/217 203/342/217
f 167/293/48 1780/293/48 1776/344/47
f 190/341/216 204/343/216 205/86/218
f 185/288/181 184/316/200 198/345/220
f 1488/307/47 1489/267/47 1616/267/47
f 2153/346/221 2156/355/227 200/347/222
f 131/242/208 1142/1123/208 1136/211/208
f 2155/327/204 199/326/203 213/349/223
f 30/47/24 1743/47/24 1747/351/143
f 9/287/169 8/352/169 1091/352/169
f 199/326/203 198/345/220 212/353/225
f 1566/319/226 1695/318/226 1692/354/226
f 2156/355/227 2159/386/248 214/356/228
f 93/176/56 92/171/56 1127/171/56
f 2158/350/224 213/349/223 227/360/230
f 193/334/210 207/358/229 208/362/232
f 201/336/212 200/347/222 214/356/228
f 195/220/213 194/335/211 208/362/232
f 416/363/27 1266/363/27 1265/364/27
f 239/366/235 1802/366/235 1798/367/49
f 66/368/28 1117/1107/28 1111/369/143
f 196/139/215 210/558/236 211/371/236
f 315/333/89 314/372/89 1220/372/89
f 215/315/233 214/356/228 228/373/237
f 208/362/232 222/392/252 223/73/239
f 215/315/233 229/374/238 230/375/240
f 141/258/55 1774/258/55 1770/376/11
f 1392/256/241 1393/169/241 1456/169/241
f 211/371/236 210/558/236 224/377/242
f 218/226/243 217/249/1040 231/378/244
f 394/380/84 1846/380/84 1842/381/85
f 219/88/245 218/226/243 232/379/243
f 213/349/223 212/353/225 226/383/247
f 1515/384/180 1642/384/180 1643/385/180
f 2159/386/248 2162/395/256 228/373/237
f 92/171/56 91/403/56 1126/389/56
f 2161/361/231 227/360/230 241/390/250
f 208/362/232 207/358/229 221/388/249
f 149/265/253 1152/1126/253 1158/305/253
f 227/360/230 226/383/247 240/393/254
f 1564/394/255 1693/394/255 1694/317/255
f 2162/395/256 2165/1651/1264 242/396/257
f 415/365/27 1265/364/27 1264/399/27
f 241/390/250 255/413/273 2167/400/259
f 221/388/249 235/398/258 236/401/260
f 229/374/238 228/373/237 242/396/257
f 222/392/252 236/401/260 237/402/262
f 91/403/56 90/167/56 1125/167/56
f 43/79/86 1874/1560/86 1869/69/180
f 414/399/27 1264/399/27 1263/404/27
f 224/377/242 238/405/263 239/366/263
f 191/238/82 1170/238/82 1169/341/82
f 224/377/40 1925/377/40 1930/405/199
f 236/401/260 250/424/280 251/332/264
f 244/72/265 243/109/261 257/406/266
f 69/127/82 1880/1561/82 1877/114/81
f 1406/299/59 1471/299/59 1468/408/59
f 238/405/263 252/284/267 253/232/267
f 246/13/268 245/34/269 259/409/269
f 126/44/33 1896/43/33 1901/257/192
f 247/12/270 246/13/268 260/410/268
f 241/390/250 240/393/254 254/412/272
f 1514/385/274 1643/385/274 1640/414/274
f 242/396/257 2165/1651/1264 2168/415/275
f 384/419/253 1250/572/253 1244/420/253
f 2167/400/259 255/413/273 269/422/278
f 235/398/258 249/418/277 250/424/280
f 242/396/257 256/416/276 257/406/266
f 255/413/273 254/412/272 268/425/281
f 1564/394/89 1565/354/89 1692/354/89
f 2168/415/275 2171/453/298 270/426/282
f 90/167/56 89/164/56 1124/164/56
f 2170/423/279 269/422/278 283/429/284
f 250/424/280 249/418/277 263/428/283
f 256/416/276 270/426/282 271/432/287
f 251/332/264 250/424/280 264/431/286
f 413/404/27 1263/404/27 1262/433/27
f 15/32/199 1866/32/199 1867/33/40
f 190/341/82 1169/341/82 1168/434/82
f 253/232/267 252/284/267 266/285/289
f 234/435/40 1189/1136/40 1183/436/241
f 381/438/47 1971/438/47 1972/439/48
f 189/434/82 1168/434/82 1167/337/82
f 271/432/287 285/461/304 286/440/290
f 336/442/32 1959/1670/32 1952/443/23
f 1352/445/197 1417/445/197 1418/215/197
f 267/231/289 266/285/289 280/125/291
f 273/446/292 287/478/292 288/447/293
f 28/68/24 1871/68/24 1873/78/143
f 274/448/293 288/447/293 289/449/294
f 269/422/278 268/425/281 282/451/296
f 1512/452/297 1641/452/297 1642/384/297
f 2171/453/298 2174/464/306 284/454/299
f 136/457/33 1147/1120/33 1141/75/32
f 2173/430/285 283/429/284 297/458/301
f 264/431/286 263/428/283 277/456/300
f 271/432/287 270/426/282 284/454/299
f 265/331/288 264/431/286 278/460/303
f 1591/462/27 1718/462/27 1719/463/27
f 2174/464/306 2177/485/321 298/465/307
f 318/270/255 1224/270/255 1230/468/255
f 2176/459/302 297/458/301 312/469/309
f 277/456/300 291/467/308 292/471/311
f 285/461/304 284/454/299 298/465/307
f 279/175/305 278/460/303 292/471/311
f 38/473/24 1104/1102/24 1105/474/235
f 100/28/23 1891/28/23 1895/223/32
f 289/449/84 288/447/84 1211/447/84
f 280/125/291 294/126/314 295/35/314
f 188/337/82 1167/337/82 1166/476/82
f 237/402/235 1929/402/235 1924/477/49
f 288/447/84 287/478/84 1210/478/84
f 283/429/284 282/451/296 296/479/315
f 1367/480/180 1430/480/180 1431/481/180
f 294/126/314 309/1543/316 310/482/316
f 302/483/317 301/1203/318 316/283/318
f 139/252/55 1900/1559/55 1897/243/11
f 303/484/319 302/483/317 317/271/317
f 296/479/315 311/1548/1565 312/469/309
f 1512/452/235 1513/414/235 1640/414/235
f 2177/485/321 2180/515/340 313/486/322
f 65/99/48 64/124/48 1115/124/48
f 2179/470/310 312/469/309 326/489/324
f 291/467/308 306/488/323 307/491/326
f 299/472/312 298/465/307 313/486/322
f 292/471/311 307/491/326 308/492/328
f 299/472/312 314/372/327 315/333/329
f 4/31/49 1865/31/49 1864/494/235
f 121/136/331 1140/136/331 1146/497/331
f 2182/490/325 326/489/324 340/498/332
f 307/491/326 306/488/323 320/496/330
f 314/372/327 313/486/322 327/501/335
f 308/492/328 307/491/326 321/500/334
f 388/150/143 1254/150/143 1253/503/143
f 113/218/169 1894/218/169 1890/504/77
f 287/478/84 286/440/84 1209/505/84
f 310/482/316 309/1543/316 323/506/338
f 356/508/331 1238/1206/331 1232/509/331
f 366/510/192 1965/1557/192 1962/511/33
f 64/124/48 63/123/48 1114/512/48
f 312/469/309 311/1548/1565 325/513/339
f 1590/463/147 1719/463/147 1716/514/147
f 2180/515/340 2183/524/346 327/501/335
f 324/507/338 323/506/338 337/516/341
f 330/518/342 344/94/1048 345/56/343
f 13/22/199 1862/22/199 1863/520/40
f 332/468/344 331/519/343 345/56/343
f 325/513/339 339/628/1566 340/498/332
f 1539/521/169 1666/521/169 1667/522/169
f 2183/524/346 2186/1657/362 341/525/347
f 387/503/143 1253/503/143 1252/528/143
f 2185/529/333 340/549/332 354/530/349
f 320/496/330 334/527/348 335/532/351
f 328/502/336 327/501/335 341/525/347
f 321/500/334 335/532/351 336/442/353
f 328/502/336 342/161/352 343/160/354
f 254/412/180 1935/1550/180 1936/425/86
f 1404/534/91 1469/629/91 1470/298/91
f 2188/531/350 354/530/349 368/535/355
f 334/537/348 348/554/364 349/538/357
f 341/540/347 355/552/363 356/508/358
f 335/539/351 349/538/357 350/304/359
f 286/440/84 285/461/84 1208/542/84
f 41/71/86 1872/71/86 1870/543/180
f 63/123/48 62/116/48 1113/116/48
f 337/544/341 351/262/360 352/511/360
f 386/528/143 1252/528/143 1251/546/143
f 353/547/11 1963/547/11 1964/548/55
f 19/20/144 1094/1194/144 1281/21/144
f 340/549/332 339/1552/1566 353/547/361
f 1588/550/22 1717/550/22 1718/462/22
f 2186/551/362 2189/560/370 355/552/363
f 163/305/86 1158/305/86 1157/302/86
f 359/555/365 358/642/366 372/556/366
f 196/139/89 1917/139/89 1923/558/241
f 359/555/365 373/557/365 374/149/367
f 353/547/361 367/548/1567 368/535/355
f 1538/523/369 1667/522/369 1664/559/369
f 2189/560/370 2192/580/386 369/561/371
f 62/116/48 61/113/48 1112/564/48
f 2191/536/356 368/535/355 382/565/373
f 349/538/357 348/554/364 362/563/372
f 356/508/358 355/552/363 369/561/371
f 350/304/359 349/538/357 363/567/375
f 356/508/358 370/421/376 371/568/378
f 98/183/23 1888/183/23 1893/42/32
f 1352/445/47 1353/340/47 1416/340/47
f 351/262/360 365/263/379 366/510/379
f 362/563/372 376/582/387 377/570/380
f 370/421/376 369/561/371 383/571/381
f 363/567/375 377/570/380 378/130/383
f 385/546/143 1251/546/143 1250/572/143
f 308/492/4 1951/492/4 1944/173/27
f 206/573/89 1177/1132/89 1171/184/88
f 366/510/379 365/263/379 379/64/384
f 162/302/86 1157/302/86 1156/574/86
f 6/1/49 1860/1/49 1861/575/235
f 108/77/23 1135/76/23 1129/577/4
f 368/535/355 367/548/1567 381/438/385
f 1487/578/85 1614/578/85 1615/579/85
f 2192/580/386 2195/587/394 383/571/381
f 161/300/86 1156/574/86 1155/295/86
f 2194/566/374 382/565/373 396/583/388
f 209/74/53 1922/74/53 1916/585/56
f 387/503/390 401/599/390 402/586/391
f 382/565/373 381/438/385 395/439/393
f 1588/550/81 1589/514/81 1716/514/81
f 2195/587/394 2198/609/411 397/588/395
f 261/411/192 260/410/192 1199/410/192
f 2197/584/389 396/583/388 410/592/397
f 377/570/380 376/582/387 390/590/396
f 384/419/382 383/571/381 397/588/395
f 378/130/383 377/570/380 391/594/399
f 384/419/382 398/279/400 399/595/402
f 111/212/169 1892/212/169 1889/596/77
f 1366/481/274 1431/481/274 1428/597/274
f 380/381/384 379/64/384 393/65/403
f 387/503/390 386/528/404 400/598/404
f 398/279/400 397/588/395 411/600/405
f 391/594/399 405/614/415 406/601/407
f 448/602/101 1282/1100/101 1098/45/101
f 226/383/40 1927/383/40 1928/393/199
f 160/295/86 1155/295/86 1154/603/86
f 393/65/403 407/1545/408 408/604/408
f 93/176/226 1128/359/226 1134/222/226
f 423/188/56 1980/188/56 1987/605/53
f 260/410/192 259/409/192 1198/607/192
f 396/583/388 395/439/393 409/187/409
f 1536/608/410 1665/608/410 1666/521/410
f 2198/609/411 2201/617/420 411/600/405
f 328/502/226 1226/1205/226 1220/372/226
f 2200/593/398 410/592/397 424/612/413
f 390/590/396 404/611/412 405/614/415
f 415/365/416 429/633/416 430/615/417
f 409/187/409 423/188/432 424/612/413
f 1486/579/419 1615/579/419 1612/616/419
f 2201/617/420 2204/638/433 425/618/421
f 449/621/49 24/474/235 1105/474/235
f 2203/613/414 424/612/413 438/623/423
f 405/614/415 404/611/412 418/620/422
f 412/278/406 411/600/405 425/618/421
f 406/601/407 405/614/415 419/625/425
f 412/278/406 426/38/426 427/627/428
f 325/513/77 1955/513/77 1958/628/169
f 1404/534/82 1405/408/82 1468/408/82
f 408/604/408 407/1545/408 421/630/429
f 415/365/416 414/399/430 428/632/430
f 85/119/78 1887/118/78 1882/634/82
f 37/46/55 36/41/55 1102/41/55
f 168/297/84 1909/297/84 1915/635/88
f 360/330/235 1242/330/235 1241/555/235
f 422/631/429 421/630/429 435/636/431
f 259/409/192 258/407/192 1197/407/192
f 436/637/241 1986/637/241 1983/631/89
f 36/41/55 35/40/55 1101/40/55
f 423/188/432 437/606/1568 438/623/423
f 1536/608/23 1537/559/23 1664/559/23
f 2204/638/433 2207/646/440 439/639/434
f 359/555/235 1241/555/235 1240/642/235
f 2206/624/424 438/623/423 7/3/3
f 418/620/422 432/641/435 433/643/436
f 426/38/426 425/618/421 439/639/434
f 419/625/425 433/643/436 434/644/438
f 1484/645/439 1613/645/439 1614/578/439
f 2207/646/440 2210/52/38 446/19/17
f 258/407/192 257/406/192 1196/406/192
f 433/643/436 432/641/435 1/9/8
f 439/639/434 446/19/17 447/21/19
f 434/644/438 433/643/436 2/18/16
f 440/37/437 447/21/19 8/352/441
f 70/134/27 1881/134/27 1886/214/4
f 1364/648/297 1429/648/297 1430/480/297
f 436/637/431 435/636/431 4/31/25
f 442/190/442 9/287/1054 10/286/443
f 323/506/77 1953/506/77 1957/516/169
f 443/142/443 10/286/443 448/602/444
f 438/623/423 437/606/1568 6/1/1
f 697/649/446 682/761/532 1080/650/447
f 488/652/449 1031/771/538 1032/653/450
f 756/655/452 456/731/453 768/656/453
f 591/658/454 599/767/455 702/659/455
f 669/661/456 1079/1087/460 1088/662/457
f 528/664/457 1038/1070/849 1041/665/459
f 742/667/461 727/1091/547 1047/668/462
f 575/670/464 716/714/464 718/671/465
f 651/673/466 674/751/466 684/674/467
f 503/676/468 758/700/468 760/677/469
f 745/679/470 743/930/660 1083/680/471
f 633/682/473 624/1089/517 1039/683/474
f 576/685/476 568/1092/492 1051/686/477
f 472/688/479 1029/791/550 1027/689/480
f 765/691/482 1062/753/528 1030/692/483
f 741/694/485 756/655/452 644/657/452
f 559/696/486 728/730/486 730/697/487
f 511/699/488 748/798/488 758/700/468
f 487/701/489 762/847/489 764/702/490
f 653/704/491 643/772/539 1086/705/476
f 512/707/493 1034/1078/845 1035/708/494
f 766/710/496 763/728/511 1028/711/497
f 583/713/499 714/797/499 716/714/464
f 543/715/500 732/758/500 734/716/501
f 552/718/502 1045/1081/844 1048/719/503
f 712/721/505 697/649/446 1070/651/448
f 496/654/451 1032/653/450 1033/723/507
f 471/725/509 767/757/509 770/726/510
f 763/728/511 761/735/516 1077/729/512
f 559/696/486 567/672/465 718/671/465
f 463/727/510 770/726/510 768/656/453
f 657/732/513 1050/1080/502 1071/733/514
f 761/735/516 759/945/680 1084/736/517
f 536/666/460 1041/665/459 1043/737/518
f 527/739/519 744/770/519 746/740/520
f 696/742/521 668/769/521 670/743/522
f 623/745/523 632/855/524 686/746/524
f 623/745/523 688/747/523 698/748/525
f 651/673/466 666/799/526 672/750/526
f 757/752/527 1087/1074/850 1062/753/528
f 731/754/529 729/910/639 1089/755/530
f 479/703/490 764/702/490 767/757/509
f 551/698/487 730/697/487 732/758/500
f 726/759/531 741/694/485 654/695/485
f 682/761/532 667/1093/471 1081/762/533
f 616/763/512 608/1090/846 1058/764/534
f 607/766/536 700/816/536 702/659/455
f 696/742/521 711/823/537 658/768/537
f 535/717/501 734/716/501 744/770/519
f 480/690/481 1027/689/480 1031/771/538
f 643/772/539 642/875/596 1063/773/540
f 653/704/491 1074/706/492 1046/774/504
f 652/776/472 641/1095/843 1065/777/542
f 703/779/544 1090/796/553 1076/780/482
f 719/782/546 717/900/629 1059/783/461
f 793/785/548 922/974/548 919/786/548
f 774/788/549 901/810/549 902/789/549
f 464/693/484 1030/692/483 1029/791/550
f 844/792/551 971/975/551 972/793/551
f 701/795/552 1078/1073/851 1090/796/553
f 583/713/499 591/658/454 704/660/454
f 511/699/488 519/741/520 746/740/520
f 666/799/526 681/744/522 670/743/522
f 794/800/554 791/808/554 920/801/554
f 773/790/555 902/789/555 899/803/555
f 869/805/556 870/818/556 997/806/556
f 792/787/557 919/786/557 920/801/557
f 771/809/558 900/817/558 901/810/558
f 868/811/559 869/805/559 998/807/559
f 817/813/560 818/825/560 945/814/560
f 607/766/536 615/749/525 698/748/525
f 771/809/561 772/804/561 899/803/561
f 870/818/562 867/822/562 996/819/562
f 816/820/563 817/813/563 946/815/563
f 868/811/564 995/812/564 996/819/565
f 711/823/537 726/759/531 656/760/531
f 815/824/566 944/829/566 945/814/566
f 894/826/567 1021/836/567 1022/827/567
f 815/824/568 816/820/568 943/821/568
f 893/828/569 1022/827/569 1019/830/569
f 842/832/570 969/844/570 970/833/570
f 894/826/571 891/842/571 1020/835/571
f 841/834/572 970/833/572 967/837/572
f 790/839/573 917/850/573 918/840/573
f 892/831/574 1019/830/574 1020/835/574
f 842/832/575 839/848/575 968/843/575
f 789/841/576 918/840/576 915/845/576
f 487/701/489 495/678/469 760/677/469
f 840/838/577 967/837/577 968/843/577
f 787/849/578 916/854/578 917/850/578
f 866/851/579 993/862/579 994/852/579
f 787/849/580 788/846/580 915/845/580
f 640/675/467 684/674/467 686/746/524
f 865/853/581 994/852/581 991/856/581
f 814/858/582 941/1064/582 942/859/582
f 863/861/583 992/1065/583 993/862/583
f 654/695/584 772/804/585 771/809/585
f 644/657/586 773/790/587 772/804/585
f 644/657/586 643/772/539 774/788/587
f 643/772/539 653/704/491 771/809/585
f 656/760/588 776/864/589 775/863/589
f 654/695/584 777/866/589 776/864/589
f 654/695/584 653/704/491 778/865/590
f 653/704/491 655/775/541 775/863/589
f 658/768/591 780/868/592 779/867/592
f 656/760/588 781/870/592 780/868/592
f 656/760/588 655/775/541 782/869/592
f 657/732/513 779/867/592 782/869/592
f 644/657/586 784/872/593 783/871/593
f 768/656/594 785/874/595 784/872/593
f 768/656/594 642/875/596 786/873/593
f 642/875/596 643/772/539 783/871/593
f 670/743/597 788/846/598 787/849/598
f 668/769/599 789/841/601 788/846/598
f 668/769/599 659/734/515 790/839/600
f 669/661/456 787/849/598 790/839/600
f 672/750/602 792/787/603 791/808/603
f 670/743/597 793/785/604 792/787/603
f 670/743/597 669/661/456 794/800/604
f 671/663/458 791/808/603 794/800/604
f 674/751/605 796/879/608 795/876/606
f 674/751/605 672/750/602 797/878/608
f 672/750/602 671/663/458 798/880/608
f 673/877/607 795/876/606 798/880/608
f 684/674/609 800/883/610 799/881/610
f 674/751/605 801/885/610 800/883/610
f 674/751/605 673/877/607 802/884/612
f 683/882/611 799/881/610 802/884/612
f 686/746/613 804/888/616 803/886/614
f 684/674/609 805/890/614 804/888/616
f 684/674/609 683/882/611 806/889/614
f 685/887/615 803/886/614 806/889/614
f 688/747/617 808/894/621 807/891/618
f 688/747/617 686/746/613 809/893/620
f 686/746/613 685/887/615 810/895/621
f 685/887/615 687/892/619 807/891/618
f 698/748/622 812/898/623 811/896/623
f 698/748/622 688/747/617 813/860/623
f 688/747/617 687/892/619 814/858/623
f 687/892/619 689/897/624 811/896/623
f 668/769/599 816/820/626 815/824/625
f 658/768/591 817/813/626 816/820/626
f 658/768/591 657/732/513 818/825/625
f 657/732/513 659/734/515 815/824/625
f 718/671/627 820/902/630 819/899/628
f 718/671/627 716/714/631 821/901/630
f 716/714/631 715/904/632 822/903/628
f 717/900/629 819/899/628 822/903/628
f 728/730/633 824/906/635 823/905/634
f 718/671/627 825/908/634 824/906/635
f 718/671/627 717/900/629 826/907/636
f 719/782/546 823/905/634 826/907/636
f 730/697/637 828/912/638 827/909/638
f 730/697/637 728/730/633 829/911/640
f 728/730/633 719/782/546 830/913/640
f 719/782/546 729/910/639 827/909/638
f 700/816/641 832/916/644 831/914/642
f 698/748/622 833/918/644 832/916/644
f 698/748/622 689/897/624 834/917/642
f 689/897/624 699/915/643 831/914/642
f 702/659/645 836/920/646 835/919/646
f 700/816/641 837/922/647 836/920/646
f 700/816/641 699/915/643 838/921/647
f 701/795/552 835/919/646 838/921/647
f 704/660/648 840/838/649 839/848/649
f 702/659/645 841/834/650 840/838/649
f 702/659/645 701/795/552 842/832/650
f 703/779/544 839/848/649 842/832/650
f 714/797/651 844/792/654 843/794/652
f 714/797/651 704/660/648 845/923/653
f 704/660/648 703/779/544 846/924/652
f 713/781/545 843/794/652 846/924/652
f 716/714/631 848/926/656 847/925/655
f 714/797/651 849/928/657 848/926/656
f 714/797/651 713/781/545 850/927/655
f 715/904/632 847/925/655 850/927/655
f 744/770/658 852/932/659 851/929/659
f 744/770/658 734/716/661 853/931/659
f 734/716/661 733/934/663 854/933/662
f 743/930/660 851/929/659 854/933/662
f 746/740/664 856/937/667 855/935/665
f 746/740/664 744/770/658 857/936/666
f 744/770/658 743/930/660 858/938/668
f 745/679/470 855/935/665 858/938/668
f 748/798/669 860/941/672 859/939/670
f 746/740/664 861/943/673 860/941/672
f 746/740/664 745/679/470 862/942/670
f 747/940/671 859/939/670 862/942/670
f 758/700/674 864/857/675 863/861/675
f 758/700/674 748/798/669 865/853/675
f 748/798/669 747/940/671 866/851/677
f 749/944/676 863/861/675 866/851/677
f 760/677/678 868/811/681 867/822/679
f 760/677/678 758/700/674 869/805/679
f 758/700/674 749/944/676 870/818/682
f 759/945/680 867/822/679 870/818/682
f 762/847/683 872/948/684 871/946/684
f 762/847/683 760/677/678 873/947/685
f 760/677/678 759/945/680 874/949/684
f 761/735/516 871/946/684 874/949/684
f 732/758/686 876/952/688 875/950/687
f 732/758/686 730/697/637 877/951/688
f 730/697/637 729/910/639 878/953/687
f 729/910/639 731/754/529 875/950/687
f 734/716/661 880/956/689 879/954/689
f 734/716/661 732/758/686 881/955/690
f 732/758/686 731/754/529 882/957/691
f 733/934/663 879/954/689 882/957/691
f 770/726/692 884/961/695 883/958/693
f 770/726/692 767/757/696 885/960/693
f 767/757/696 766/710/496 886/962/695
f 766/710/496 769/959/694 883/958/693
f 768/656/594 888/965/698 887/963/697
f 768/656/594 770/726/692 889/964/698
f 770/726/692 769/959/694 890/966/697
f 769/959/694 642/875/596 887/963/697
f 764/702/699 892/831/701 891/842/700
f 762/847/683 893/828/700 892/831/701
f 762/847/683 761/735/516 894/826/700
f 761/735/516 763/728/511 891/842/700
f 767/757/696 896/968/703 895/967/702
f 764/702/699 897/970/702 896/968/703
f 764/702/699 763/728/511 898/969/702
f 766/710/496 895/967/702 898/969/702
f 846/924/704 843/794/704 972/793/704
f 895/967/705 896/968/705 1023/972/705
f 794/800/706 921/802/706 922/974/706
f 845/923/707 974/977/707 971/975/707
f 898/969/708 895/967/708 1024/973/708
f 846/924/709 973/971/709 974/977/709
f 896/968/710 897/970/710 1026/978/710
f 820/902/711 947/983/711 948/979/711
f 897/970/712 898/969/1569 1025/976/712
f 819/899/713 948/979/713 949/980/713
f 871/946/714 872/948/714 999/981/714
f 821/901/715 950/985/715 947/983/715
f 874/949/716 871/946/716 1000/982/716
f 822/903/717 949/980/717 950/985/717
f 872/948/718 873/947/718 1002/986/718
f 795/876/719 796/879/719 923/987/719
f 873/947/720 874/949/720 1001/984/720
f 798/880/721 795/876/721 924/988/721
f 847/925/722 848/926/722 975/990/722
f 797/878/723 926/993/723 923/987/723
f 850/927/724 847/925/724 976/991/724
f 797/878/725 798/880/725 925/989/725
f 849/928/726 978/994/726 975/990/726
f 850/927/727 977/992/727 978/994/727
f 824/906/728 951/998/728 952/995/728
f 826/907/729 823/905/729 952/995/729
f 876/952/730 1003/1001/730 1004/997/730
f 825/908/731 954/1000/731 951/998/731
f 878/953/732 875/950/732 1004/997/732
f 825/908/733 826/907/734 953/996/734
f 877/951/735 1006/1003/735 1003/1001/735
f 800/883/736 927/1006/736 928/1002/736
f 877/951/737 878/953/737 1005/999/737
f 802/884/738 799/881/738 928/1002/738
f 852/932/739 979/1009/739 980/1005/739
f 801/885/740 930/1008/740 927/1006/740
f 854/933/741 851/929/741 980/1005/741
f 802/884/742 929/1004/742 930/1008/742
f 853/931/743 982/1012/743 979/1009/743
f 775/863/744 776/864/744 903/1010/744
f 853/931/746 854/933/746 981/1007/746
f 775/863/747 904/1011/747 905/1013/747
f 828/912/748 955/1018/748 956/1014/748
f 776/864/749 777/866/749 906/1015/749
f 830/913/750 827/909/750 956/1014/750
f 880/956/751 1007/1022/751 1008/1017/752
f 778/865/753 905/1013/753 906/1015/753
f 829/911/754 958/1020/754 955/1018/754
f 882/957/755 879/954/755 1008/1017/755
f 829/911/756 830/913/756 957/1016/756
f 880/956/757 881/955/757 1010/1021/757
f 803/886/758 804/888/758 931/1023/758
f 882/957/760 1009/1019/1570 1010/1021/760
f 806/889/761 803/886/761 932/1024/761
f 855/935/762 856/937/762 983/1026/762
f 805/890/763 934/1029/763 931/1023/763
f 858/938/764 855/935/764 984/1027/764
f 805/890/765 806/889/765 933/1025/765
f 857/936/766 986/1031/766 983/1026/766
f 780/868/767 907/1036/767 908/1030/767
f 858/938/768 985/1028/768 986/1031/768
f 779/867/769 908/1030/769 909/1032/769
f 831/914/770 832/916/771 959/1033/771
f 780/868/773 781/870/773 910/1035/773
f 831/914/774 960/1034/774 961/1037/774
f 883/958/775 884/961/775 1011/1038/775
f 781/870/776 782/869/776 909/1032/776
f 833/918/777 962/1041/777 959/1033/777
f 883/958/778 1012/1039/778 1013/1040/778
f 833/918/779 834/917/779 961/1037/779
f 885/960/780 1014/1043/780 1011/1038/780
f 808/894/781 935/1047/781 936/1042/781
f 886/962/782 1013/1040/782 1014/1043/782
f 807/891/783 936/1042/783 937/1044/783
f 859/939/784 860/941/784 987/1045/784
f 809/893/785 938/1049/785 935/1047/785
f 862/942/786 859/939/786 988/1046/786
f 809/893/787 810/895/787 937/1044/787
f 861/943/789 990/1052/789 987/1045/789
f 783/871/790 784/872/791 911/1050/791
f 862/942/792 989/1048/792 990/1052/792
f 786/873/793 783/871/793 912/1051/793
f 835/919/794 836/920/794 963/1054/794
f 784/872/795 785/874/795 914/1056/795
f 835/919/796 964/1055/796 965/1057/796
f 887/963/797 888/965/797 1015/1058/797
f 786/873/798 913/1053/798 914/1056/798
f 837/922/799 966/1061/799 963/1054/799
f 890/966/800 887/963/800 1016/1059/800
f 838/921/801 965/1057/801 966/1061/801
f 889/964/802 1018/1063/802 1015/1058/802
f 812/898/803 939/1066/803 940/1062/803
f 890/966/804 1017/1060/804 1018/1063/804
f 811/896/805 940/1062/805 941/1064/805
f 863/861/806 864/857/806 991/856/806
f 813/860/807 942/859/807 939/1066/807
f 1052/687/808 1051/686/809 1059/783/809
f 1072/778/810 1065/777/811 1082/1068/811
f 1035/708/812 1069/681/812 1083/680/813
f 1033/723/814 1032/653/815 1084/736/815
f 1057/1072/816 1055/1085/817 1090/796/817
f 1087/1074/818 1073/669/819 1074/706/819
f 1072/778/810 1075/1069/810 1088/662/820
f 1048/719/821 1045/1081/822 1089/755/822
f 1053/1075/823 1052/687/808 1085/1067/808
f 1027/689/824 1028/711/824 1077/729/825
f 1037/684/826 1039/683/827 1040/1076/827
f 1034/1078/828 1033/723/814 1044/1071/814
f 1047/668/829 1049/722/830 1050/1080/830
f 1031/771/825 1077/729/825 1084/736/815
f 1065/777/811 1037/684/826 1036/1077/826
f 1041/665/831 1056/1082/831 1054/756/832
f 1027/689/824 1029/791/833 1064/712/833
f 1080/650/834 1079/1087/834 1071/733/835
f 1073/669/819 1047/668/829 1046/774/829
f 1045/1081/822 1043/737/832 1054/756/832
f 1038/1070/813 1083/680/813 1056/1082/831
f 1051/686/809 1048/719/821 1061/784/821
f 1057/1072/816 1078/1073/816 1068/1083/836
f 1049/722/830 1070/651/835 1071/733/835
f 1062/753/837 1087/1074/818 1086/705/818
f 1058/764/836 1068/1083/836 1067/1084/838
f 1053/1075/823 1076/780/823 1090/796/817
f 1030/692/839 1062/753/837 1063/773/837
f 1035/708/812 1034/1078/828 1042/1079/828
f 1060/765/838 1067/1084/838 1040/1076/827
f 1029/791/833 1030/692/839 1066/1086/839
f 1081/762/820 1088/662/820 1079/1087/834
f 715/904/632 1085/1067/527 1059/783/461
f 592/1088/840 584/1094/540 1053/1075/841
f 747/940/671 745/679/470 1069/681/472
f 544/738/514 1043/737/518 1045/1081/844
f 713/781/545 1076/780/482 1085/1067/527
f 504/724/508 1033/723/507 1034/1078/845
f 624/1089/517 616/763/512 1060/765/535
f 608/1090/846 600/1096/498 1057/1072/847
f 727/1091/547 712/721/505 1049/722/506
f 655/775/541 1046/774/504 1050/1080/502
f 642/875/596 769/959/694 1066/1086/848
f 733/934/663 731/754/529 1054/756/446
f 560/720/504 1048/719/503 1051/686/477
f 749/944/676 747/940/671 1042/1079/843
f 671/663/458 1088/662/457 1075/1069/495
f 729/910/639 719/782/546 1061/784/547
f 520/709/495 1035/708/494 1038/1070/849
f 759/945/680 749/944/676 1044/1071/473
f 687/892/619 1040/1076/451 1067/1084/449
f 673/877/607 1075/1069/495 1082/1068/493
f 659/734/515 1071/733/514 1079/1087/460
f 667/1093/471 652/776/472 1072/778/543
f 742/667/461 1073/669/463 1087/1074/850
f 769/959/694 766/710/496 1064/712/498
f 584/1094/540 576/685/476 1052/687/478
f 689/897/624 1067/1084/449 1068/1083/481
f 683/882/611 1082/1068/493 1036/1077/508
f 699/915/643 1068/1083/481 1078/1073/851
f 641/1095/843 633/682/473 1037/684/475
f 743/930/660 733/934/663 1056/1082/532
f 685/887/615 1036/1077/508 1040/1076/451
f 600/1096/498 592/1088/840 1055/1085/842
f 1104/1102/860 1285/1097/853 1105/474/852
f 1285/1097/853 1317/1209/1000 1284/1098/854
f 1281/21/855 1094/1194/855 1095/63/856
f 1091/352/856 1095/63/856 1096/1099/857
f 1092/287/857 1096/1099/857 1097/39/858
f 1093/286/858 1097/39/858 1098/45/859
f 1111/369/861 1286/1864/868 1285/1101/853
f 1286/1864/868 1318/1211/1001 1285/1101/853
f 1099/60/862 1106/1196/862 1107/115/863
f 1101/40/864 1100/62/863 1107/115/863
f 1102/41/865 1101/40/864 1108/1103/864
f 1103/46/866 1102/41/865 1109/98/865
f 1117/1107/869 1287/1104/867 1111/369/861
f 1287/1104/867 1319/1213/1002 1286/1105/868
f 1123/229/870 1288/1865/877 1287/1106/867
f 1288/1865/877 1320/1215/1003 1287/1106/867
f 1113/116/871 1112/564/872 1118/1108/872
f 1113/116/871 1119/1109/871 1120/1110/873
f 1115/124/874 1114/512/873 1120/1110/873
f 1116/99/875 1115/124/874 1121/172/874
f 1129/577/878 1289/1112/876 1123/229/870
f 1289/1112/876 1321/1217/1004 1288/1113/877
f 1135/76/879 1290/1866/885 1289/1114/876
f 1290/1866/885 1322/1219/1005 1289/1114/876
f 1124/164/880 1130/1204/880 1131/213/881
f 1125/167/881 1131/213/881 1132/1115/882
f 1127/171/883 1126/389/882 1132/1115/882
f 1128/359/884 1127/171/883 1133/219/883
f 1141/75/886 1291/1867/888 1290/1116/885
f 1291/1867/888 1323/1221/1006 1290/1116/885
f 1147/1120/893 1292/1117/887 1141/75/886
f 1292/1117/887 1324/1223/1007 1291/1118/888
f 1137/199/889 1143/1124/889 1144/1119/890
f 1139/137/891 1138/182/890 1144/1119/890
f 1140/136/892 1139/137/891 1145/259/891
f 1153/324/896 1293/1121/894 1147/1120/893
f 1293/1121/894 1325/1225/1008 1292/1122/887
f 1137/199/889 1136/211/895 1142/1123/895
f 1159/323/897 1294/1868/903 1293/1125/894
f 1294/1868/903 1326/1227/1009 1293/1125/894
f 1150/260/898 1149/29/899 1155/295/899
f 1150/260/898 1156/574/898 1157/302/900
f 1151/261/900 1157/302/900 1158/305/901
f 1165/185/905 1295/1127/902 1159/323/897
f 1295/1127/902 1327/1229/1010 1294/1128/903
f 1148/30/904 1154/603/904 1155/295/899
f 1171/184/910 1296/1129/906 1165/185/905
f 1296/1129/906 1328/1231/1011 1295/1130/902
f 1163/301/907 1162/1133/908 1168/434/908
f 1164/237/909 1163/301/907 1169/341/907
f 1177/1132/911 1297/1869/914 1296/1131/906
f 1297/1869/914 1329/1233/1012 1296/1131/906
f 1160/25/912 1166/476/912 1167/337/913
f 1161/294/913 1167/337/913 1168/434/908
f 1183/436/915 1298/1870/918 1297/1134/914
f 1298/1870/918 1330/1235/1013 1297/1134/914
f 1175/343/916 1181/226/916 1182/87/917
f 1189/1136/919 1299/1871/924 1298/1135/918
f 1299/1871/924 1331/1237/1014 1298/1135/918
f 1173/338/920 1172/1198/921 1178/314/921
f 1174/342/922 1173/338/920 1179/272/920
f 1175/343/916 1174/342/922 1180/249/922
f 1195/311/927 1300/1137/923 1189/1136/919
f 1300/1137/923 1332/1239/1015 1299/1138/924
f 1188/382/925 1187/379/926 1193/13/926
f 1201/310/932 1301/1140/928 1195/311/927
f 1301/1140/928 1333/1241/1016 1300/1141/923
f 1184/374/929 1190/108/929 1191/72/930
f 1186/1142/931 1185/375/930 1191/72/930
f 1187/379/926 1186/1142/931 1192/34/931
f 1207/132/933 1302/1872/935 1301/1143/928
f 1302/1872/935 1334/1243/1017 1301/1143/928
f 1213/1150/941 1303/1144/934 1207/132/933
f 1303/1144/934 1335/1245/1018 1302/1145/935
f 1197/407/936 1196/406/937 1202/1146/937
f 1197/407/936 1203/1147/936 1204/1148/938
f 1199/410/939 1198/607/938 1204/1148/938
f 1199/410/939 1205/448/939 1206/450/940
f 1219/1151/942 1304/1873/944 1303/1149/934
f 1304/1873/944 1336/1247/1019 1303/1149/934
f 1225/1157/950 1305/1152/943 1219/1151/942
f 1305/1152/943 1337/1249/1020 1304/1153/944
f 1208/542/945 1214/1202/945 1215/493/946
f 1210/478/947 1209/505/946 1215/493/946
f 1211/447/948 1210/478/947 1216/1154/947
f 1211/447/948 1217/483/948 1218/1155/949
f 1231/1158/951 1306/1874/952 1305/1156/943
f 1306/1874/952 1338/1251/1021 1305/1156/943
f 1237/1160/953 1307/1875/960 1306/1159/952
f 1307/1875/960 1339/1253/1022 1306/1159/952
f 1220/372/954 1226/1205/954 1227/533/955
f 1221/333/955 1227/533/955 1228/1161/956
f 1222/283/956 1228/1161/956 1229/519/957
f 1223/271/957 1229/519/957 1230/468/958
f 1243/1167/966 1308/1162/959 1237/269/953
f 1308/1162/959 1340/1255/1023 1307/1163/960
f 1232/509/961 1238/1206/961 1239/569/962
f 1234/1165/963 1233/1164/962 1239/569/962
f 1235/1166/964 1234/1165/963 1240/642/963
f 1236/329/965 1235/1166/964 1241/555/964
f 1249/81/968 1309/1168/967 1243/1167/966
f 1309/1168/967 1341/1257/1024 1308/1169/959
f 1255/1171/969 1310/1876/976 1309/1170/967
f 1310/1876/976 1342/1259/1025 1309/1170/967
f 1244/420/970 1250/572/970 1251/546/971
f 1245/568/971 1251/546/971 1252/528/972
f 1247/1173/973 1246/1172/972 1252/528/972
f 1248/1174/974 1247/1173/973 1253/503/973
f 1261/1177/977 1311/1175/975 1255/1171/969
f 1311/1175/975 1343/1261/1026 1310/1176/976
f 1267/1183/984 1312/1178/978 1261/1177/977
f 1312/1178/978 1344/1263/1027 1311/1179/975
f 1256/279/979 1262/433/979 1263/404/980
f 1258/1181/981 1257/1180/980 1263/404/980
f 1259/599/982 1258/1181/981 1264/399/981
f 1260/586/983 1259/599/982 1265/364/982
f 1273/1184/985 1313/1877/986 1312/1182/978
f 1313/1877/986 1345/1265/1028 1312/1182/978
f 1279/1186/987 1314/1878/1030 1313/1185/986
f 1314/1878/1030 1346/1267/1029 1313/1185/986
f 1268/38/988 1274/244/988 1275/207/989
f 1269/1187/989 1275/207/989 1276/189/990
f 1271/1189/991 1270/1188/990 1276/189/990
f 1271/1189/991 1277/141/991 1278/1190/992
f 1105/474/852 1284/1192/854 1280/622/993
f 1284/1192/854 1315/1207/998 1283/1193/994
f 220/437/241 1183/436/241 1177/1132/89
f 20/63/33 1095/63/33 1094/1194/33
f 147/260/24 146/29/24 1149/29/24
f 402/586/22 1260/586/22 1266/363/22
f 21/1099/33 1096/1099/33 1095/63/33
f 148/261/24 147/260/24 1150/260/24
f 319/1157/78 1225/1157/78 1219/1151/82
f 371/568/180 370/421/180 1244/420/180
f 233/382/144 1188/382/144 1194/1139/144
f 48/115/85 1107/115/85 1106/1196/85
f 22/39/33 1097/39/33 1096/1099/33
f 149/265/24 148/261/24 1151/261/24
f 372/556/180 371/568/180 1245/568/180
f 417/1197/57 1267/1183/57 1261/1177/48
f 49/1103/85 1108/1103/85 1107/115/85
f 272/441/47 1203/1147/47 1202/1146/47
f 23/45/33 1098/45/33 1097/39/33
f 373/557/180 372/556/180 1246/1172/180
f 50/98/85 1109/98/85 1108/1103/85
f 273/446/47 1204/1148/47 1203/1147/47
f 374/149/180 373/557/180 1247/1173/180
f 51/100/85 1110/100/85 1109/98/85
f 215/315/995 1178/314/995 1172/1198/995
f 274/448/47 1205/448/47 1204/1148/47
f 430/615/995 1272/1191/995 1278/1190/995
f 248/312/199 1195/311/199 1189/1136/40
f 174/294/28 173/26/28 1160/25/28
f 275/450/47 1206/450/47 1205/448/47
f 175/1199/28 174/294/28 1161/294/28
f 47/70/419 1106/1196/419 1099/60/419
f 347/1160/169 1237/1160/169 1231/1158/77
f 150/325/192 1153/324/192 1147/1120/33
f 445/1201/53 1279/1186/53 1273/1184/56
f 176/301/28 175/1199/28 1162/1133/28
f 399/595/81 398/279/81 1256/279/81
f 76/166/88 1119/1109/88 1118/1108/88
f 177/237/28 176/301/28 1163/301/28
f 400/598/81 399/595/81 1257/1180/81
f 77/170/88 1120/1110/88 1119/1109/88
f 300/493/57 1215/493/57 1214/1202/57
f 401/599/81 400/598/81 1258/1181/81
f 276/133/86 1207/132/86 1201/310/180
f 78/172/88 1121/172/88 1120/1110/88
f 243/109/101 1190/108/101 1184/374/101
f 301/1203/57 1216/1154/57 1215/493/57
f 178/186/84 1165/185/84 1159/323/85
f 402/586/81 401/599/81 1259/599/81
f 261/411/419 1200/591/419 1206/450/419
f 79/177/88 1122/1111/88 1121/172/88
f 302/483/57 1217/483/57 1216/1154/57
f 202/338/4 201/336/4 1172/1198/4
f 375/82/55 1249/81/55 1243/1167/11
f 303/484/57 1218/1155/57 1217/483/57
f 203/342/4 202/338/4 1173/338/4
f 204/343/4 203/342/4 1174/342/4
f 427/627/78 426/38/78 1268/38/78
f 304/1195/82 1219/1151/82 1213/1150/81
f 104/213/241 1131/213/241 1130/1204/241
f 205/86/4 204/343/4 1175/343/4
f 428/632/78 427/627/78 1269/1187/78
f 289/449/996 1212/475/996 1218/1155/996
f 105/1115/241 1132/1115/241 1131/213/241
f 271/432/439 1202/1146/439 1196/406/439
f 449/621/49 1280/622/49 1279/1186/53
f 75/154/996 1118/1108/996 1112/564/996
f 429/633/78 428/632/78 1270/1188/78
f 37/46/439 1103/46/439 1110/100/439
f 106/219/241 1133/219/241 1132/1115/241
f 329/533/53 1227/533/53 1226/1205/53
f 430/615/78 429/633/78 1271/1189/78
f 107/222/241 1134/222/241 1133/219/241
f 403/1177/48 1261/1177/48 1255/1171/47
f 330/518/53 1228/1161/53 1227/533/53
f 52/370/143 1111/369/143 1104/1102/24
f 230/375/32 229/374/32 1184/374/32
f 331/519/53 1229/519/53 1228/1161/53
f 231/378/32 230/375/32 1185/375/32
f 332/468/53 1230/468/53 1229/519/53
f 103/202/255 1130/1204/255 1124/164/255
f 232/379/32 231/378/32 1186/1142/32
f 132/253/199 1143/1124/199 1142/1123/199
f 299/472/997 1214/1202/997 1208/542/997
f 233/382/32 232/379/32 1187/379/32
f 65/99/997 1116/99/997 1122/1111/997
f 133/1119/199 1144/1119/199 1143/1124/199
f 8/352/169 447/21/169 1281/21/169
f 333/1200/77 1231/1158/77 1225/1157/78
f 134/259/199 1145/259/199 1144/1119/199
f 431/1184/56 1273/1184/56 1267/1183/57
f 357/569/235 1239/569/235 1238/1206/235
f 34/62/55 33/60/55 1099/60/55
f 448/602/169 10/286/169 1093/286/169
f 80/230/27 1123/229/27 1117/1107/28
f 135/264/199 1146/497/199 1145/259/199
f 358/642/235 1240/642/235 1239/569/235
f 35/40/55 34/62/55 1100/62/55
f 1315/1207/998 1316/1879/1571 1347/1208/999
f 1317/1209/1000 1316/1879/1571 1315/1210/998
f 1318/1211/1001 1316/1879/1571 1317/1212/1000
f 1319/1213/1002 1316/1879/1571 1318/1214/1001
f 1320/1215/1003 1316/1879/1571 1319/1216/1002
f 1321/1217/1004 1316/1879/1571 1320/1218/1003
f 1322/1219/1005 1316/1879/1571 1321/1220/1004
f 1323/1221/1006 1316/1879/1571 1322/1222/1005
f 1324/1223/1007 1316/1879/1571 1323/1224/1006
f 1325/1225/1008 1316/1879/1571 1324/1226/1007
f 1326/1227/1009 1316/1879/1571 1325/1228/1008
f 1327/1229/1010 1316/1879/1571 1326/1230/1009
f 1328/1231/1011 1316/1879/1571 1327/1232/1010
f 1329/1233/1012 1316/1879/1571 1328/1234/1011
f 1330/1235/1013 1316/1879/1571 1329/1236/1012
f 1331/1237/1014 1316/1879/1571 1330/1238/1013
f 1332/1239/1015 1316/1879/1571 1331/1240/1014
f 1333/1241/1016 1316/1879/1571 1332/1242/1015
f 1334/1243/1017 1316/1879/1571 1333/1244/1016
f 1335/1245/1018 1316/1879/1571 1334/1246/1017
f 1336/1247/1019 1316/1879/1571 1335/1248/1018
f 1337/1249/1020 1316/1879/1571 1336/1250/1019
f 1338/1251/1021 1316/1879/1571 1337/1252/1020
f 1339/1253/1022 1316/1879/1571 1338/1254/1021
f 1340/1255/1023 1316/1879/1571 1339/1256/1022
f 1341/1257/1024 1316/1879/1571 1340/1258/1023
f 1342/1259/1025 1316/1879/1571 1341/1260/1024
f 1343/1261/1026 1316/1879/1571 1342/1262/1025
f 1344/1263/1027 1316/1879/1571 1343/1264/1026
f 1345/1265/1028 1316/1879/1571 1344/1266/1027
f 1346/1267/1029 1316/1879/1571 1345/1268/1028
f 1347/1269/999 1316/1879/1571 1346/1270/1029
f 1280/622/993 1283/1880/994 1314/1271/1030
f 1283/1880/994 1347/1269/999 1314/1271/1030
f 21/1099/31 20/63/46 1349/1272/1031
f 34/62/46 1350/1274/1031 1349/1272/1031
f 35/40/31 1351/1324/1031 1350/1274/1031
f 49/1103/80 48/115/76 1353/340/1032
f 48/115/76 62/116/76 1354/217/1032
f 63/123/80 1355/215/1032 1354/217/1032
f 77/170/112 76/166/109 1357/1275/1033
f 76/166/109 90/167/109 1358/1277/1033
f 91/403/112 1359/1312/1033 1358/1277/1033
f 105/1115/1034 104/213/134 1361/1278/1035
f 118/199/134 1362/1280/1036 1361/1278/1035
f 119/198/137 1363/1320/1036 1362/1280/1036
f 133/1119/164 132/253/160 1365/597/1037
f 146/29/160 1366/481/1037 1365/597/1037
f 147/260/164 1367/480/1037 1366/481/1037
f 161/300/190 160/295/188 1369/1281/1038
f 160/295/188 174/294/188 1370/1283/1038
f 175/1199/190 1371/1307/1038 1370/1283/1038
f 189/434/217 188/337/214 1373/1284/1039
f 188/337/214 202/338/214 1374/1286/1039
f 203/342/217 1375/1318/1039 1374/1286/1039
f 217/249/1040 216/272/240 1377/1287/1041
f 230/375/240 1378/1289/1042 1377/1287/1041
f 231/378/244 1379/1329/1042 1378/1289/1042
f 245/34/269 244/72/265 1381/121/1043
f 244/72/265 258/407/265 1382/1290/1043
f 259/409/269 1383/1306/1043 1382/1290/1043
f 273/446/292 272/441/290 1385/1291/1044
f 272/441/290 286/440/290 1386/1293/1044
f 287/478/292 1387/1316/1044 1386/1293/1044
f 301/1203/318 300/493/329 1389/1294/1045
f 300/493/329 315/333/329 1390/1296/1045
f 316/283/318 1391/1327/1045 1390/1296/1045
f 330/518/342 329/533/354 1393/169/1046
f 329/533/354 343/160/354 1394/67/1047
f 344/94/1048 1395/66/1047 1394/67/1047
f 358/642/366 357/569/378 1397/1297/1049
f 371/568/378 1398/1299/1049 1397/1297/1049
f 372/556/366 1399/1315/1049 1398/1299/1049
f 386/528/404 385/546/402 1401/1300/1050
f 399/595/402 1402/1302/1050 1401/1300/1050
f 400/598/404 1403/1323/1050 1402/1302/1050
f 414/399/430 413/404/428 1405/408/1051
f 413/404/428 427/627/428 1406/299/1051
f 428/632/430 1407/298/1051 1406/299/1051
f 442/190/442 441/207/441 1409/1303/1052
f 441/207/441 8/352/441 1410/1305/1053
f 9/287/1054 1411/1310/1053 1410/1305/1053
f 1380/120/1055 1445/120/1055 1446/1306/1055
f 1382/1290/1056 1447/1290/1056 1444/121/1056
f 1368/1282/143 1369/1281/143 1432/1281/143
f 1383/1306/55 1446/1306/55 1447/1290/55
f 1368/1282/1057 1433/1282/1057 1434/1307/1057
f 1408/1304/77 1409/1303/77 1472/1303/77
f 1370/1283/1058 1435/1311/1058 1432/1281/1058
f 1356/1276/57 1357/1275/57 1420/1275/57
f 1408/1304/369 1473/1308/369 1474/1310/369
f 1371/1307/81 1434/1307/81 1435/1311/81
f 1356/1276/1059 1421/1309/1059 1422/1312/1059
f 1410/1305/410 1475/1314/410 1472/1303/410
f 1396/1298/199 1397/1297/199 1460/1297/199
f 1358/1277/1060 1423/1277/1060 1420/1275/1060
f 1411/1310/32 1474/1310/32 1475/1314/32
f 1396/1298/274 1461/1313/274 1462/1315/274
f 1359/1312/89 1422/1312/89 1423/1277/89
f 1398/1299/297 1463/1299/297 1460/1297/297
f 1384/1292/85 1385/1291/85 1448/1291/85
f 1399/1315/24 1462/1315/24 1463/1299/24
f 1384/1292/168 1449/1292/168 1450/1316/168
f 1386/1293/197 1451/1317/197 1448/1291/197
f 1372/1285/27 1373/1284/27 1436/1284/27
f 1387/1316/48 1450/1316/48 1451/1317/48
f 1372/1285/59 1437/1285/59 1438/1318/59
f 1374/1286/91 1439/1286/91 1436/1284/91
f 1360/1279/53 1361/1278/53 1424/1278/53
f 1375/1318/78 1438/1318/78 1439/1286/78
f 1360/1279/110 1425/1319/110 1426/1320/110
f 1400/1301/86 1401/1300/86 1464/1300/86
f 1362/1280/161 1427/1280/161 1424/1278/161
f 1348/1273/11 1349/1272/11 1412/1272/11
f 1400/1301/1058 1465/1321/1058 1466/1323/1058
f 1363/1320/40 1426/1320/40 1427/1280/40
f 1348/1273/1056 1413/1322/1056 1414/1324/1056
f 1402/1302/1057 1467/1326/1057 1464/1300/1057
f 1388/1295/88 1389/1294/88 1452/1294/88
f 1350/1274/1055 1415/1274/1055 1412/1272/1055
f 1403/1323/28 1466/1323/28 1467/1326/28
f 1388/1295/1060 1453/1325/1060 1454/1327/1060
f 1351/1324/192 1414/1324/192 1415/1274/192
f 1390/1296/1059 1455/1296/1059 1452/1294/1059
f 1376/1288/23 1377/1287/23 1440/1287/23
f 1391/1327/56 1454/1327/56 1455/1296/56
f 1376/1288/410 1441/1288/410 1442/1328/410
f 1378/1289/369 1443/1289/369 1440/1287/369
f 1364/648/235 1365/597/235 1428/597/235
f 1379/1329/169 1442/1328/169 1443/1289/169
f 449/621/1061 448/602/444 1477/1330/1062
f 448/602/444 23/45/34 1478/1332/1062
f 24/474/1063 1479/1333/1062 1478/1332/1062
f 24/474/1063 449/621/1061 1476/1331/1062
f 24/474/1063 23/45/34 1481/1334/1064
f 23/45/34 37/46/35 1482/1336/1064
f 38/473/1065 1483/1337/1064 1482/1336/1064
f 38/473/1065 24/474/1063 1480/1335/1064
f 38/473/1065 37/46/35 1485/616/1066
f 37/46/35 51/100/67 1486/579/1066
f 52/370/1067 1487/578/1066 1486/579/1066
f 38/473/1065 1484/645/1066 1487/578/1066
f 52/370/1067 51/100/67 1489/267/1068
f 65/99/66 1490/193/1069 1489/267/1068
f 66/368/1070 1491/192/1069 1490/193/1069
f 66/368/1070 52/370/1067 1488/307/1069
f 66/368/1070 65/99/66 1493/1338/1071
f 79/177/115 1494/1340/1073 1493/1338/1071
f 80/230/1072 1495/1341/1071 1494/1340/1073
f 80/230/1072 66/368/1070 1492/1339/1071
f 80/230/1072 79/177/115 1497/1342/1074
f 93/176/114 1498/1344/1074 1497/1342/1074
f 94/228/1075 1499/1345/1074 1498/1344/1074
f 94/228/1075 80/230/1072 1496/1343/1074
f 94/228/1075 93/176/114 1501/1346/1076
f 107/222/138 1502/1348/1078 1501/1346/1076
f 108/77/1077 1503/1349/1076 1502/1348/1078
f 94/228/1075 1500/1347/1076 1503/1349/1076
f 108/77/1077 107/222/138 1505/1350/1079
f 121/136/139 1506/1352/1079 1505/1350/1079
f 122/75/1080 1507/1353/1079 1506/1352/1079
f 122/75/1080 108/77/1077 1504/1351/1079
f 122/75/1080 121/136/139 1509/1354/1081
f 135/264/165 1510/1356/1081 1509/1354/1081
f 136/457/1082 1511/1357/1081 1510/1356/1081
f 136/457/1082 122/75/1080 1508/1355/1081
f 136/457/1082 135/264/165 1513/414/1083
f 149/265/166 1514/385/1084 1513/414/1083
f 150/325/1085 1515/384/1084 1514/385/1084
f 150/325/1085 136/457/1082 1512/452/1084
f 150/325/1085 149/265/166 1517/50/1086
f 163/305/194 1518/1358/1086 1517/50/1086
f 164/323/1087 1519/1359/1086 1518/1358/1086
f 150/325/1085 1516/49/1086 1519/1359/1086
f 164/323/1087 163/305/194 1521/1360/1088
f 163/305/194 177/237/193 1522/1362/1088
f 178/186/1089 1523/1363/1088 1522/1362/1088
f 178/186/1089 164/323/1087 1520/1361/1088
f 178/186/1089 177/237/193 1525/1364/1090
f 191/238/219 1526/1366/1090 1525/1364/1090
f 192/184/1091 1527/1367/1092 1526/1366/1090
f 192/184/1091 178/186/1089 1524/1365/1090
f 192/184/1091 191/238/219 1529/1368/1093
f 205/86/218 1530/1370/1093 1529/1368/1093
f 206/573/1094 1531/1371/1093 1530/1370/1093
f 206/573/1094 192/184/1091 1528/1369/1093
f 206/573/1094 205/86/218 1533/1372/1095
f 219/88/245 1534/1374/1097 1533/1372/1095
f 220/437/1096 1535/1375/1095 1534/1374/1097
f 220/437/1096 206/573/1094 1532/1373/1095
f 220/437/1096 219/88/245 1537/559/1098
f 219/88/245 233/382/246 1538/523/1098
f 234/435/1099 1539/521/1098 1538/523/1098
f 234/435/1099 220/437/1096 1536/608/1098
f 234/435/1099 233/382/246 1541/155/1100
f 247/12/270 1542/103/1100 1541/155/1100
f 248/312/1101 1543/101/1100 1542/103/1100
f 248/312/1101 234/435/1099 1540/233/1100
f 248/312/1101 247/12/270 1545/1376/1102
f 261/411/271 1546/1378/1103 1545/1376/1102
f 262/310/1104 1547/1379/1103 1546/1378/1103
f 248/312/1101 1544/1377/1103 1547/1379/1103
f 262/310/1104 261/411/271 1549/1380/1105
f 275/450/295 1550/1382/1105 1549/1380/1105
f 276/133/1106 1551/1383/1105 1550/1382/1105
f 262/310/1104 1548/1381/1105 1551/1383/1105
f 276/133/1106 275/450/295 1553/1384/1107
f 289/449/294 1554/1386/1108 1553/1384/1107
f 290/131/1109 1555/1387/1107 1554/1386/1108
f 276/133/1106 1552/1385/1108 1555/1387/1107
f 290/131/1109 289/449/294 1557/1388/1110
f 303/484/319 1558/1390/1110 1557/1388/1110
f 304/1195/1111 1559/1391/1112 1558/1390/1110
f 304/1195/1111 290/131/1109 1556/1389/1110
f 304/1195/1111 303/484/319 1561/1392/1113
f 318/270/320 1562/1394/1113 1561/1392/1113
f 319/1157/1114 1563/1395/1113 1562/1394/1113
f 319/1157/1114 304/1195/1111 1560/1393/1113
f 319/1157/1114 318/270/320 1565/354/1115
f 332/468/344 1566/319/1115 1565/354/1115
f 333/1200/1116 1567/317/1115 1566/319/1115
f 319/1157/1114 1564/394/1115 1567/317/1115
f 333/1200/1116 332/468/344 1569/1396/1117
f 332/468/344 346/55/345 1570/1398/1117
f 347/1160/1118 1571/1399/1117 1570/1398/1117
f 333/1200/1116 1568/1397/1117 1571/1399/1117
f 347/269/1118 346/329/345 1573/1400/1119
f 346/329/345 360/330/368 1574/1402/1119
f 361/268/1120 1575/1403/1119 1574/1402/1119
f 347/269/1118 1572/1401/1119 1575/1403/1119
f 361/268/1120 360/330/368 1577/1404/1121
f 360/330/368 374/149/367 1578/1406/1122
f 375/82/1123 1579/1407/1122 1578/1406/1122
f 375/82/1123 361/268/1120 1576/1405/1122
f 375/82/1123 374/149/367 1581/1408/1124
f 374/149/367 388/150/392 1582/1410/1124
f 389/80/1125 1583/1411/1124 1582/1410/1124
f 375/82/1123 1580/1409/1124 1583/1411/1124
f 389/80/1125 388/150/392 1585/1412/1126
f 388/150/392 402/586/391 1586/1414/1126
f 403/1177/1127 1587/1415/1126 1586/1414/1126
f 403/1177/1127 389/80/1125 1584/1413/1126
f 403/1177/1127 402/586/391 1589/514/1128
f 416/363/418 1590/463/1128 1589/514/1128
f 417/1197/1129 1591/462/1128 1590/463/1128
f 403/1177/1127 1588/550/1128 1591/462/1128
f 417/1197/1129 416/363/418 1593/90/1130
f 430/615/417 1594/5/1130 1593/90/1130
f 431/1184/1131 1595/4/1130 1594/5/1130
f 417/1197/1129 1592/144/1130 1595/4/1130
f 431/1184/1131 430/615/417 1597/1416/1132
f 444/140/445 1598/1418/1132 1597/1416/1132
f 445/1201/1133 1599/1419/1132 1598/1418/1132
f 445/1201/1133 431/1184/1131 1596/1417/1132
f 445/1201/1133 444/140/445 1601/1420/1134
f 448/602/444 1602/1422/1134 1601/1420/1134
f 449/621/1061 1603/1423/1134 1602/1422/1134
f 445/1201/1133 1600/1421/1134 1603/1423/1134
f 1516/49/253 1645/51/253 1646/1359/253
f 1568/1397/241 1569/1396/241 1696/1396/241
f 1518/1358/95 1647/1358/95 1644/50/95
f 1568/1397/161 1697/1397/161 1698/1399/161
f 1519/1359/86 1646/1359/86 1647/1358/86
f 1570/1398/110 1699/1425/110 1696/1396/110
f 1492/1339/48 1493/1338/48 1620/1338/48
f 1571/1399/49 1698/1399/49 1699/1425/49
f 1492/1339/997 1621/1424/997 1622/1341/997
f 1544/1377/33 1545/1376/33 1672/1376/33
f 1494/1340/996 1623/1428/996 1620/1338/996
f 1544/1377/1055 1673/1377/1055 1674/1426/1055
f 1596/1417/78 1597/1416/78 1724/1416/78
f 1495/1341/88 1622/1341/88 1623/1428/88
f 1546/1378/1056 1675/1378/1056 1672/1376/1056
f 1596/1417/995 1725/1427/995 1726/1419/995
f 1547/1379/55 1674/1426/55 1675/1378/55
f 1598/1418/29 1727/1418/29 1724/1416/29
f 1520/1361/143 1521/1360/143 1648/1360/143
f 1599/1419/23 1726/1419/23 1727/1418/23
f 1520/1361/1057 1649/1361/1057 1650/1363/1057
f 1572/1401/40 1573/1400/40 1700/1400/40
f 1522/1362/1058 1651/1429/1058 1648/1360/1058
f 1572/1401/208 1701/1401/208 1702/1403/208
f 1523/1363/81 1650/1363/81 1651/1429/81
f 1574/1402/331 1703/1430/331 1700/1400/331
f 1496/1343/57 1497/1342/57 1624/1342/57
f 1575/1403/235 1702/1403/235 1703/1430/235
f 1496/1343/1059 1625/1343/1059 1626/1345/1059
f 1548/1381/192 1549/1380/192 1676/1380/192
f 1498/1344/1060 1627/1431/1060 1624/1342/1060
f 1548/1381/419 1677/1381/419 1678/1383/419
f 1600/1421/77 1601/1420/77 1728/1420/77
f 1499/1345/89 1626/1345/89 1627/1431/89
f 1550/1382/439 1679/1382/439 1676/1380/439
f 1600/1421/369 1729/1421/369 1730/1423/369
f 1551/1383/47 1678/1383/47 1679/1382/47
f 1602/1422/410 1731/1422/410 1728/1420/410
f 1524/1365/28 1525/1364/28 1652/1364/28
f 1603/1423/32 1730/1423/32 1731/1422/32
f 1524/1365/147 1653/1365/147 1654/1367/147
f 1576/1405/199 1577/1404/199 1704/1404/199
f 1526/1366/22 1655/1432/22 1652/1364/22
f 1576/1405/274 1705/1405/274 1706/1407/274
f 1527/1367/82 1654/1367/82 1655/1432/82
f 1578/1406/297 1707/1434/297 1704/1404/297
f 1500/1347/56 1501/1346/56 1628/1346/56
f 1579/1407/24 1706/1407/24 1707/1434/24
f 1500/1347/226 1629/1433/226 1630/1349/226
f 1552/1385/85 1553/1384/85 1680/1384/85
f 1502/1348/255 1631/1435/255 1628/1346/255
f 1552/1385/168 1681/1385/168 1682/1387/168
f 1503/1349/241 1630/1349/241 1631/1435/241
f 1554/1386/197 1683/1386/197 1680/1384/197
f 1476/1331/169 1477/1330/169 1604/1330/169
f 1555/1387/48 1682/1387/48 1683/1386/48
f 1476/1331/101 1605/1436/101 1606/1333/101
f 1528/1369/27 1529/1368/27 1656/1368/27
f 1478/1332/144 1607/1437/144 1604/1330/144
f 1528/1369/59 1657/1369/59 1658/1371/59
f 1580/1409/180 1581/1408/180 1708/1408/180
f 1479/1333/33 1606/1333/33 1607/1437/33
f 1530/1370/91 1659/1438/91 1656/1368/91
f 1580/1409/95 1709/1409/95 1710/1411/95
f 1531/1371/78 1658/1371/78 1659/1438/78
f 1582/1410/253 1711/1439/253 1708/1408/253
f 1504/1351/53 1505/1350/53 1632/1350/53
f 1583/1411/143 1710/1411/143 1711/1439/143
f 1504/1351/110 1633/1351/110 1634/1353/110
f 1556/1389/84 1557/1388/84 1684/1388/84
f 1506/1352/161 1635/1352/161 1632/1350/161
f 1559/1391/996 1556/1389/996 1685/1389/996
f 1507/1353/40 1634/1353/40 1635/1352/40
f 1558/1390/997 1687/1440/997 1684/1388/997
f 1480/1335/11 1481/1334/11 1608/1334/11
f 1559/1391/57 1686/1391/57 1687/1440/57
f 1480/1335/1056 1609/1335/1056 1610/1337/1056
f 1532/1373/4 1533/1372/4 1660/1372/4
f 1482/1336/1055 1611/1443/1055 1608/1334/1055
f 1532/1373/29 1661/1441/29 1662/1375/29
f 1584/1413/86 1585/1412/86 1712/1412/86
f 1483/1337/192 1610/1337/192 1611/1443/192
f 1534/1374/995 1663/1444/995 1660/1372/995
f 1584/1413/1058 1713/1442/1058 1714/1415/1058
f 1535/1375/77 1662/1375/77 1663/1444/77
f 1586/1414/1057 1715/1446/1057 1712/1412/1057
f 1508/1355/49 1509/1354/49 1636/1354/49
f 1587/1415/28 1714/1415/28 1715/1446/28
f 1508/1355/331 1637/1445/331 1638/1357/331
f 1560/1393/88 1561/1392/88 1688/1392/88
f 1510/1356/208 1639/1356/208 1636/1354/208
f 1560/1393/1060 1689/1393/1060 1690/1395/1060
f 1511/1357/199 1638/1357/199 1639/1356/199
f 1562/1394/1059 1691/1394/1059 1688/1392/1059
f 1484/645/55 1485/616/55 1612/616/55
f 1563/1395/56 1690/1395/56 1691/1394/56
f 1913/1447/57 2042/1447/57 2038/1448/48
f 1835/1449/11 2091/1449/11 2095/1450/55
f 1911/1451/84 2039/1455/84 2043/1452/88
f 1831/1453/169 2087/1453/169 2091/1449/11
f 1906/1454/85 2035/1475/85 2039/1455/84
f 1834/1456/33 2090/1456/33 2086/1457/32
f 1910/1448/48 2038/1448/48 2034/1458/47
f 1829/1460/169 2085/1460/169 2089/1461/11
f 1905/1462/85 2033/1462/85 2037/1463/84
f 1960/1464/33 2088/1614/33 2084/1465/32
f 1908/1466/48 2036/1466/48 2032/1467/47
f 1828/1468/32 2084/1468/32 2080/1469/23
f 1907/1467/47 2032/1467/47 2028/1471/55
f 1827/1472/77 2083/1483/77 2087/1473/169
f 1903/1474/192 2031/1474/192 2035/1475/85
f 1825/1476/77 2081/1476/77 2085/1477/169
f 1773/1478/192 2029/1478/192 2033/1462/85
f 1956/1479/32 2086/1479/32 2082/1480/23
f 1904/1459/47 2034/1458/47 2030/1481/55
f 1950/1482/78 2079/1497/78 2083/1483/77
f 1899/1484/33 2027/1484/33 2031/1474/192
f 1954/1480/23 2082/1480/23 2078/1485/4
f 1902/1481/55 2030/1481/55 2026/1487/11
f 1949/1489/78 2077/1489/78 2081/1476/77
f 1769/1490/33 2025/1490/33 2029/1478/192
f 1824/1470/23 2080/1469/23 2076/1491/4
f 1772/1471/55 2028/1471/55 2024/1492/11
f 1820/1491/4 2076/1491/4 2072/1494/27
f 1767/1495/32 2023/1495/32 2027/1484/33
f 1947/1496/82 2075/1496/82 2079/1497/78
f 1898/1488/11 2026/1487/11 2022/1498/169
f 1945/1499/82 2073/1499/82 2077/1489/78
f 1768/1493/11 2024/1492/11 2020/1500/169
f 1948/1486/4 2078/1485/4 2074/1501/27
f 1765/1502/32 2021/1502/32 2025/1490/33
f 1943/1503/81 2071/1513/81 2075/1496/82
f 1763/1504/23 2019/1515/23 2023/1495/32
f 1946/1501/27 2074/1501/27 2070/1505/28
f 1766/1498/169 2022/1498/169 2018/1506/77
f 1940/1508/81 2069/1508/81 2073/1499/82
f 1761/1509/23 2017/1509/23 2021/1502/32
f 1816/1494/27 2072/1494/27 2068/1510/28
f 1764/1500/169 2020/1500/169 2016/1511/77
f 1811/1512/86 2067/1512/86 2071/1513/81
f 1884/1514/4 2015/1514/4 2019/1515/23
f 1942/1505/28 2070/1505/28 2066/1516/143
f 1762/1507/77 2018/1506/77 2014/1517/78
f 1941/1510/28 2068/1510/28 2064/1518/143
f 1760/1511/77 2016/1511/77 2012/1519/78
f 1938/1520/86 2065/1520/86 2069/1508/81
f 1859/1521/53 2115/1521/53 1991/1522/49
f 1757/1524/4 2013/1524/4 2017/1509/23
f 1939/1516/143 2066/1516/143 2062/1525/24
f 1734/1526/40 1990/1526/40 2114/1527/241
f 1758/1517/78 2014/1517/78 2010/1528/82
f 1933/1530/180 2061/1530/180 2065/1520/86
f 1984/1531/53 2113/1531/53 1989/1532/49
f 1753/1533/27 2009/1533/27 2013/1524/4
f 1937/1518/143 2064/1518/143 2060/1534/24
f 1985/1536/241 1732/1617/40 1988/1537/40
f 1885/1519/78 2012/1519/78 2008/1539/82
f 1807/1540/180 2063/1540/180 2067/1512/86
f 1855/1541/56 2111/1541/56 2115/1521/53
f 1883/1542/27 2011/1632/27 2015/1514/4
f 184/316/88 1787/1554/88 1791/345/89
f 125/243/11 1897/243/11 1892/212/169
f 322/444/23 1952/443/23 1951/492/4
f 282/451/81 1815/451/81 1819/479/82
f 210/558/241 1923/558/241 1925/377/40
f 420/626/89 1852/1562/89 1848/601/88
f 309/1543/78 1821/1543/78 1953/506/77
f 127/227/11 1770/376/11 1894/218/169
f 251/332/24 1804/332/24 1929/402/235
f 225/367/49 1798/367/49 1794/1544/53
f 16/576/235 1861/575/235 1743/47/24
f 407/1545/57 1849/1558/57 1853/1546/56
f 29/69/180 1869/69/180 1866/32/199
f 324/507/23 1826/507/23 1822/482/4
f 114/223/32 1895/223/32 1771/1547/33
f 212/353/241 1795/353/241 1927/383/40
f 422/631/89 1983/631/89 1850/604/88
f 350/304/33 1832/304/33 1959/541/32
f 311/1548/78 1823/1548/78 1955/513/77
f 238/405/199 1930/405/199 1805/284/180
f 155/255/47 1778/255/47 1774/258/55
f 337/544/169 1957/544/169 1833/262/11
f 140/257/192 1901/257/192 1777/296/85
f 253/232/24 1806/232/24 1802/366/235
f 352/511/33 1962/511/33 1830/545/32
f 142/266/192 1775/266/192 1779/1549/85
f 240/393/199 1928/393/199 1935/1550/180
f 44/89/143 1747/351/143 1751/143/28
f 266/285/86 1809/285/86 1813/125/81
f 378/130/85 1840/130/85 1836/1551/192
f 339/1552/169 1958/1552/169 1963/547/11
f 279/175/28 1812/174/28 1808/1553/143
f 27/61/180 1870/543/180 1862/22/199
f 365/263/55 1837/263/55 1841/64/47
f 170/181/84 1783/181/84 1787/1554/88
f 281/36/28 1814/36/28 1810/231/143
f 183/85/57 1786/84/57 1782/254/48
f 3/23/40 1863/520/40 1856/1555/241
f 14/494/235 1864/494/235 1871/68/24
f 72/225/27 1755/225/27 1759/1556/4
f 380/381/85 1842/381/85 1965/1557/192
f 406/601/88 1848/601/88 1844/129/84
f 268/425/86 1936/425/86 1815/451/81
f 435/636/53 1857/636/53 1865/31/49
f 367/548/55 1964/548/55 1971/438/47
f 55/114/81 1877/114/81 1872/71/86
f 198/345/89 1791/345/89 1795/353/241
f 310/482/4 1822/482/4 1818/35/27
f 5/33/40 1867/33/40 1986/637/241
f 393/65/48 1845/65/48 1849/1558/57
f 153/282/47 1776/344/47 1900/1559/55
f 211/371/53 1794/1544/53 1790/83/56
f 42/78/143 1873/78/143 1749/313/28
f 294/126/82 1817/126/82 1821/1543/78
f 437/606/53 1987/605/53 1860/1/49
f 408/604/88 1850/604/88 1846/380/84
f 57/122/81 1750/122/81 1874/1560/86
f 296/479/82 1819/479/82 1823/1548/78
f 421/630/56 1853/1546/56 1857/636/53
f 395/439/48 1972/439/48 1851/187/57
f 83/165/78 1756/165/78 1880/1561/82
f 338/517/32 1830/517/32 1826/507/23
f 434/644/241 1856/1555/241 1852/1562/89
f 181/221/57 1784/221/57 1780/293/48
f 1739/1563/1135 1861/575/1135 1860/1/1136
f 1736/1564/1137 1732/1617/1138 1863/520/1138
f 1734/1526/1136 1867/33/1136 1866/32/1135
f 1868/1566/1139 1743/47/1139 1861/575/1135
f 1738/1565/1135 1866/32/1135 1869/69/1139
f 1740/1568/1140 1870/543/1140 1872/71/1141
f 1742/1567/1139 1869/69/1139 1874/1560/1142
f 1875/1571/1142 1747/351/1142 1743/47/1139
f 1875/1571/1142 1876/1574/1143 1751/143/1143
f 1746/1570/1142 1874/1560/1142 1750/122/1143
f 1748/1573/1144 1877/114/1144 1880/1561/1145
f 1879/1572/1143 1750/122/1143 1882/634/1146
f 1876/1574/1143 1883/1542/1146 1755/225/1146
f 1883/1542/1146 1884/1514/1147 1759/1556/1147
f 1758/1517/1147 1754/1529/1146 1882/634/1146
f 1885/1519/1148 1756/165/1148 1889/596/1149
f 1762/1507/1150 1758/1517/1147 1887/118/1147
f 1884/1514/1147 1763/1504/1150 1891/28/1150
f 1762/1507/1150 1890/504/1150 1894/218/1151
f 1767/1495/1151 1895/223/1151 1891/28/1150
f 1768/1493/1152 1764/1500/1153 1892/212/1153
f 1898/1488/1154 1766/1498/1151 1894/218/1151
f 1899/1484/1154 1771/1547/1154 1895/223/1151
f 1898/1488/1154 1770/376/1154 1774/258/1155
f 1903/1474/1155 1775/266/1155 1771/1547/1154
f 1902/1481/1155 1774/258/1155 1778/255/1156
f 1906/1454/1156 1779/1549/1156 1775/266/1155
f 1772/1471/1157 1900/1559/1157 1776/344/1158
f 1904/1459/1156 1778/255/1156 1782/254/1159
f 1906/1454/1156 1911/1451/1159 1783/181/1159
f 1912/1452/1160 1787/1554/1160 1783/181/1159
f 1910/1448/1159 1782/254/1159 1786/84/1160
f 1908/1466/1161 1780/293/1161 1784/221/1162
f 1913/1447/1160 1786/84/1160 1790/83/1163
f 1912/1452/1160 1919/1577/1163 1791/345/1163
f 1919/1577/1163 1920/1581/1164 1795/353/1164
f 1921/1578/1164 1918/1576/1163 1790/83/1163
f 1792/1579/1165 1788/1616/1166 1916/585/1166
f 1921/1578/1164 1794/1544/1164 1798/367/1167
f 1920/1581/1164 1799/1583/1167 1927/383/1167
f 1803/1582/1168 1928/393/1168 1927/383/1167
f 1796/1584/1169 1924/477/1169 1929/402/1170
f 1926/1580/1167 1798/367/1167 1802/366/1168
f 1931/1586/1168 1802/366/1168 1806/232/1171
f 1807/1540/1171 1935/1550/1171 1928/393/1168
f 1811/1512/1172 1936/425/1172 1935/1550/1171
f 1932/1535/1173 1804/332/1173 1808/1553/1174
f 1939/1516/1172 1934/1525/1171 1806/232/1171
f 1939/1516/1172 1810/231/1172 1814/36/1175
f 1811/1512/1172 1943/1503/1175 1815/451/1175
f 1941/1510/1176 1812/174/1176 1944/173/1177
f 1946/1501/1178 1942/1505/1175 1814/36/1175
f 1947/1496/1178 1819/479/1178 1815/451/1175
f 1946/1501/1178 1818/35/1178 1822/482/1179
f 1947/1496/1178 1950/1482/1179 1823/1548/1179
f 1820/1491/1180 1951/492/1180 1952/443/1181
f 1948/1486/1179 1822/482/1179 1826/507/1182
f 1827/1472/1182 1955/513/1182 1823/1548/1179
f 1954/1480/1182 1826/507/1182 1830/517/1183
f 1831/1473/1183 1958/628/1183 1955/513/1182
f 1960/1464/1184 1828/1465/1185 1959/541/1185
f 1834/1456/1186 1956/1457/1183 1830/545/1183
f 1835/1449/1186 1963/547/1186 1958/1552/1183
f 1839/1450/1187 1964/548/1187 1963/547/1186
f 1838/1587/1187 1834/1456/1186 1962/511/1186
f 1968/1588/1188 1966/1608/1189 1836/1551/1189
f 1970/1589/1190 1838/1587/1187 1965/1557/1187
f 1843/1590/1190 1971/438/1190 1964/548/1187
f 1843/1590/1190 1847/1595/1191 1972/439/1191
f 1970/1589/1190 1842/381/1190 1846/380/1191
f 1976/1592/1192 1974/1622/1193 1844/129/1193
f 1973/1591/1191 1846/380/1191 1850/604/1194
f 1979/1594/1194 1851/187/1194 1972/439/1191
f 1855/1541/1195 1980/188/1195 1851/187/1194
f 1978/1593/1194 1850/604/1194 1983/631/1195
f 1985/1536/1196 1981/1628/1197 1852/1562/1197
f 1858/1527/1198 1854/1596/1195 1983/631/1195
f 1859/1521/1198 1987/605/1198 1980/188/1195
f 1858/1527/1198 1986/637/1198 1867/33/1136
f 1735/1523/1136 1860/1/1136 1987/605/1198
f 1989/1532/1199 1988/1537/1199 1992/1564/1200
f 1993/1597/1200 1992/1564/1200 1996/1568/1201
f 1996/1568/1201 2000/1569/1202 2001/1599/1202
f 2000/1569/1202 2004/1601/1203 2005/1600/1203
f 2004/1601/1203 2008/1539/1204 2009/1533/1204
f 2008/1539/1204 2012/1519/1205 2013/1524/1205
f 2012/1519/1205 2016/1511/1206 2017/1509/1206
f 2017/1509/1206 2016/1511/1206 2020/1500/1207
f 2020/1500/1207 2024/1492/1208 2025/1490/1208
f 2025/1490/1208 2024/1492/1208 2028/1471/1209
f 2028/1471/1209 2032/1467/1210 2033/1462/1210
f 2033/1462/1210 2032/1467/1210 2036/1466/1211
f 2036/1466/1211 2040/1575/1212 2041/1602/1212
f 2040/1575/1212 2044/1604/1213 2045/1603/1213
f 2044/1604/1213 2048/1579/1214 2049/1605/1214
f 2049/1605/1214 2048/1579/1214 2052/1584/1215
f 2052/1584/1215 2056/1585/1216 2057/1607/1216
f 2056/1585/1216 2060/1534/1217 2061/1530/1217
f 2060/1534/1217 2064/1518/1218 2065/1520/1218
f 2064/1518/1218 2068/1510/1219 2069/1508/1219
f 2068/1510/1219 2072/1494/1220 2073/1499/1220
f 2072/1494/1220 2076/1491/1221 2077/1489/1221
f 2076/1491/1221 2080/1469/1222 2081/1476/1222
f 2081/1476/1222 2080/1469/1222 2084/1468/1223
f 2084/1465/1223 2088/1614/1224 2089/1461/1224
f 2089/1461/1224 2088/1614/1224 2092/1608/1225
f 2093/1609/1225 2092/1608/1225 2096/1588/1226
f 2096/1588/1226 2100/1623/1227 2101/1611/1227
f 2101/1611/1227 2100/1623/1227 2104/1592/1228
f 2104/1592/1228 2108/1631/1229 2109/1613/1229
f 2109/1613/1229 2108/1631/1229 2112/1538/1230
f 2113/1531/1230 2112/1538/1230 1988/1537/1199
f 1838/1587/192 2094/1618/192 2090/1456/33
f 1914/1575/57 2040/1575/57 2036/1466/48
f 1966/1608/192 2092/1608/192 2088/1614/33
f 1781/1463/84 2037/1463/84 2041/1602/88
f 1735/1523/49 1991/1522/49 1995/1563/235
f 1961/1461/11 2089/1461/11 2093/1609/55
f 1788/1616/56 2044/1604/56 2040/1575/57
f 1736/1564/199 1992/1564/199 1988/1537/40
f 1968/1588/85 2096/1588/85 2092/1608/192
f 1785/1602/88 2041/1602/88 2045/1603/89
f 1733/1532/49 1989/1532/49 1993/1597/235
f 1967/1615/55 2093/1609/55 2097/1610/47
f 1918/1576/56 2046/1576/56 2042/1447/57
f 1738/1565/199 1994/1565/199 1990/1526/40
f 1970/1589/85 2098/1621/85 2094/1618/192
f 1912/1452/88 2043/1452/88 2047/1577/89
f 1739/1563/235 1995/1563/235 1999/1566/24
f 1839/1450/55 2095/1450/55 2099/1619/47
f 1919/1577/89 2047/1577/89 2051/1581/241
f 1742/1567/180 1998/1567/180 1994/1565/199
f 1843/1590/47 2099/1619/47 2103/1620/48
f 1921/1578/53 2050/1625/53 2046/1576/56
f 1740/1568/180 1996/1568/180 1992/1564/199
f 1973/1591/84 2102/1591/84 2098/1621/85
f 1792/1579/53 2048/1579/53 2044/1604/56
f 1737/1597/235 1993/1597/235 1997/1598/24
f 1974/1622/84 2100/1623/84 2096/1588/85
f 1789/1603/89 2045/1603/89 2049/1605/241
f 1744/1569/86 2000/1569/86 1996/1568/180
f 1969/1610/47 2097/1610/47 2101/1611/48
f 1796/1584/49 2052/1584/49 2048/1579/53
f 1741/1598/24 1997/1598/24 2001/1599/143
f 1976/1592/88 2104/1592/88 2100/1623/84
f 1793/1605/241 2049/1605/241 2053/1606/40
f 1746/1570/86 2002/1570/86 1998/1567/180
f 1975/1611/48 2101/1611/48 2105/1612/57
f 1926/1580/49 2054/1580/49 2050/1625/53
f 1868/1566/24 1999/1566/24 2003/1571/143
f 1978/1593/88 2106/1630/88 2102/1591/84
f 1920/1581/241 2051/1581/241 2055/1626/40
f 1875/1571/143 2003/1571/143 2007/1627/28
f 1847/1595/48 2103/1620/48 2107/1594/57
f 1799/1583/40 2055/1626/40 2059/1582/199
f 1748/1573/81 2004/1601/81 2000/1569/86
f 1979/1594/57 2107/1594/57 2111/1541/56
f 1800/1585/235 2056/1585/235 2052/1584/49
f 1745/1599/143 2001/1599/143 2005/1600/28
f 1981/1628/89 2108/1631/89 2104/1592/88
f 1797/1606/40 2053/1606/40 2057/1607/199
f 1879/1572/81 2006/1572/81 2002/1570/86
f 1977/1624/57 2105/1612/57 2109/1613/56
f 1931/1586/235 2058/1586/235 2054/1580/49
f 1752/1539/82 2008/1539/82 2004/1601/81
f 1854/1596/89 2110/1596/89 2106/1630/88
f 1932/1535/24 2060/1534/24 2056/1585/235
f 1878/1600/28 2005/1600/28 2009/1533/27
f 1982/1629/56 2109/1613/56 2113/1531/53
f 1801/1607/199 2057/1607/199 2061/1530/180
f 1754/1529/82 2010/1528/82 2006/1572/81
f 1985/1536/241 2112/1538/241 2108/1631/89
f 1934/1525/24 2062/1525/24 2058/1586/235
f 1876/1574/28 2007/1627/28 2011/1632/27
f 1858/1527/241 2114/1527/241 2110/1596/89
f 1803/1582/199 2059/1582/199 2063/1540/180
f 2120/15/13 2116/1669/1296 2118/1633/1231
f 2118/1633/1233 2117/58/42 2119/6/5
f 2120/15/13 2121/1634/1232 2124/1635/1235
f 2124/1635/1236 2121/1634/1234 2119/6/5
f 2126/145/92 2123/104/68 2124/1635/1235
f 2124/1635/1236 2122/8/7 2125/96/63
f 2126/145/92 2127/1636/1237 2130/1637/1239
f 2130/1637/1240 2127/1636/1238 2125/96/63
f 2129/156/102 2130/1637/1239 2133/1638/1241
f 2133/1638/1243 2130/1637/1240 2128/111/72
f 2132/1639/1242 2133/1638/1241 2136/1640/1244
f 2136/1640/1245 2133/1638/1243 2131/152/97
f 2138/203/126 2135/194/119 2136/1640/1244
f 2136/1640/1245 2134/162/105 2137/200/122
f 2138/203/126 2139/1641/1246 2142/1642/1248
f 2142/1642/1249 2139/1641/1247 2137/200/122
f 2141/245/153 2142/1642/1248 2145/1643/1250
f 2145/1643/1252 2142/1642/1249 2140/209/130
f 2144/1644/1251 2145/1643/1250 2148/1645/1253
f 2148/1645/1254 2145/1643/1252 2143/240/149
f 2149/280/176 2151/1881/1572 2148/1645/1254
f 2148/1645/1253 2151/1881/1573 2150/308/198
f 2150/308/198 2151/1881/1573 2154/1646/1255
f 2154/1646/1256 2151/1881/1572 2149/280/176
f 2153/346/221 2154/1646/1255 2157/1647/1257
f 2157/1647/1258 2154/1646/1256 2152/289/182
f 2156/355/227 2157/1647/1257 2160/1648/1259
f 2160/1648/1260 2157/1647/1258 2155/327/204
f 2159/386/248 2160/1648/1259 2163/1649/1261
f 2163/1649/1262 2160/1648/1260 2158/350/224
f 2162/395/256 2163/1649/1261 2166/1650/1263
f 2166/1650/1265 2163/1649/1262 2161/361/231
f 2168/415/275 2165/1651/1264 2166/1650/1263
f 2166/1650/1265 2164/391/251 2167/400/259
f 2171/453/298 2168/415/275 2169/1652/1266
f 2169/1652/1267 2167/400/259 2170/423/279
f 2171/453/298 2172/1653/1268 2175/1654/1270
f 2175/1654/1271 2172/1653/1269 2170/423/279
f 2177/485/321 2174/464/306 2175/1654/1270
f 2175/1654/1271 2173/430/285 2176/459/302
f 2180/515/340 2177/485/321 2178/1655/1272
f 2178/1655/1273 2176/459/302 2179/470/310
f 2182/490/325 2184/1658/1278 2181/1656/1275
f 2181/1656/1274 2184/1658/1276 2183/524/346
f 2186/1657/362 2183/524/346 2184/1658/1276
f 2184/1658/1278 2182/490/325 2185/499/333
f 2185/529/333 2188/531/350 2190/1660/1280
f 2190/1660/1281 2189/560/370 2186/551/362
f 2189/560/370 2190/1660/1281 2193/1662/1282
f 2190/1660/1280 2188/531/350 2191/536/356
f 2195/587/394 2192/580/386 2193/1662/1282
f 2193/1662/1283 2191/536/356 2194/566/374
f 2198/609/411 2195/587/394 2196/1663/1284
f 2196/1663/1285 2194/566/374 2197/584/389
f 2198/609/411 2199/1664/1286 2202/1665/1288
f 2202/1665/1289 2199/1664/1287 2197/584/389
f 2201/617/420 2202/1665/1288 2205/1666/1290
f 2205/1666/1291 2202/1665/1289 2200/593/398
f 2204/638/433 2205/1666/1290 2208/1667/1292
f 2208/1667/1293 2205/1666/1291 2203/613/414
f 2210/52/38 2207/646/440 2208/1667/1292
f 2208/1667/1293 2206/624/424 2209/57/41
f 2116/1669/1296 2210/52/38 2211/1668/1294
f 2211/1668/1295 2209/57/41 2117/58/42
f 17/2/2 31/48/37 2119/6/5
usemtl Light
f 899/803/587 901/810/587 900/817/585
f 903/1010/1297 905/1013/1297 904/1011/1297
f 908/1030/1298 910/1035/1298 909/1032/1298
f 912/1051/1299 914/1056/1299 913/1053/593
f 915/845/601 917/850/601 916/854/600
f 920/801/603 922/974/603 921/802/603
f 923/987/1300 925/989/1300 924/988/1300
f 928/1002/1301 930/1008/1301 929/1004/1301
f 932/1024/614 934/1029/614 933/1025/616
f 935/1047/618 937/1044/618 936/1042/618
f 940/1062/623 942/859/623 941/1064/623
f 943/821/625 945/814/625 944/829/625
f 948/979/630 950/985/630 949/980/630
f 952/995/634 954/1000/634 953/996/636
f 955/1018/640 957/1016/640 956/1014/638
f 959/1033/642 961/1037/642 960/1034/642
f 963/1054/647 965/1057/647 964/1055/1302
f 967/837/649 969/844/649 968/843/650
f 972/793/653 974/977/653 973/971/652
f 975/990/655 977/992/655 976/991/655
f 979/1009/659 981/1007/659 980/1005/659
f 984/1027/665 986/1031/665 985/1028/665
f 987/1045/673 989/1048/673 988/1046/670
f 991/856/675 993/862/675 992/1065/675
f 996/819/682 998/807/682 997/806/682
f 1000/982/684 1002/986/684 1001/984/684
f 1003/1001/688 1005/999/688 1004/997/688
f 1008/1017/689 1010/1021/689 1009/1019/691
f 1011/1038/693 1013/1040/693 1012/1039/693
f 1016/1059/697 1018/1063/697 1017/1060/698
f 1020/835/700 1022/827/700 1021/836/700
f 1024/973/1303 1026/978/1303 1025/976/1304
f 21/1099/31 1351/1324/1031 35/40/31
f 49/1103/80 1355/215/1032 63/123/80
f 77/170/112 1359/1312/1033 91/403/112
f 119/198/137 1360/1279/1036 1363/1320/1036
f 147/260/164 1364/648/1037 1367/480/1037
f 161/300/190 1371/1307/1038 175/1199/190
f 189/434/217 1375/1318/1039 203/342/217
f 231/378/244 1376/1288/1042 1379/1329/1042
f 245/34/269 1383/1306/1043 259/409/269
f 287/478/292 1384/1292/1044 1387/1316/1044
f 316/283/318 1388/1295/1045 1391/1327/1045
f 330/518/342 1395/66/1047 344/94/1048
f 358/642/366 1399/1315/1049 372/556/366
f 400/598/404 1400/1301/1050 1403/1323/1050
f 428/632/430 1404/534/1051 1407/298/1051
f 442/190/442 1411/1310/1053 9/287/1054
f 1412/1272/1031 1414/1324/1031 1413/1322/1031
f 1417/445/1032 1419/216/1032 1418/215/1032
f 1420/1275/1033 1422/1312/1033 1421/1309/1033
f 1424/1278/1036 1426/1320/1036 1425/1319/1036
f 1429/648/1037 1431/481/1037 1430/480/1037
f 1433/1282/1038 1435/1311/1038 1434/1307/1038
f 1437/1285/1039 1439/1286/1039 1438/1318/1039
f 1440/1287/1042 1442/1328/1042 1441/1288/1042
f 1445/120/1043 1447/1290/1043 1446/1306/1043
f 1449/1292/1044 1451/1317/1044 1450/1316/1044
f 1453/1325/1045 1455/1296/1045 1454/1327/1045
f 1456/169/1047 1458/66/1047 1457/256/1047
f 1460/1297/1049 1462/1315/1049 1461/1313/1049
f 1464/1300/1050 1466/1323/1050 1465/1321/1050
f 1468/408/1051 1470/298/1051 1469/629/1051
f 1472/1303/1053 1474/1310/1053 1473/1308/1053
f 1604/1330/1062 1606/1333/1062 1605/1436/1062
f 1608/1334/1064 1610/1337/1064 1609/1335/1064
f 1613/645/1066 1615/579/1066 1614/578/1066
f 1617/307/1069 1619/193/1069 1618/192/1069
f 1620/1338/1071 1622/1341/1071 1621/1424/1071
f 1624/1342/1074 1626/1345/1074 1625/1343/1074
f 1629/1433/1076 1631/1435/1076 1630/1349/1076
f 1632/1350/1079 1634/1353/1079 1633/1351/1079
f 1637/1445/1081 1639/1356/1081 1638/1357/1081
f 1640/414/1084 1642/384/1084 1641/452/1084
f 1645/51/1086 1647/1358/1086 1646/1359/1086
f 1648/1360/1305 1650/1363/1088 1649/1361/1088
f 1652/1364/1092 1654/1367/1092 1653/1365/1092
f 1656/1368/1093 1658/1371/1093 1657/1369/1093
f 1660/1372/1095 1662/1375/1095 1661/1441/1095
f 1664/559/1098 1666/521/1098 1665/608/1098
f 1669/233/1100 1671/102/1100 1670/101/1100
f 1673/1377/1103 1675/1378/1103 1674/1426/1103
f 1677/1381/1105 1679/1382/1105 1678/1383/1105
f 1681/1385/1108 1683/1386/1108 1682/1387/1108
f 1684/1388/1112 1686/1391/1112 1685/1389/1112
f 1688/1392/1113 1690/1395/1113 1689/1393/1113
f 1693/394/1115 1695/318/1115 1694/317/1115
f 1697/1397/1117 1699/1425/1117 1698/1399/1117
f 1700/1400/1119 1702/1403/1119 1701/1401/1119
f 1704/1404/1122 1706/1407/1122 1705/1405/1122
f 1708/1408/1124 1710/1411/1124 1709/1409/1124
f 1712/1412/1126 1714/1415/1126 1713/1442/1126
f 1717/550/1128 1719/463/1128 1718/462/1128
f 1721/144/1130 1723/5/1130 1722/4/1130
f 1724/1416/1132 1726/1419/1132 1725/1427/1132
f 1728/1420/1134 1730/1423/1134 1729/1421/1134
f 1737/1597/1137 1865/31/1138 1733/1532/1138
f 1740/1568/1140 1862/22/1137 1870/543/1140
f 1737/1597/1137 1871/68/1140 1864/494/1137
f 1745/1599/1141 1871/68/1140 1741/1598/1140
f 1748/1573/1144 1872/71/1141 1877/114/1144
f 1878/1600/1144 1873/78/1141 1745/1599/1141
f 1753/1533/1145 1749/313/1144 1878/1600/1144
f 1752/1539/1145 1756/165/1148 1885/1519/1148
f 1757/1524/1148 1881/134/1145 1753/1533/1145
f 1761/1509/1149 1886/214/1148 1757/1524/1148
f 1764/1500/1153 1889/596/1149 1892/212/1153
f 1765/1502/1153 1888/183/1149 1761/1509/1149
f 1765/1502/1153 1896/43/1152 1893/42/1153
f 1772/1471/1157 1897/243/1152 1900/1559/1157
f 1769/1490/1152 1901/257/1157 1896/43/1152
f 1905/1462/1158 1901/257/1157 1773/1478/1157
f 1908/1466/1161 1776/344/1158 1780/293/1161
f 1781/1463/1161 1777/296/1158 1905/1462/1158
f 1781/1463/1161 1915/635/1162 1909/297/1161
f 1788/1616/1166 1784/221/1162 1916/585/1166
f 1789/1603/1166 1915/635/1162 1785/1602/1162
f 1793/1605/1165 1917/139/1166 1789/1603/1166
f 1796/1584/1169 1922/74/1165 1924/477/1169
f 1797/1606/1169 1923/558/1165 1793/1605/1165
f 1797/1606/1169 1930/405/1170 1925/377/1169
f 1800/1585/1170 1804/332/1173 1932/1535/1173
f 1933/1530/1173 1930/405/1170 1801/1607/1170
f 1938/1520/1174 1805/284/1173 1933/1530/1173
f 1940/1508/1176 1809/285/1174 1938/1520/1174
f 1937/1518/1174 1812/174/1176 1941/1510/1176
f 1945/1499/1177 1813/125/1176 1940/1508/1176
f 1949/1489/1180 1817/126/1177 1945/1499/1177
f 1816/1494/1177 1951/492/1180 1820/1491/1180
f 1825/1476/1181 1821/1543/1180 1949/1489/1180
f 1829/1477/1185 1953/506/1181 1825/1476/1181
f 1824/1470/1181 1959/1670/1185 1828/1468/1185
f 1829/1460/1185 1833/262/1184 1957/544/1185
f 1966/1608/1189 1832/304/1184 1836/1551/1189
f 1961/1461/1184 1837/263/1189 1833/262/1184
f 1969/1610/1188 1837/263/1189 1967/1615/1189
f 1974/1622/1193 1840/130/1188 1844/129/1193
f 1969/1610/1188 1845/65/1193 1841/64/1188
f 1975/1611/1193 1849/1558/1192 1845/65/1193
f 1981/1628/1197 1848/601/1192 1852/1562/1197
f 1977/1624/1192 1853/1546/1197 1849/1558/1192
f 1984/1531/1196 1853/1546/1197 1982/1629/1197
f 1985/1536/1196 1863/520/1138 1732/1617/1138
f 1733/1532/1138 1857/636/1196 1984/1531/1196
f 1990/1526/1306 1995/1563/1307 1991/1522/1306
f 1994/1565/1307 1999/1566/1308 1995/1563/1307
f 1998/1567/1308 2003/1571/1309 1999/1566/1308
f 2002/1570/1309 2007/1627/1310 2003/1571/1309
f 2007/1627/1310 2010/1528/1311 2011/1632/1311
f 2010/1528/1311 2015/1514/1312 2011/1632/1311
f 2014/1517/1312 2019/1515/1313 2015/1514/1312
f 2018/1506/1313 2023/1495/1314 2019/1515/1313
f 2022/1498/1314 2027/1484/1315 2023/1495/1314
f 2026/1487/1315 2031/1474/1316 2027/1484/1315
f 2030/1481/1316 2035/1475/1317 2031/1474/1316
f 2034/1458/1317 2039/1455/1318 2035/1475/1317
f 2038/1448/1318 2043/1452/1319 2039/1455/1318
f 2042/1447/1319 2047/1577/1320 2043/1452/1319
f 2046/1576/1320 2051/1581/1321 2047/1577/1320
f 2051/1581/1321 2054/1580/1322 2055/1626/1322
f 2054/1580/1322 2059/1582/1323 2055/1626/1322
f 2058/1586/1323 2063/1540/1324 2059/1582/1323
f 2063/1540/1324 2066/1516/1325 2067/1512/1325
f 2067/1512/1325 2070/1505/1326 2071/1513/1326
f 2071/1513/1326 2074/1501/1327 2075/1496/1327
f 2075/1496/1327 2078/1485/1328 2079/1497/1328
f 2078/1485/1328 2083/1483/1329 2079/1497/1328
f 2083/1483/1329 2086/1479/1330 2087/1473/1330
f 2086/1457/1330 2091/1449/1331 2087/1453/1330
f 2091/1449/1331 2094/1618/1332 2095/1450/1332
f 2095/1450/1332 2098/1621/1333 2099/1619/1333
f 2099/1619/1333 2102/1591/1334 2103/1620/1334
f 2102/1591/1334 2107/1594/1335 2103/1620/1334
f 2106/1630/1335 2111/1541/1336 2107/1594/1335
f 2111/1541/1336 2114/1527/1337 2115/1521/1337
f 2115/1521/1337 1990/1526/1306 1991/1522/1306
f 899/803/587 902/789/587 901/810/587
f 903/1010/1297 906/1015/1574 905/1013/1297
f 908/1030/1298 907/1036/592 910/1035/1298
f 912/1051/1299 911/1050/1575 914/1056/1299
f 915/845/601 918/840/601 917/850/601
f 920/801/603 919/786/603 922/974/603
f 923/987/1300 926/993/1300 925/989/1300
f 928/1002/1301 927/1006/1301 930/1008/1301
f 932/1024/614 931/1023/614 934/1029/614
f 935/1047/618 938/1049/620 937/1044/618
f 940/1062/623 939/1066/1576 942/859/623
f 943/821/625 946/815/625 945/814/625
f 948/979/630 947/983/628 950/985/630
f 952/995/634 951/998/634 954/1000/634
f 955/1018/640 958/1020/640 957/1016/640
f 959/1033/642 962/1041/642 961/1037/642
f 963/1054/647 966/1061/647 965/1057/647
f 967/837/649 970/833/649 969/844/649
f 972/793/653 971/975/1577 974/977/653
f 975/990/655 978/994/655 977/992/655
f 979/1009/659 982/1012/662 981/1007/659
f 984/1027/665 983/1026/665 986/1031/665
f 987/1045/673 990/1052/1578 989/1048/673
f 991/856/675 994/852/677 993/862/675
f 996/819/682 995/812/682 998/807/682
f 1000/982/684 999/981/684 1002/986/684
f 1003/1001/688 1006/1003/687 1005/999/688
f 1008/1017/689 1007/1022/1579 1010/1021/689
f 1011/1038/693 1014/1043/693 1013/1040/693
f 1016/1059/697 1015/1058/1580 1018/1063/697
f 1020/835/700 1019/830/701 1022/827/700
f 1024/973/1303 1023/972/703 1026/978/1303
f 21/1099/31 1348/1273/1031 1351/1324/1031
f 49/1103/80 1352/445/1032 1355/215/1032
f 77/170/112 1356/1276/1033 1359/1312/1033
f 119/198/137 105/1115/1034 1360/1279/1036
f 147/260/164 133/1119/164 1364/648/1037
f 161/300/190 1368/1282/1038 1371/1307/1038
f 189/434/217 1372/1285/1039 1375/1318/1039
f 231/378/244 217/249/1040 1376/1288/1042
f 245/34/269 1380/120/1043 1383/1306/1043
f 287/478/292 273/446/292 1384/1292/1044
f 316/283/318 301/1203/318 1388/1295/1045
f 330/518/342 1392/256/1047 1395/66/1047
f 358/642/366 1396/1298/1049 1399/1315/1049
f 400/598/404 386/528/404 1400/1301/1050
f 428/632/430 414/399/430 1404/534/1051
f 442/190/442 1408/1304/1053 1411/1310/1053
f 1412/1272/1031 1415/1274/1031 1414/1324/1031
f 1417/445/1032 1416/340/1032 1419/216/1032
f 1420/1275/1033 1423/1277/1033 1422/1312/1033
f 1424/1278/1036 1427/1280/1036 1426/1320/1036
f 1429/648/1037 1428/597/1037 1431/481/1037
f 1433/1282/1038 1432/1281/1038 1435/1311/1038
f 1437/1285/1039 1436/1284/1039 1439/1286/1039
f 1440/1287/1042 1443/1289/1042 1442/1328/1042
f 1445/120/1043 1444/121/1043 1447/1290/1043
f 1449/1292/1044 1448/1291/1044 1451/1317/1044
f 1453/1325/1045 1452/1294/1045 1455/1296/1045
f 1456/169/1047 1459/67/1047 1458/66/1047
f 1460/1297/1049 1463/1299/1049 1462/1315/1049
f 1464/1300/1050 1467/1326/1050 1466/1323/1050
f 1468/408/1051 1471/299/1051 1470/298/1051
f 1472/1303/1053 1475/1314/1053 1474/1310/1053
f 1604/1330/1062 1607/1437/1062 1606/1333/1062
f 1608/1334/1064 1611/1443/1064 1610/1337/1064
f 1613/645/1066 1612/616/1066 1615/579/1066
f 1617/307/1069 1616/267/1069 1619/193/1069
f 1620/1338/1071 1623/1428/1071 1622/1341/1071
f 1624/1342/1074 1627/1431/1074 1626/1345/1074
f 1629/1433/1076 1628/1346/1076 1631/1435/1076
f 1632/1350/1079 1635/1352/1079 1634/1353/1079
f 1637/1445/1081 1636/1354/1081 1639/1356/1081
f 1640/414/1084 1643/385/1084 1642/384/1084
f 1645/51/1086 1644/50/1086 1647/1358/1086
f 1648/1360/1305 1651/1429/1305 1650/1363/1088
f 1652/1364/1092 1655/1432/1092 1654/1367/1092
f 1656/1368/1093 1659/1438/1093 1658/1371/1093
f 1660/1372/1095 1663/1444/1095 1662/1375/1095
f 1664/559/1098 1667/522/1098 1666/521/1098
f 1669/233/1100 1668/155/1100 1671/102/1100
f 1673/1377/1103 1672/1376/1103 1675/1378/1103
f 1677/1381/1105 1676/1380/1105 1679/1382/1105
f 1681/1385/1108 1680/1384/1108 1683/1386/1108
f 1684/1388/1112 1687/1440/1110 1686/1391/1112
f 1688/1392/1113 1691/1394/1113 1690/1395/1113
f 1693/394/1115 1692/354/1115 1695/318/1115
f 1697/1397/1117 1696/1396/1117 1699/1425/1117
f 1700/1400/1119 1703/1430/1119 1702/1403/1119
f 1704/1404/1122 1707/1434/1122 1706/1407/1122
f 1708/1408/1124 1711/1439/1124 1710/1411/1124
f 1712/1412/1126 1715/1446/1126 1714/1415/1126
f 1717/550/1128 1716/514/1128 1719/463/1128
f 1721/144/1130 1720/90/1130 1723/5/1130
f 1724/1416/1132 1727/1418/1132 1726/1419/1132
f 1728/1420/1134 1731/1422/1134 1730/1423/1134
f 1737/1597/1137 1864/494/1137 1865/31/1138
f 1740/1568/1140 1736/1564/1137 1862/22/1137
f 1737/1597/1137 1741/1598/1140 1871/68/1140
f 1745/1599/1141 1873/78/1141 1871/68/1140
f 1748/1573/1144 1744/1569/1141 1872/71/1141
f 1878/1600/1144 1749/313/1144 1873/78/1141
f 1753/1533/1145 1881/134/1145 1749/313/1144
f 1752/1539/1145 1880/1561/1145 1756/165/1148
f 1757/1524/1148 1886/214/1148 1881/134/1145
f 1761/1509/1149 1888/183/1149 1886/214/1148
f 1764/1500/1153 1760/1511/1149 1889/596/1149
f 1765/1502/1153 1893/42/1153 1888/183/1149
f 1765/1502/1153 1769/1490/1152 1896/43/1152
f 1772/1471/1157 1768/1493/1152 1897/243/1152
f 1769/1490/1152 1773/1478/1157 1901/257/1157
f 1905/1462/1158 1777/296/1158 1901/257/1157
f 1908/1466/1161 1907/1467/1158 1776/344/1158
f 1781/1463/1161 1909/297/1161 1777/296/1158
f 1781/1463/1161 1785/1602/1162 1915/635/1162
f 1788/1616/1166 1914/1575/1162 1784/221/1162
f 1789/1603/1166 1917/139/1166 1915/635/1162
f 1793/1605/1165 1923/558/1165 1917/139/1166
f 1796/1584/1169 1792/1579/1165 1922/74/1165
f 1797/1606/1169 1925/377/1169 1923/558/1165
f 1797/1606/1169 1801/1607/1170 1930/405/1170
f 1800/1585/1170 1929/402/1170 1804/332/1173
f 1933/1530/1173 1805/284/1173 1930/405/1170
f 1938/1520/1174 1809/285/1174 1805/284/1173
f 1940/1508/1176 1813/125/1176 1809/285/1174
f 1937/1518/1174 1808/1553/1174 1812/174/1176
f 1945/1499/1177 1817/126/1177 1813/125/1176
f 1949/1489/1180 1821/1543/1180 1817/126/1177
f 1816/1494/1177 1944/173/1177 1951/492/1180
f 1825/1476/1181 1953/506/1181 1821/1543/1180
f 1829/1477/1185 1957/516/1185 1953/506/1181
f 1824/1470/1181 1952/443/1181 1959/1670/1185
f 1829/1460/1185 1961/1461/1184 1833/262/1184
f 1966/1608/1189 1960/1464/1184 1832/304/1184
f 1961/1461/1184 1967/1615/1189 1837/263/1189
f 1969/1610/1188 1841/64/1188 1837/263/1189
f 1974/1622/1193 1968/1588/1188 1840/130/1188
f 1969/1610/1188 1975/1611/1193 1845/65/1193
f 1975/1611/1193 1977/1624/1192 1849/1558/1192
f 1981/1628/1197 1976/1592/1192 1848/601/1192
f 1977/1624/1192 1982/1629/1197 1853/1546/1197
f 1984/1531/1196 1857/636/1196 1853/1546/1197
f 1985/1536/1196 1856/1555/1196 1863/520/1138
f 1733/1532/1138 1865/31/1138 1857/636/1196
f 1990/1526/1306 1994/1565/1307 1995/1563/1307
f 1994/1565/1307 1998/1567/1308 1999/1566/1308
f 1998/1567/1308 2002/1570/1309 2003/1571/1309
f 2002/1570/1309 2006/1572/1310 2007/1627/1310
f 2007/1627/1310 2006/1572/1310 2010/1528/1311
f 2010/1528/1311 2014/1517/1312 2015/1514/1312
f 2014/1517/1312 2018/1506/1313 2019/1515/1313
f 2018/1506/1313 2022/1498/1314 2023/1495/1314
f 2022/1498/1314 2026/1487/1315 2027/1484/1315
f 2026/1487/1315 2030/1481/1316 2031/1474/1316
f 2030/1481/1316 2034/1458/1317 2035/1475/1317
f 2034/1458/1317 2038/1448/1318 2039/1455/1318
f 2038/1448/1318 2042/1447/1319 2043/1452/1319
f 2042/1447/1319 2046/1576/1320 2047/1577/1320
f 2046/1576/1320 2050/1625/1321 2051/1581/1321
f 2051/1581/1321 2050/1625/1321 2054/1580/1322
f 2054/1580/1322 2058/1586/1323 2059/1582/1323
f 2058/1586/1323 2062/1525/1324 2063/1540/1324
f 2063/1540/1324 2062/1525/1324 2066/1516/1325
f 2067/1512/1325 2066/1516/1325 2070/1505/1326
f 2071/1513/1326 2070/1505/1326 2074/1501/1327
f 2075/1496/1327 2074/1501/1327 2078/1485/1328
f 2078/1485/1328 2082/1480/1329 2083/1483/1329
f 2083/1483/1329 2082/1480/1329 2086/1479/1330
f 2086/1457/1330 2090/1456/1331 2091/1449/1331
f 2091/1449/1331 2090/1456/1331 2094/1618/1332
f 2095/1450/1332 2094/1618/1332 2098/1621/1333
f 2099/1619/1333 2098/1621/1333 2102/1591/1334
f 2102/1591/1334 2106/1630/1335 2107/1594/1335
f 2106/1630/1335 2110/1596/1336 2111/1541/1336
f 2111/1541/1336 2110/1596/1336 2114/1527/1337
f 2115/1521/1337 2114/1527/1337 1990/1526/1306
usemtl Material.001
f 453/1671/1338 459/1672/1339 460/1673/1340
f 453/1671/1338 461/1674/1341 454/1675/1342
f 454/1675/1342 462/1676/1343 455/1677/1344
f 456/731/1345 462/1676/1343 463/727/1346
f 450/1678/1347 625/1679/9 457/1680/1348
f 451/1681/1349 457/1680/1348 458/1682/1350
f 451/1681/1349 459/1672/1339 452/1683/1351
f 458/1682/1350 467/1684/1352 459/1672/1339
f 459/1672/1339 468/1685/1353 460/1673/1340
f 461/1674/1341 468/1685/1353 469/1686/1354
f 461/1674/1341 470/1687/1355 462/1676/1343
f 462/1676/1343 471/725/1356 463/727/1346
f 457/1680/1348 625/1679/9 465/1688/1357
f 458/1682/1350 465/1688/1357 466/1689/1358
f 471/725/1356 478/1690/1359 479/703/1360
f 465/1688/1357 625/1679/9 473/1691/1361
f 466/1689/1358 473/1691/1361 474/1692/1362
f 467/1684/1352 474/1692/1362 475/1693/1363
f 468/1685/1353 475/1693/1363 476/1694/1364
f 469/1686/1354 476/1694/1364 477/1695/1365
f 469/1686/1354 478/1690/1359 470/1687/1355
f 475/1693/1363 484/1696/1366 476/1694/1364
f 476/1694/1364 485/1697/1367 477/1695/1365
f 477/1695/1365 486/1698/1368 478/1690/1359
f 479/703/1360 486/1698/1368 487/701/1369
f 473/1691/1361 625/1679/9 481/1699/1370
f 473/1691/1361 482/1700/1371 474/1692/1362
f 474/1692/1362 483/1701/1372 475/1693/1363
f 481/1699/1370 625/1679/9 489/1702/1373
f 481/1699/1370 490/1703/1374 482/1700/1371
f 483/1701/1372 490/1703/1374 491/1704/1375
f 483/1701/1372 492/1705/1376 484/1696/1366
f 484/1696/1366 493/1706/1377 485/1697/1367
f 486/1698/1368 493/1706/1377 494/1707/1378
f 486/1698/1368 495/678/1379 487/701/1369
f 491/1704/1375 500/1708/1380 492/1705/1376
f 492/1705/1376 501/1709/1381 493/1706/1377
f 494/1707/1378 501/1709/1381 502/1710/1382
f 494/1707/1378 503/676/1383 495/678/1379
f 489/1702/1373 625/1679/9 497/1711/1384
f 490/1703/1374 497/1711/1384 498/1712/1385
f 491/1704/1375 498/1712/1385 499/1713/1386
f 497/1711/1384 625/1679/9 505/1714/1387
f 497/1711/1384 506/1715/1388 498/1712/1385
f 498/1712/1385 507/1716/1389 499/1713/1386
f 499/1713/1386 508/1717/1390 500/1708/1380
f 500/1708/1380 509/1718/1391 501/1709/1381
f 502/1710/1382 509/1718/1391 510/1719/1392
f 503/676/1383 510/1719/1392 511/699/1393
f 508/1717/1390 517/1720/1394 509/1718/1391
f 509/1718/1391 518/1721/1395 510/1719/1392
f 510/1719/1392 519/741/1396 511/699/1393
f 505/1714/1387 625/1679/9 513/1722/1397
f 506/1715/1388 513/1722/1397 514/1723/1398
f 507/1716/1389 514/1723/1398 515/1724/1399
f 507/1716/1389 516/1725/1400 508/1717/1390
f 513/1722/1397 522/1726/1401 514/1723/1398
f 514/1723/1398 523/1727/1402 515/1724/1399
f 516/1725/1400 523/1727/1402 524/1728/1403
f 517/1720/1394 524/1728/1403 525/1729/1404
f 518/1721/1395 525/1729/1404 526/1730/1405
f 519/741/1396 526/1730/1405 527/739/1406
f 513/1722/1397 625/1679/9 521/1731/1407
f 525/1729/1404 534/1732/1408 526/1730/1405
f 526/1730/1405 535/717/1409 527/739/1406
f 521/1731/1407 625/1679/9 529/1733/1410
f 522/1726/1401 529/1733/1410 530/1734/1411
f 523/1727/1402 530/1734/1411 531/1735/1412
f 523/1727/1402 532/1736/1413 524/1728/1403
f 525/1729/1404 532/1736/1413 533/1737/1414
f 530/1734/1411 537/1738/1415 538/1739/1416
f 531/1735/1412 538/1739/1416 539/1740/1417
f 531/1735/1412 540/1741/1418 532/1736/1413
f 533/1737/1414 540/1741/1418 541/1742/1419
f 533/1737/1414 542/1743/1420 534/1732/1408
f 535/717/1409 542/1743/1420 543/715/1421
f 529/1733/1410 625/1679/9 537/1738/1415
f 541/1742/1419 550/1744/1422 542/1743/1420
f 543/715/1421 550/1744/1422 551/698/1423
f 537/1738/1415 625/1679/9 545/1745/1424
f 537/1738/1415 546/1746/1425 538/1739/1416
f 538/1739/1416 547/1747/1426 539/1740/1417
f 539/1740/1417 548/1748/1427 540/1741/1418
f 541/1742/1419 548/1748/1427 549/1749/1428
f 547/1747/1426 554/1750/1429 555/1751/1430
f 548/1748/1427 555/1751/1430 556/1752/1431
f 548/1748/1427 557/1753/1432 549/1749/1428
f 550/1744/1422 557/1753/1432 558/1754/1433
f 550/1744/1422 559/696/1434 551/698/1423
f 545/1745/1424 625/1679/9 553/1755/1435
f 546/1746/1425 553/1755/1435 554/1750/1429
f 558/1754/1433 567/672/1436 559/696/1434
f 553/1755/1435 625/1679/9 561/1756/1437
f 553/1755/1435 562/1757/1438 554/1750/1429
f 555/1751/1430 562/1757/1438 563/1758/1439
f 555/1751/1430 564/1759/1440 556/1752/1431
f 556/1752/1431 565/1760/1441 557/1753/1432
f 558/1754/1433 565/1760/1441 566/1761/1442
f 562/1757/1438 571/1762/1443 563/1758/1439
f 563/1758/1439 572/1763/1444 564/1759/1440
f 564/1759/1440 573/1764/1445 565/1760/1441
f 566/1761/1442 573/1764/1445 574/1765/1446
f 566/1761/1442 575/670/1447 567/672/1436
f 561/1756/1437 625/1679/9 569/1766/1448
f 561/1756/1437 570/1767/1449 562/1757/1438
f 574/1765/1446 583/713/1450 575/670/1447
f 569/1766/1448 625/1679/9 577/1768/1451
f 570/1767/1449 577/1768/1451 578/1769/1452
f 571/1762/1443 578/1769/1452 579/1770/1453
f 571/1762/1443 580/1771/1454 572/1763/1444
f 572/1763/1444 581/1772/1455 573/1764/1445
f 573/1764/1445 582/1773/1456 574/1765/1446
f 580/1771/1454 587/1774/1457 588/1775/1458
f 581/1772/1455 588/1775/1458 589/1776/1459
f 582/1773/1456 589/1776/1459 590/1777/1460
f 583/713/1450 590/1777/1460 591/658/1461
f 577/1768/1451 625/1679/9 585/1778/1462
f 577/1768/1451 586/1779/1463 578/1769/1452
f 578/1769/1452 587/1774/1457 579/1770/1453
f 585/1778/1462 625/1679/9 593/1780/1464
f 586/1779/1463 593/1780/1464 594/1781/1465
f 586/1779/1463 595/1782/1466 587/1774/1457
f 587/1774/1457 596/1783/1467 588/1775/1458
f 588/1775/1458 597/1784/1468 589/1776/1459
f 589/1776/1459 598/1785/1469 590/1777/1460
f 591/658/1461 598/1785/1469 599/767/1470
f 597/1784/1468 604/1786/1471 605/1787/1472
f 598/1785/1469 605/1787/1472 606/1788/1473
f 599/767/1470 606/1788/1473 607/766/1474
f 593/1780/1464 625/1679/9 601/1789/1475
f 594/1781/1465 601/1789/1475 602/1790/1476
f 595/1782/1466 602/1790/1476 603/1791/1477
f 595/1782/1466 604/1786/1471 596/1783/1467
f 601/1789/1475 625/1679/9 609/1792/1478
f 601/1789/1475 610/1793/1479 602/1790/1476
f 602/1790/1476 611/1794/1480 603/1791/1477
f 603/1791/1477 612/1795/1481 604/1786/1471
f 605/1787/1472 612/1795/1481 613/1796/1482
f 605/1787/1472 614/1797/1483 606/1788/1473
f 607/766/1474 614/1797/1483 615/749/1484
f 609/1792/1478 625/1679/9 617/1798/1485
f 612/1795/1481 619/1799/1486 620/1800/1487
f 610/1793/1479 617/1798/1485 618/1801/1488
f 612/1795/1481 621/1802/1489 613/1796/1482
f 611/1794/1480 618/1801/1488 619/1799/1486
f 614/1797/1483 621/1802/1489 622/1803/1490
f 614/1797/1483 623/745/1491 615/749/1484
f 619/1799/1486 629/1804/1492 620/1800/1487
f 620/1800/1487 630/1805/1493 621/1802/1489
f 622/1803/1490 630/1805/1493 631/1806/1494
f 622/1803/1490 632/855/1495 623/745/1491
f 617/1798/1485 625/1679/9 626/1807/1496
f 617/1798/1485 627/1808/1497 618/1801/1488
f 618/1801/1488 628/1809/1498 619/1799/1486
f 626/1807/1496 625/1679/9 634/1810/1499
f 626/1807/1496 635/1811/1500 627/1808/1497
f 628/1809/1498 635/1811/1500 636/1812/1501
f 628/1809/1498 637/1813/1502 629/1804/1492
f 630/1805/1493 637/1813/1502 638/1814/1503
f 631/1806/1494 638/1814/1503 639/1815/1504
f 631/1806/1494 640/675/1505 632/855/1495
f 637/1813/1502 649/1816/1506 638/1814/1503
f 638/1814/1503 650/1817/1507 639/1815/1504
f 639/1815/1504 651/673/1508 640/675/1505
f 634/1810/1499 625/1679/9 645/1818/1509
f 634/1810/1499 646/1819/1510 635/1811/1500
f 636/1812/1501 646/1819/1510 647/1820/1511
f 636/1812/1501 648/1821/1512 637/1813/1502
f 646/1819/1510 660/1822/1513 661/1823/1514
f 646/1819/1510 662/1824/1515 647/1820/1511
f 648/1821/1512 662/1824/1515 663/1825/1516
f 649/1816/1506 663/1825/1516 664/1826/1517
f 650/1817/1507 664/1826/1517 665/1827/1518
f 651/673/1508 665/1827/1518 666/799/1519
f 645/1818/1509 625/1679/9 660/1822/1513
f 664/1826/1517 680/1828/1520 665/1827/1518
f 666/799/1519 680/1828/1520 681/744/1521
f 660/1822/1513 625/1679/9 675/1829/1522
f 661/1823/1514 675/1829/1522 676/1830/1523
f 661/1823/1514 677/1831/1524 662/1824/1515
f 663/1825/1516 677/1831/1524 678/1832/1525
f 663/1825/1516 679/1833/1526 664/1826/1517
f 675/1829/1522 691/1834/1527 676/1830/1523
f 676/1830/1523 692/1835/1528 677/1831/1524
f 677/1831/1524 693/1836/1529 678/1832/1525
f 679/1833/1526 693/1836/1529 694/1837/1530
f 680/1828/1520 694/1837/1530 695/1838/1531
f 680/1828/1520 696/742/1532 681/744/1521
f 675/1829/1522 625/1679/9 690/1839/1533
f 695/1838/1531 709/1840/1534 710/1841/1535
f 696/742/1532 710/1841/1535 711/823/1536
f 690/1839/1533 625/1679/9 705/1842/1537
f 691/1834/1527 705/1842/1537 706/1843/1538
f 692/1835/1528 706/1843/1538 707/1844/1539
f 692/1835/1528 708/1845/1540 693/1836/1529
f 694/1837/1530 708/1845/1540 709/1840/1534
f 706/1843/1538 722/1846/1541 707/1844/1539
f 707/1844/1539 723/1847/1542 708/1845/1540
f 708/1845/1540 724/1848/1543 709/1840/1534
f 709/1840/1534 725/1849/1544 710/1841/1535
f 711/823/1536 725/1849/1544 726/759/1545
f 705/1842/1537 625/1679/9 720/1850/1546
f 705/1842/1537 721/1851/1547 706/1843/1538
f 726/759/1545 740/1852/1548 741/694/1549
f 720/1850/1546 625/1679/9 735/1853/1550
f 721/1851/1547 735/1853/1550 736/1854/1551
f 721/1851/1547 737/1855/1552 722/1846/1541
f 723/1847/1542 737/1855/1552 738/1856/1553
f 724/1848/1543 738/1856/1553 739/1857/1554
f 724/1848/1543 740/1852/1548 725/1849/1544
f 737/1855/1552 751/1858/1555 752/1859/1556
f 738/1856/1553 752/1859/1556 753/1860/1557
f 739/1857/1554 753/1860/1557 754/1861/1558
f 740/1852/1548 754/1861/1558 755/1862/1559
f 741/694/1549 755/1862/1559 756/655/1560
f 735/1853/1550 625/1679/9 750/1863/1561
f 736/1854/1551 750/1863/1561 751/1858/1555
f 756/655/1560 455/1677/1344 456/731/1345
f 750/1863/1561 625/1679/9 450/1678/1347
f 750/1863/1561 451/1681/1349 751/1858/1555
f 752/1859/1556 451/1681/1349 452/1683/1351
f 752/1859/1556 453/1671/1338 753/1860/1557
f 754/1861/1558 453/1671/1338 454/1675/1342
f 755/1862/1559 454/1675/1342 455/1677/1344
f 453/1671/1338 452/1683/1351 459/1672/1339
f 453/1671/1338 460/1673/1340 461/1674/1341
f 454/1675/1342 461/1674/1341 462/1676/1343
f 456/731/1345 455/1677/1344 462/1676/1343
f 451/1681/1349 450/1678/1347 457/1680/1348
f 451/1681/1349 458/1682/1350 459/1672/1339
f 458/1682/1350 466/1689/1358 467/1684/1352
f 459/1672/1339 467/1684/1352 468/1685/1353
f 461/1674/1341 460/1673/1340 468/1685/1353
f 461/1674/1341 469/1686/1354 470/1687/1355
f 462/1676/1343 470/1687/1355 471/725/1356
f 458/1682/1350 457/1680/1348 465/1688/1357
f 471/725/1356 470/1687/1355 478/1690/1359
f 466/1689/1358 465/1688/1357 473/1691/1361
f 467/1684/1352 466/1689/1358 474/1692/1362
f 468/1685/1353 467/1684/1352 475/1693/1363
f 469/1686/1354 468/1685/1353 476/1694/1364
f 469/1686/1354 477/1695/1365 478/1690/1359
f 475/1693/1363 483/1701/1372 484/1696/1366
f 476/1694/1364 484/1696/1366 485/1697/1367
f 477/1695/1365 485/1697/1367 486/1698/1368
f 479/703/1360 478/1690/1359 486/1698/1368
f 473/1691/1361 481/1699/1370 482/1700/1371
f 474/1692/1362 482/1700/1371 483/1701/1372
f 481/1699/1370 489/1702/1373 490/1703/1374
f 483/1701/1372 482/1700/1371 490/1703/1374
f 483/1701/1372 491/1704/1375 492/1705/1376
f 484/1696/1366 492/1705/1376 493/1706/1377
f 486/1698/1368 485/1697/1367 493/1706/1377
f 486/1698/1368 494/1707/1378 495/678/1379
f 491/1704/1375 499/1713/1386 500/1708/1380
f 492/1705/1376 500/1708/1380 501/1709/1381
f 494/1707/1378 493/1706/1377 501/1709/1381
f 494/1707/1378 502/1710/1382 503/676/1383
f 490/1703/1374 489/1702/1373 497/1711/1384
f 491/1704/1375 490/1703/1374 498/1712/1385
f 497/1711/1384 505/1714/1387 506/1715/1388
f 498/1712/1385 506/1715/1388 507/1716/1389
f 499/1713/1386 507/1716/1389 508/1717/1390
f 500/1708/1380 508/1717/1390 509/1718/1391
f 502/1710/1382 501/1709/1381 509/1718/1391
f 503/676/1383 502/1710/1382 510/1719/1392
f 508/1717/1390 516/1725/1400 517/1720/1394
f 509/1718/1391 517/1720/1394 518/1721/1395
f 510/1719/1392 518/1721/1395 519/741/1396
f 506/1715/1388 505/1714/1387 513/1722/1397
f 507/1716/1389 506/1715/1388 514/1723/1398
f 507/1716/1389 515/1724/1399 516/1725/1400
f 513/1722/1397 521/1731/1407 522/1726/1401
f 514/1723/1398 522/1726/1401 523/1727/1402
f 516/1725/1400 515/1724/1399 523/1727/1402
f 517/1720/1394 516/1725/1400 524/1728/1403
f 518/1721/1395 517/1720/1394 525/1729/1404
f 519/741/1396 518/1721/1395 526/1730/1405
f 525/1729/1404 533/1737/1414 534/1732/1408
f 526/1730/1405 534/1732/1408 535/717/1409
f 522/1726/1401 521/1731/1407 529/1733/1410
f 523/1727/1402 522/1726/1401 530/1734/1411
f 523/1727/1402 531/1735/1412 532/1736/1413
f 525/1729/1404 524/1728/1403 532/1736/1413
f 530/1734/1411 529/1733/1410 537/1738/1415
f 531/1735/1412 530/1734/1411 538/1739/1416
f 531/1735/1412 539/1740/1417 540/1741/1418
f 533/1737/1414 532/1736/1413 540/1741/1418
f 533/1737/1414 541/1742/1419 542/1743/1420
f 535/717/1409 534/1732/1408 542/1743/1420
f 541/1742/1419 549/1749/1428 550/1744/1422
f 543/715/1421 542/1743/1420 550/1744/1422
f 537/1738/1415 545/1745/1424 546/1746/1425
f 538/1739/1416 546/1746/1425 547/1747/1426
f 539/1740/1417 547/1747/1426 548/1748/1427
f 541/1742/1419 540/1741/1418 548/1748/1427
f 547/1747/1426 546/1746/1425 554/1750/1429
f 548/1748/1427 547/1747/1426 555/1751/1430
f 548/1748/1427 556/1752/1431 557/1753/1432
f 550/1744/1422 549/1749/1428 557/1753/1432
f 550/1744/1422 558/1754/1433 559/696/1434
f 546/1746/1425 545/1745/1424 553/1755/1435
f 558/1754/1433 566/1761/1442 567/672/1436
f 553/1755/1435 561/1756/1437 562/1757/1438
f 555/1751/1430 554/1750/1429 562/1757/1438
f 555/1751/1430 563/1758/1439 564/1759/1440
f 556/1752/1431 564/1759/1440 565/1760/1441
f 558/1754/1433 557/1753/1432 565/1760/1441
f 562/1757/1438 570/1767/1449 571/1762/1443
f 563/1758/1439 571/1762/1443 572/1763/1444
f 564/1759/1440 572/1763/1444 573/1764/1445
f 566/1761/1442 565/1760/1441 573/1764/1445
f 566/1761/1442 574/1765/1446 575/670/1447
f 561/1756/1437 569/1766/1448 570/1767/1449
f 574/1765/1446 582/1773/1456 583/713/1450
f 570/1767/1449 569/1766/1448 577/1768/1451
f 571/1762/1443 570/1767/1449 578/1769/1452
f 571/1762/1443 579/1770/1453 580/1771/1454
f 572/1763/1444 580/1771/1454 581/1772/1455
f 573/1764/1445 581/1772/1455 582/1773/1456
f 580/1771/1454 579/1770/1453 587/1774/1457
f 581/1772/1455 580/1771/1454 588/1775/1458
f 582/1773/1456 581/1772/1455 589/1776/1459
f 583/713/1450 582/1773/1456 590/1777/1460
f 577/1768/1451 585/1778/1462 586/1779/1463
f 578/1769/1452 586/1779/1463 587/1774/1457
f 586/1779/1463 585/1778/1462 593/1780/1464
f 586/1779/1463 594/1781/1465 595/1782/1466
f 587/1774/1457 595/1782/1466 596/1783/1467
f 588/1775/1458 596/1783/1467 597/1784/1468
f 589/1776/1459 597/1784/1468 598/1785/1469
f 591/658/1461 590/1777/1460 598/1785/1469
f 597/1784/1468 596/1783/1467 604/1786/1471
f 598/1785/1469 597/1784/1468 605/1787/1472
f 599/767/1470 598/1785/1469 606/1788/1473
f 594/1781/1465 593/1780/1464 601/1789/1475
f 595/1782/1466 594/1781/1465 602/1790/1476
f 595/1782/1466 603/1791/1477 604/1786/1471
f 601/1789/1475 609/1792/1478 610/1793/1479
f 602/1790/1476 610/1793/1479 611/1794/1480
f 603/1791/1477 611/1794/1480 612/1795/1481
f 605/1787/1472 604/1786/1471 612/1795/1481
f 605/1787/1472 613/1796/1482 614/1797/1483
f 607/766/1474 606/1788/1473 614/1797/1483
f 612/1795/1481 611/1794/1480 619/1799/1486
f 610/1793/1479 609/1792/1478 617/1798/1485
f 612/1795/1481 620/1800/1487 621/1802/1489
f 611/1794/1480 610/1793/1479 618/1801/1488
f 614/1797/1483 613/1796/1482 621/1802/1489
f 614/1797/1483 622/1803/1490 623/745/1491
f 619/1799/1486 628/1809/1498 629/1804/1492
f 620/1800/1487 629/1804/1492 630/1805/1493
f 622/1803/1490 621/1802/1489 630/1805/1493
f 622/1803/1490 631/1806/1494 632/855/1495
f 617/1798/1485 626/1807/1496 627/1808/1497
f 618/1801/1488 627/1808/1497 628/1809/1498
f 626/1807/1496 634/1810/1499 635/1811/1500
f 628/1809/1498 627/1808/1497 635/1811/1500
f 628/1809/1498 636/1812/1501 637/1813/1502
f 630/1805/1493 629/1804/1492 637/1813/1502
f 631/1806/1494 630/1805/1493 638/1814/1503
f 631/1806/1494 639/1815/1504 640/675/1505
f 637/1813/1502 648/1821/1512 649/1816/1506
f 638/1814/1503 649/1816/1506 650/1817/1507
f 639/1815/1504 650/1817/1507 651/673/1508
f 634/1810/1499 645/1818/1509 646/1819/1510
f 636/1812/1501 635/1811/1500 646/1819/1510
f 636/1812/1501 647/1820/1511 648/1821/1512
f 646/1819/1510 645/1818/1509 660/1822/1513
f 646/1819/1510 661/1823/1514 662/1824/1515
f 648/1821/1512 647/1820/1511 662/1824/1515
f 649/1816/1506 648/1821/1512 663/1825/1516
f 650/1817/1507 649/1816/1506 664/1826/1517
f 651/673/1508 650/1817/1507 665/1827/1518
f 664/1826/1517 679/1833/1526 680/1828/1520
f 666/799/1519 665/1827/1518 680/1828/1520
f 661/1823/1514 660/1822/1513 675/1829/1522
f 661/1823/1514 676/1830/1523 677/1831/1524
f 663/1825/1516 662/1824/1515 677/1831/1524
f 663/1825/1516 678/1832/1525 679/1833/1526
f 675/1829/1522 690/1839/1533 691/1834/1527
f 676/1830/1523 691/1834/1527 692/1835/1528
f 677/1831/1524 692/1835/1528 693/1836/1529
f 679/1833/1526 678/1832/1525 693/1836/1529
f 680/1828/1520 679/1833/1526 694/1837/1530
f 680/1828/1520 695/1838/1531 696/742/1532
f 695/1838/1531 694/1837/1530 709/1840/1534
f 696/742/1532 695/1838/1531 710/1841/1535
f 691/1834/1527 690/1839/1533 705/1842/1537
f 692/1835/1528 691/1834/1527 706/1843/1538
f 692/1835/1528 707/1844/1539 708/1845/1540
f 694/1837/1530 693/1836/1529 708/1845/1540
f 706/1843/1538 721/1851/1547 722/1846/1541
f 707/1844/1539 722/1846/1541 723/1847/1542
f 708/1845/1540 723/1847/1542 724/1848/1543
f 709/1840/1534 724/1848/1543 725/1849/1544
f 711/823/1536 710/1841/1535 725/1849/1544
f 705/1842/1537 720/1850/1546 721/1851/1547
f 726/759/1545 725/1849/1544 740/1852/1548
f 721/1851/1547 720/1850/1546 735/1853/1550
f 721/1851/1547 736/1854/1551 737/1855/1552
f 723/1847/1542 722/1846/1541 737/1855/1552
f 724/1848/1543 723/1847/1542 738/1856/1553
f 724/1848/1543 739/1857/1554 740/1852/1548
f 737/1855/1552 736/1854/1551 751/1858/1555
f 738/1856/1553 737/1855/1552 752/1859/1556
f 739/1857/1554 738/1856/1553 753/1860/1557
f 740/1852/1548 739/1857/1554 754/1861/1558
f 741/694/1549 740/1852/1548 755/1862/1559
f 736/1854/1551 735/1853/1550 750/1863/1561
f 756/655/1560 755/1862/1559 455/1677/1344
f 750/1863/1561 450/1678/1347 451/1681/1349
f 752/1859/1556 751/1858/1555 451/1681/1349
f 752/1859/1556 452/1683/1351 453/1671/1338
f 754/1861/1558 753/1860/1557 453/1671/1338
f 755/1862/1559 754/1861/1558 454/1675/1342
